OBJECTID,LAND,BEZ,UJAHR,UMONAT,USTUNDE,UWOCHENTAG,UKATEGORIE,UART,UTYP1,ULICHTVERH,IstRad,IstPKW,IstFuss,IstKrad,IstGkfz,IstSonstige,USTRZUSTAND,LINREFX,LINREFY,XGCSWGS84,YGCSWGS84,,,,
219249,11,3,2021,11,18,2,3,0,3,2,0,1,0,1,0,0,1,800202,742,5829640,204,13,42689483,52,53393955
219248,11,7,2021,12,19,7,3,6,2,2,0,1,1,0,0,0,1,798479,5317,5819049,219,13,39209027,52,43995086
219247,11,4,2021,12,17,4,3,5,2,2,0,1,0,0,0,0,0,793352,6128,5829680,195,13,32624193,52,53802784
219246,11,4,2021,12,15,7,3,5,2,1,0,1,0,1,0,0,1,792950,395,5825362,81,13,31652064,52,49953417
219243,11,11,2021,12,9,5,3,3,6,0,0,1,0,0,0,1,2,807182,1,5825602,793,13,52575163,52,49386714
219241,11,1,2021,12,22,5,3,1,5,2,0,1,0,0,0,0,1,796605,7279,5829088,391,13,37353829,52,53096213
219240,11,10,2021,12,5,1,3,1,5,2,0,1,0,0,0,0,2,812275,3654,5830609,751,13,60523023,52,53584537
219239,11,7,2021,12,20,7,2,5,7,2,0,1,0,0,0,0,2,795262,58,5824374,901,13,34961395,52,48943851
219238,11,1,2021,11,22,3,3,2,6,2,0,1,0,0,0,0,1,797163,3962,5831385,88,13,38378941,52,55124558
219237,11,2,2021,12,7,2,3,6,4,2,0,1,1,0,0,0,0,797529,4622,5824997,119,13,38345801,52,49378526
219235,11,11,2021,12,19,3,3,2,2,2,0,1,0,0,0,0,1,805955,9268,5833701,602,13,51520192,52,56713943
219233,11,7,2021,12,13,7,3,3,6,0,0,1,0,1,0,0,1,796467,22,5824883,82,13,36775616,52,49334102
219230,11,7,2021,12,10,3,3,6,7,0,0,0,1,0,0,1,0,794935,9206,5824544,661,13,34496711,52,49113688
219229,11,7,2021,12,19,4,3,6,2,2,0,1,1,0,0,0,0,794592,1948,5825505,265,13,34076867,52,49993372
219228,11,1,2021,12,19,4,3,5,7,2,0,1,0,0,0,0,0,796971,936,5826718,537,13,37680527,52,50951959
219226,11,7,2021,12,18,5,3,6,7,2,0,0,1,0,0,1,0,793975,8208,5821706,891,13,3283651,52,46621546
219225,11,6,2021,12,7,5,3,6,2,2,0,1,1,0,0,0,0,789616,5637,5818717,717,13,26178321,52,4417447
219223,11,6,2021,11,15,2,3,5,3,1,0,1,0,0,0,1,1,788237,3736,5818274,27,13,24116591,52,43849547
219221,11,4,2021,12,18,4,3,5,2,1,1,1,0,0,0,0,0,792439,7595,5824095,448,13,30791309,52,48845278
219220,11,9,2021,12,21,4,2,8,1,2,0,1,0,0,0,0,0,803124,462,5820953,915,13,4619448,52,454468
219219,11,7,2021,12,17,2,3,5,2,2,0,1,0,1,0,0,1,794980,7954,5822325,17,13,34366241,52,47121631
219217,11,4,2021,12,17,7,3,6,4,2,0,0,1,0,0,1,0,793999,8532,5826182,642,13,33266585,52,5063255
219216,11,1,2021,11,18,3,3,0,6,2,0,1,0,1,0,0,1,795066,8666,5827221,642,13,3492624,52,51506335
219215,11,9,2021,12,11,2,2,6,2,0,0,1,1,0,0,0,0,809320,9583,5818504,317,13,55057965,52,42904384
219214,11,1,2021,12,9,2,3,0,5,0,1,1,0,0,0,0,1,796973,1702,5826579,744,13,37669957,52,50827479
219213,11,3,2021,12,18,2,3,6,4,2,0,1,1,0,0,0,1,800861,7599,5831744,251,13,4384967,52,5524347
219211,11,8,2021,12,19,4,3,2,6,2,0,1,0,0,0,0,0,800969,46,5822243,603,13,43148363,52,46721899
219209,11,11,2021,12,13,5,3,5,3,0,0,1,0,0,0,0,1,805144,5837,5827041,31,13,4971528,52,50790264
219207,11,8,2021,12,18,5,3,5,2,2,0,1,0,0,0,1,1,802872,1491,5818247,365,13,45578997,52,43034887
219206,11,10,2021,12,16,2,2,6,4,2,0,1,1,0,0,0,1,811853,9804,5829751,936,13,59823297,52,52839961
219205,11,12,2021,12,15,2,3,0,7,1,0,1,0,0,0,1,0,795072,5596,5837284,16,13,35829309,52,60526073
219204,11,12,2021,12,14,5,3,5,3,0,0,1,0,0,0,0,0,792810,85,5833870,557,13,32196238,52,57588428
219203,11,2,2021,12,13,3,3,3,6,0,0,1,0,0,0,1,0,800722,271,5825637,564,13,43092335,52,49777612
219201,11,5,2021,12,10,5,3,0,3,0,0,1,0,1,0,0,0,784466,2997,5828739,713,13,19477295,52,53430707
219200,11,5,2021,12,11,6,3,5,2,0,0,1,0,0,0,0,0,784452,915,5828671,699,13,19451794,52,53370424
219198,11,1,2021,12,8,6,3,2,6,0,0,1,0,0,0,0,2,793730,713,5828121,725,13,33042363,52,52385335
219195,11,4,2021,12,17,2,3,6,4,2,0,1,1,0,0,0,0,794184,6225,5823924,224,13,3333858,52,48598039
219194,11,6,2021,12,9,3,2,1,5,0,0,1,0,0,0,0,0,788276,492,5817552,956,13,24111798,52,43200998
219193,11,5,2021,12,18,4,3,5,2,2,1,1,0,0,0,0,0,783320,2118,5830271,905,13,17922829,52,54864203
219192,11,12,2021,12,21,2,3,5,3,2,0,1,0,0,0,0,1,793947,866,5835309,195,13,33996856,52,58816769
219190,11,1,2021,12,12,6,3,1,5,0,1,1,0,0,0,0,0,799021,6282,5828725,878,13,40872126,52,52639286
219189,11,3,2021,12,17,5,2,5,3,2,1,1,0,0,0,0,0,801364,4615,5829700,555,13,44403463,52,53383903
219188,11,7,2021,12,18,3,3,5,2,2,1,1,0,0,0,0,0,793996,52,5821562,277,13,32854151,52,46490792
219186,11,6,2021,12,7,4,3,2,6,2,0,1,0,0,0,0,1,795778,4558,5818171,79,13,35169293,52,43355284
219185,11,8,2021,12,18,6,3,5,2,2,0,1,0,1,0,0,0,801616,9395,5817424,937,13,43664219,52,42367063
219183,11,8,2021,12,17,7,3,2,1,2,0,1,0,0,0,0,2,800498,2262,5823504,97,13,42571004,52,4787843
219180,11,5,2021,12,16,3,3,0,1,2,1,0,0,0,0,0,0,784841,5142,5829023,437,13,20053294,52,53665496
219179,11,9,2021,12,8,4,3,1,1,1,0,1,0,0,0,0,1,811736,4895,5821611,547,13,58889101,52,45551823
219178,11,9,2021,12,17,3,3,6,4,2,0,1,1,0,0,0,0,808563,9402,5817462,519,13,53851982,52,42013462
219177,11,6,2021,12,14,6,3,2,6,0,0,1,0,0,0,0,0,793625,5291,5820608,89,13,32225692,52,45655345
219175,11,3,2021,12,14,5,2,6,4,0,1,0,1,0,0,0,0,803615,186,5832300,29,13,47948842,52,55588825
219174,11,1,2021,12,16,1,3,2,6,2,0,1,0,0,0,0,1,796843,9981,5830310,166,13,37813184,52,54178429
219172,11,1,2021,11,20,3,2,6,2,2,0,0,1,0,0,1,1,794633,3388,5829886,316,13,34525341,52,53918465
219170,11,8,2021,12,11,3,3,6,2,0,0,1,1,0,0,0,2,801643,43,5822555,927,13,4416576,52,46964673
219169,11,11,2021,12,16,2,3,5,3,1,1,1,0,0,0,0,1,804119,9972,5831901,379,13,4865488,52,5520336
219168,11,2,2021,12,11,1,3,2,6,0,0,1,0,0,0,0,0,799824,7533,5825702,858,13,41780063,52,49885518
219167,11,11,2021,12,12,5,3,1,5,0,1,1,0,0,0,0,0,807478,4507,5825672,24,13,5301684,52,49432263
219166,11,8,2021,12,0,3,3,3,6,2,0,1,0,0,1,0,1,802117,7878,5822036,586,13,44815509,52,46472947
219164,11,12,2021,12,13,7,3,0,7,0,0,1,0,0,0,1,1,794060,3812,5838160,831,13,344169,52,6136691
219163,11,6,2021,11,15,3,3,5,3,0,1,1,0,0,0,0,1,794732,667,5816291,921,13,33468927,52,41726546
219162,11,10,2021,12,5,2,3,6,2,2,0,1,1,0,0,0,1,808512,8496,5832430,605,13,5516257,52,5543062
219161,11,2,2021,12,16,2,3,6,4,2,0,1,1,0,0,0,1,800598,532,5825202,629,13,42870657,52,49394608
219159,11,1,2021,12,15,3,3,2,1,0,0,1,0,0,0,0,1,795181,1899,5825903,644,13,34977341,52,50318662
219157,11,6,2021,12,23,5,3,1,6,2,0,1,0,0,0,0,1,790141,1196,5817517,451,13,26843715,52,43070585
219154,11,6,2021,12,11,2,2,2,6,0,0,1,0,0,0,0,1,788895,757,5816149,104,13,2489789,52,41909731
219153,11,1,2021,12,22,3,2,5,3,2,0,1,0,1,0,0,1,797902,2139,5826578,639,13,39034694,52,50775837
219152,11,8,2021,12,7,4,2,6,2,2,0,1,1,0,0,0,1,802031,5917,5823469,903,13,44818781,52,47762415
219151,11,9,2021,12,18,2,3,2,6,2,1,1,0,0,0,0,0,808926,2858,5819367,187,13,54559048,52,43699986
219149,11,9,2021,12,7,5,3,1,5,1,0,1,0,0,0,1,1,804749,9737,5821630,333,13,48641003,52,45962671
219148,11,1,2021,12,15,5,3,0,2,0,1,0,0,0,0,1,0,797543,7486,5829414,747,13,3876178,52,53337631
219146,11,10,2021,12,8,6,3,5,3,0,0,1,0,0,0,0,2,809126,4824,5833832,585,13,56195362,52,56652227
219143,11,1,2021,12,19,3,3,5,2,2,0,1,0,0,0,0,0,799244,9213,5828468,799,13,41177151,52,52396602
219142,11,11,2021,12,8,5,3,5,7,1,0,1,0,0,0,1,0,803671,124,5829503,973,13,47775586,52,53079698
219141,11,8,2021,12,6,2,3,5,2,2,0,1,0,0,0,0,1,803663,712,5822281,351,13,47106376,52,46606634
219140,11,2,2021,12,9,4,3,6,2,0,0,1,1,0,0,0,0,797386,183,5826168,983,13,38240017,52,5043678
219139,11,9,2021,12,14,2,3,2,6,0,0,1,0,0,0,1,1,803847,2501,5820991,857,13,47258349,52,45440678
219137,11,6,2021,12,14,5,3,6,4,0,0,1,1,0,0,0,0,790149,6988,5815444,686,13,26676539,52,41211822
219136,11,12,2021,12,11,7,3,6,2,0,0,1,1,0,0,0,0,790957,8978,5833786,623,13,29463366,52,57612526
219134,11,1,2021,11,19,2,3,2,6,1,0,1,0,0,0,0,1,798348,2208,5827454,837,13,39768443,52,51536861
219133,11,11,2021,12,18,1,3,5,2,2,0,1,0,0,0,0,1,806140,8415,5826705,681,13,51147743,52,50433651
219132,11,8,2021,12,19,4,3,5,3,2,0,1,0,0,0,1,1,804526,5821,5819220,605,13,48093551,52,43815343
219130,11,11,2021,12,8,6,2,2,2,1,1,0,0,0,0,1,1,805129,6881,5826182,817,13,4961473,52,50021673
219129,11,11,2021,12,16,2,3,6,4,2,0,1,1,0,0,0,1,804293,6493,5828442,61,13,48593464,52,5209323
219128,11,1,2021,12,14,6,3,2,6,0,1,1,0,0,0,0,0,797562,466,5828652,282,13,38720431,52,52653176
219125,11,11,2021,12,18,6,3,6,2,2,0,1,1,0,0,0,1,803705,7,5829526,437,13,47827589,52,53097938
219124,11,2,2021,12,1,7,3,5,3,2,0,1,0,0,0,0,1,798947,1888,5825237,234,13,40449375,52,49516294
219123,11,1,2021,12,22,7,3,2,6,2,0,1,0,0,0,1,0,797230,3653,5832070,156,13,38538757,52,55734983
219122,11,11,2021,11,9,3,3,5,7,0,0,1,0,0,0,1,1,803266,3822,5828618,931,13,47100199,52,52308982
219121,11,11,2021,12,16,2,3,6,7,2,1,0,1,0,0,0,0,804255,7715,5826157,396,13,48328963,52,50047683
219120,11,1,2021,12,9,1,3,6,4,0,0,0,1,0,0,1,2,795024,1206,5829152,12,13,35034674,52,53239077
219118,11,11,2021,11,7,3,2,3,6,2,0,0,0,1,0,1,1,805784,7688,5830099,77,13,50936762,52,53495511
219116,11,10,2021,12,10,3,3,2,7,0,0,0,0,0,0,1,0,808485,1952,5826954,188,13,54613779,52,50524328
219115,11,3,2021,12,12,1,2,0,7,0,0,1,0,0,0,0,1,798932,485,5837489,748,13,41530801,52,60499612
219114,11,1,2021,12,20,5,3,8,1,2,0,1,0,0,0,0,2,793706,122,5830574,885,13,33223014,52,54585781
219111,11,12,2021,12,17,6,3,0,4,2,0,0,1,0,0,1,1,794959,9668,5836488,833,13,35592679,52,59819378
219110,11,3,2021,12,16,6,3,5,2,1,1,1,0,0,0,0,0,800753,166,5831294,661,13,43649048,52,54846501
219109,11,9,2021,12,13,7,3,6,4,0,0,1,1,0,0,0,0,810720,1155,5821696,833,13,57406078,52,45686124
219108,11,4,2021,12,18,4,2,5,2,2,0,1,0,0,0,0,0,791428,143,5829180,568,13,29750767,52,53458142
219107,11,4,2021,12,14,2,3,6,7,0,0,1,1,0,0,0,0,789739,3243,5826425,442,13,27028079,52,51078164
219105,11,1,2021,12,12,4,3,5,2,0,1,1,0,0,0,0,1,794595,818,5826092,144,13,3413303,52,50519316
219104,11,5,2021,12,11,7,3,2,6,0,0,1,0,0,0,0,1,784529,3615,5829038,789,13,19595622,52,53695567
219102,11,1,2021,12,14,5,3,5,3,0,0,0,0,0,0,1,2,794220,3733,5828299,948,13,33777783,52,525187
219099,11,2,2021,12,5,2,2,6,4,2,0,1,1,0,0,0,1,800113,2699,5825902,784,13,42221822,52,50048862
219098,11,1,2021,12,16,3,3,2,6,1,0,1,0,0,0,1,1,795190,819,5826849,772,13,35074302,52,51166314
219097,11,2,2021,12,19,4,3,5,3,2,1,1,0,0,0,0,1,802909,8266,5827126,95,13,46440441,52,50991559
219096,11,6,2021,12,16,2,3,2,6,1,0,1,0,0,0,0,1,796035,8051,5817626,245,13,35498438,52,42852319
219094,11,2,2021,12,14,5,3,1,5,0,1,1,0,0,0,0,0,797571,506,5825226,525,13,38428038,52,4958187
219093,11,2,2021,12,7,5,3,5,2,1,1,1,0,0,0,0,1,799211,9186,5824554,308,13,4077683,52,48889641
219091,11,2,2021,12,22,7,3,2,2,2,0,1,0,0,0,0,1,801249,38,5827831,795,13,44065024,52,5171527
219088,11,7,2021,12,13,3,3,2,6,0,1,1,0,0,0,0,2,796279,654,5823192,468,13,36349874,52,47828799
219087,11,8,2021,12,17,4,3,5,3,1,0,1,0,0,0,1,1,805237,3995,5818125,494,13,49036022,52,42794209
219086,11,1,2021,12,14,7,3,2,6,0,1,1,0,0,0,0,1,795733,818,5825710,36,13,35770887,52,50115514
219085,11,11,2021,12,19,6,3,0,1,2,0,0,0,1,0,0,1,803831,8104,5833458,742,13,48373716,52,5661524
219084,11,4,2021,12,15,7,3,5,2,1,0,1,0,0,0,0,1,792822,2127,5823226,204,13,31276605,52,48045524
219082,11,1,2021,12,16,6,2,6,4,1,0,1,1,0,0,0,0,795258,419,5831724,937,13,35607778,52,55532798
219080,11,3,2021,11,17,2,2,2,1,1,0,1,0,0,0,0,1,802178,4763,5829421,891,13,45574569,52,5308907
219079,11,10,2021,12,11,2,3,2,6,0,0,1,0,0,0,1,0,811996,9846,5826878,2,13,59763953,52,5025639
219078,11,1,2021,12,17,3,3,1,5,2,1,1,0,0,0,0,0,795990,139,5825611,208,13,36139663,52,50012696
219077,11,9,2021,12,23,1,3,1,5,2,0,1,0,0,0,0,1,810709,1884,5822817,187,13,57494331,52,46690759
219075,11,4,2021,12,16,7,3,5,2,1,0,1,0,0,0,0,0,793306,2356,5823613,105,13,32021327,52,48366392
219074,11,6,2021,12,18,3,3,5,2,2,0,1,0,0,0,1,1,795027,4297,5820019,771,13,34230935,52,45052458
219072,11,10,2021,12,9,5,2,4,1,0,0,1,0,0,1,0,2,806989,5413,5829863,702,13,52685607,52,53216223
219070,11,11,2021,12,14,5,3,5,3,0,0,1,0,0,0,0,1,806433,1243,5826876,342,13,51592723,52,50570196
219069,11,3,2021,12,8,2,3,6,2,0,0,1,1,0,0,0,0,800576,1523,5831436,245,13,43401815,52,54983167
219068,11,9,2021,12,21,1,3,5,2,2,1,1,0,0,0,0,0,804400,9701,5821740,454,13,48138962,52,46080819
219067,11,1,2021,11,7,3,3,6,2,0,0,1,1,0,0,0,1,794607,999,5829879,568,13,34486166,52,53913834
219066,11,2,2021,12,17,2,3,0,2,2,1,0,0,0,0,1,0,800720,6002,5827900,912,13,43294346,52,51806404
219064,11,11,2021,12,16,5,3,5,3,1,1,1,0,0,0,0,0,803625,753,5826564,89,13,47440847,52,50448
219062,11,1,2021,12,19,7,3,6,2,2,0,1,1,0,0,0,0,797290,3627,5832218,682,13,386403,52,55864843
219059,11,9,2021,12,18,3,3,2,6,2,0,1,0,0,0,0,1,804043,1716,5821223,719,13,47566899,52,45637597
219058,11,1,2021,12,23,4,2,3,6,2,0,1,0,0,0,0,1,798097,332,5829959,564,13,39623921,52,53795755
219057,11,3,2021,12,18,4,3,5,2,2,0,1,0,0,0,0,0,798053,6325,5837197,317,13,40210555,52,60285746
219055,11,12,2021,12,21,5,3,6,2,2,0,1,1,0,0,0,0,795281,15,5836353,431,13,36053212,52,5968058
219054,11,8,2021,12,10,6,3,6,4,0,0,1,1,0,0,0,0,800075,374,5825349,19,13,42115794,52,49554755
219052,11,2,2021,12,13,5,3,5,3,0,1,1,0,0,0,0,0,802452,6841,5828277,343,13,4587347,52,52048014
219050,11,4,2021,12,16,5,3,6,4,2,0,1,1,0,0,0,2,794160,8973,5825329,466,13,33427807,52,49859044
219047,11,1,2021,12,14,1,3,2,7,0,1,1,0,0,0,0,0,798086,7468,5827100,627,13,3935253,52,51233654
219046,11,4,2021,12,20,4,2,6,2,2,0,1,1,0,0,0,1,794011,3712,5823918,104,13,3308363,52,48601886
219045,11,10,2021,12,15,5,3,6,4,0,0,1,1,0,0,0,0,810919,7444,5829224,856,13,584013,52,52420984
219044,11,8,2021,12,10,3,3,6,2,0,0,1,1,0,0,0,0,805263,6699,5817256,579,13,48995252,52,42013961
219042,11,1,2021,12,7,5,2,6,4,1,0,0,1,0,0,1,0,793977,5403,5828102,607,13,33403436,52,52354894
219041,11,3,2021,12,19,5,3,1,5,2,1,1,0,0,0,0,1,799908,7064,5830651,21,13,42349506,52,54316133
219039,11,1,2021,12,17,7,3,5,2,1,0,1,0,0,0,0,0,796855,748,5830645,124,13,37860392,52,5447804
219037,11,2,2021,12,21,3,3,5,2,2,0,1,0,1,0,0,0,803006,7066,5828276,937,13,46687475,52,52016894
219036,11,6,2021,12,19,4,3,6,2,2,0,1,1,0,0,0,1,790769,5335,5817690,62,13,27780476,52,43192471
219035,11,4,2021,12,16,6,3,5,3,2,0,1,0,0,0,0,1,792555,5113,5821846,981,13,30764028,52,46823373
219033,11,10,2021,12,13,6,3,5,3,0,1,1,0,0,0,0,0,808965,763,5832424,12,13,55827873,52,55399136
219032,11,2,2021,11,14,2,3,2,6,0,0,1,0,0,0,0,0,801268,7995,5826184,266,13,43944436,52,50237489
219031,11,9,2021,12,23,7,3,0,4,2,0,0,1,0,0,1,1,808824,6101,5817895,778,13,54274072,52,42387048
219030,11,6,2021,12,17,4,3,2,6,2,0,1,0,0,0,0,0,795776,6193,5818989,255,13,35238934,52,44088187
219029,11,4,2021,12,16,2,3,5,2,2,1,1,0,0,0,0,1,793455,4501,5824450,774,13,32314189,52,49109312
219027,11,4,2021,12,7,3,3,5,7,2,0,1,0,1,0,0,1,791733,262,5824406,689,13,29781005,52,49162104
219026,11,2,2021,12,21,5,3,5,3,2,1,1,0,0,0,0,1,800282,765,5826084,578,13,42486148,52,50202525
219024,11,3,2021,12,12,5,2,2,1,0,0,1,0,0,0,0,1,800056,678,5835750,837,13,4302741,52,58879105
219023,11,4,2021,12,14,2,3,0,7,0,1,1,0,0,0,0,0,793216,2401,5825638,958,13,3206747,52,5018733
219022,11,5,2021,12,17,2,3,3,6,2,0,1,0,0,0,1,2,786020,1718,5828014,7,13,21699489,52,52698787
219021,11,7,2021,12,18,4,3,1,5,2,1,1,0,0,0,0,1,797113,302,5820703,762,13,37351766,52,45552642
219020,11,3,2021,12,19,2,3,0,1,2,1,0,0,0,0,0,0,799655,2006,5831221,998,13,42028321,52,54841869
219018,11,8,2021,12,17,3,3,6,7,1,0,1,1,0,0,0,1,801946,3201,5822735,172,13,44627095,52,47108579
219016,11,6,2021,12,15,6,3,5,2,1,1,1,0,0,0,0,1,789392,593,5817909,279,13,25779733,52,43461527
219013,11,1,2021,12,8,2,3,2,6,0,0,1,0,0,0,0,1,795849,1849,5828275,623,13,36169483,52,52408755
219012,11,5,2021,12,5,4,3,5,2,2,0,1,0,0,0,1,1,787947,4609,5830040,189,13,24708127,52,54413835
219011,11,1,2021,12,12,7,3,6,6,0,1,0,1,0,0,0,1,795644,5559,5827469,99,13,35797064,52,51696876
219010,11,12,2021,12,23,4,3,6,2,2,0,1,1,0,0,0,0,791269,3782,5834146,672,13,29953349,52,57918639
219008,11,11,2021,12,18,5,3,6,2,2,0,1,1,0,0,0,0,803356,8817,5830040,791,13,47362914,52,53578324
219007,11,4,2021,12,13,5,2,0,1,0,0,0,0,1,0,0,1,793162,7905,5826880,396,13,32098283,52,51303103
219005,11,4,2021,11,9,2,3,2,2,0,0,1,0,0,0,0,1,792159,15,5827317,975,13,30661969,52,51749233
219003,11,4,2021,12,16,4,3,0,7,2,0,1,0,0,0,1,0,790670,8647,5823108,33,13,28107408,52,48054789
219002,11,1,2021,12,20,4,3,2,6,2,0,1,0,0,0,0,1,797520,964,5829439,884,13,38730539,52,53361407
219001,11,6,2021,12,18,2,3,6,4,2,0,1,1,0,0,0,1,794766,3632,5821091,963,13,33942537,52,46027704
218999,11,4,2021,12,17,6,3,0,1,2,0,0,0,1,0,0,0,790030,4715,5826140,142,13,27431025,52,50806916
218998,11,8,2021,11,8,3,3,5,3,0,0,1,0,0,0,0,1,801024,4337,5822488,339,13,43251731,52,46938213
218997,11,9,2021,12,15,2,3,5,3,0,1,1,0,0,0,0,0,814187,4122,5821209,314,13,6244641,52,45051063
218996,11,11,2021,12,18,2,3,2,2,1,0,1,0,0,0,1,1,803847,7608,5828856,366,13,47976164,52,52489422
218993,11,7,2021,11,16,2,2,6,4,2,0,1,1,0,0,0,1,795654,8222,5816076,433,13,34802773,52,41483607
218991,11,4,2021,12,11,3,3,5,2,0,1,1,0,0,0,0,0,793378,1772,5822277,386,13,32009451,52,47165101
218990,11,4,2021,12,20,5,3,2,6,2,1,1,0,0,0,0,1,794190,3267,5825422,896,13,33479288,52,49941212
218988,11,10,2021,12,0,7,3,3,6,2,0,1,0,0,0,0,1,812731,58,5825555,102,13,60717712,52,49028905
218987,11,8,2021,11,12,3,3,5,7,0,0,1,0,0,0,0,1,802019,8613,5823455,21,13,4480023,52,47749893
218986,11,2,2021,12,8,2,3,0,1,0,1,0,0,0,0,0,2,801277,4045,5827949,287,13,44116839,52,51819032
218985,11,2,2021,12,12,2,3,2,6,0,0,1,0,0,0,0,1,797582,5846,5825307,207,13,38451516,52,49653589
218983,11,1,2021,12,17,3,3,6,2,2,0,1,1,0,0,0,1,796161,8571,5832284,683,13,36986399,52,55985498
218982,11,6,2021,12,18,4,2,5,3,2,0,1,0,0,0,0,0,793423,4599,5816125,784,13,31535703,52,4164792
218980,11,2,2021,12,0,5,3,5,2,2,0,1,0,0,0,0,0,799068,2164,5825601,488,13,4065982,52,49836166
218979,11,8,2021,12,15,2,3,2,7,1,0,1,0,0,0,0,0,801680,4412,5820126,915,13,44001154,52,44785426
218978,11,7,2021,12,14,7,3,2,2,0,0,1,0,0,0,0,0,798474,5411,5819896,472,13,39277389,52,44754823
218977,11,11,2021,12,18,4,3,2,6,2,0,1,0,0,0,0,1,807211,663,5823866,1,13,5245864,52,47828593
218976,11,1,2021,12,15,3,3,5,2,0,1,1,0,0,0,0,0,798894,4334,5827353,316,13,40561863,52,51415956
218974,11,11,2021,12,19,5,3,6,4,2,0,1,1,0,0,0,0,805281,2251,5833241,68,13,50485518,52,56339623
218972,11,4,2021,12,12,6,3,0,1,0,0,0,0,1,0,0,2,792734,7259,5826298,374,13,31418103,52,50804329
218969,11,6,2021,12,17,3,3,2,6,2,0,1,0,0,0,0,0,795255,5449,5817505,433,13,34343517,52,42786182
218968,11,4,2021,12,16,7,3,3,6,1,0,1,0,0,0,0,1,794005,8641,5825595,156,13,3322354,52,50105575
218967,11,11,2021,12,12,4,3,5,2,0,1,1,0,0,0,0,1,805160,1561,5831623,82,13,50158734,52,54896429
218966,11,7,2021,12,18,3,3,3,6,0,0,1,0,0,1,0,0,798008,675,5819646,649,13,38571653,52,44556296
218964,11,3,2021,12,11,6,3,5,2,0,0,1,0,0,0,0,0,800178,1515,5836542,698,13,43278839,52,59582126
218963,11,7,2021,12,18,1,3,5,2,2,0,1,0,0,0,0,1,799258,9138,5816264,296,13,40103031,52,41456157
218961,11,7,2021,11,18,3,3,2,6,2,0,1,0,0,1,0,1,797950,5411,5815763,981,13,38140471,52,41079047
218959,11,2,2021,12,14,3,3,6,2,0,0,1,1,0,0,0,0,797844,6922,5824926,4,13,38802391,52,4929762
218958,11,9,2021,12,3,1,3,0,7,2,0,1,0,0,0,0,2,808430,3014,5820670,789,13,53952056,52,44896273
218957,11,11,2021,12,14,5,2,6,4,0,0,0,1,0,0,1,0,805208,8814,5833331,496,13,50387385,52,56424175
218956,11,7,2021,12,16,6,3,5,2,2,0,1,0,1,0,0,0,796923,1382,5822282,243,13,37213552,52,46977923
218953,11,4,2021,12,11,6,3,2,2,0,0,1,0,0,0,0,1,792414,5302,5822815,987,13,30642029,52,47699618
218952,11,9,2021,12,9,6,3,3,6,0,1,1,0,0,0,0,1,812305,4813,5820336,484,13,59604549,52,44376719
218951,11,12,2021,12,10,4,3,5,2,0,0,1,0,0,0,0,1,794847,1703,5833755,675,13,35183421,52,57375464
218950,11,8,2021,12,17,7,3,6,4,1,1,0,1,0,0,0,1,801534,5944,5820175,914,13,43791625,52,44837392
218948,11,2,2021,12,23,3,3,5,3,2,0,1,0,0,0,0,1,798311,396,5825627,62,13,39550025,52,49900531
218946,11,3,2021,12,12,5,3,3,6,0,1,0,0,0,0,0,1,798693,5279,5831792,724,13,40665644,52,55406253
218943,11,4,2021,12,15,2,3,5,2,2,0,1,0,0,0,0,0,790352,5248,5827302,46,13,28005592,52,51831441
218942,11,10,2021,12,0,3,3,5,2,2,0,1,0,0,0,0,0,811312,858,5828506,6,13,58910456,52,51754415
218941,11,4,2021,12,16,4,3,5,3,1,0,1,0,0,0,0,1,792964,4366,5825559,893,13,31690614,52,50129975
218940,11,6,2021,12,14,2,3,5,3,0,1,1,0,0,0,0,0,781877,3502,5813340,1,13,14369614,52,39756849
218938,11,1,2021,12,19,4,3,5,7,2,1,1,0,0,0,0,1,798626,544,5828992,229,13,40314693,52,52899714
218937,11,5,2021,12,7,5,3,5,2,2,0,1,0,0,0,0,1,783603,7197,5829148,599,13,18243909,52,53842276
218935,11,11,2021,12,12,6,3,5,7,0,0,1,0,0,0,0,1,804620,4936,5832783,459,13,49471718,52,55965952
218932,11,1,2021,12,14,3,3,5,3,0,0,1,0,0,0,0,0,798689,6931,5828665,334,13,4037886,52,52603213
218931,11,6,2021,12,12,5,3,5,3,0,0,1,0,0,0,0,1,796798,788,5818388,594,13,36683956,52,43494404
218930,11,4,2021,12,14,4,3,1,5,0,1,1,0,0,0,0,0,790118,7466,5826875,342,13,27624817,52,51461338
218929,11,5,2021,12,7,7,2,1,1,1,0,1,0,0,0,0,1,785439,4011,5829268,771,13,20953484,52,53854176
218927,11,10,2021,12,7,4,3,5,7,0,1,0,0,0,0,1,0,810998,5809,5829777,908,13,58568851,52,52912098