OBJECTID,LAND,BEZ,UJAHR,UMONAT,USTUNDE,UWOCHENTAG,UKATEGORIE,UART,UTYP1,ULICHTVERH,IstRad,IstPKW,IstFuss,IstKrad,IstGkfz,IstSonstige,USTRZUSTAND,LINREFX,LINREFY,XGCSWGS84,YGCSWGS84,,,,
218598,11,6,2021,12,16,4,3,6,2,2,0,1,1,0,0,0,1,796503,3,5818554,636,13,36265897,52,43659251
218597,11,8,2021,12,9,6,3,6,2,0,0,0,1,0,0,1,1,805718,7951,5816795,344,13,49620299,52,4157517
218595,11,1,2021,12,19,6,3,5,3,2,1,1,0,0,0,0,1,797669,5103,5831309,243,13,39116386,52,55028939
218593,11,1,2021,11,16,2,3,6,4,1,0,1,1,0,0,0,1,800112,3342,5827702,696,13,42382724,52,51662243
218592,11,4,2021,12,23,1,1,9,1,2,0,1,0,0,1,0,1,792442,5602,5824154,512,13,30800605,52,48898078
218591,11,10,2021,12,7,4,3,2,2,0,0,1,0,0,0,0,0,806501,427,5829455,431,13,51930631,52,52877791
218590,11,11,2021,12,10,2,2,6,4,0,0,1,1,0,0,0,1,802840,2985,5829445,916,13,46549424,52,53073876
218588,11,4,2021,12,16,2,3,6,4,2,0,0,1,0,0,1,1,793795,3369,5825851,711,13,32936923,52,50346903
218586,11,6,2021,12,18,5,3,5,2,2,0,1,0,0,0,0,2,794234,2452,5816383,958,13,32747132,52,4183584
218584,11,9,2021,12,11,5,2,6,4,0,0,1,1,0,0,0,1,811767,9411,5818253,451,13,58621993,52,42540688
218583,11,8,2021,12,14,1,3,5,3,0,0,1,0,1,0,0,1,806687,555,5815407,99,13,50912465,52,40277595
218582,11,12,2021,12,9,2,3,8,1,0,0,1,0,0,0,0,2,793208,6933,5832351,651,13,326485,52,56205354
218581,11,1,2021,11,14,3,3,3,6,1,0,1,0,0,0,1,1,795200,7586,5826802,587,13,35085803,52,51123438
218580,11,1,2021,12,12,2,2,6,2,0,0,1,1,0,0,0,0,797188,403,5827524,571,13,38070528,52,51662691
218578,11,4,2021,12,16,3,2,6,4,1,0,1,1,0,0,0,1,793916,9873,5825591,402,13,33092654,52,50106998
218576,11,12,2021,12,13,7,3,5,3,0,0,1,0,0,0,0,1,790928,1056,5834992,652,13,2952539,52,586953
218573,11,2,2021,12,13,3,3,5,2,0,0,1,0,1,0,0,0,803188,315,5828312,762,13,46957162,52,52038926
218572,11,6,2021,12,16,3,3,2,6,2,0,1,0,0,0,0,2,792352,8297,5815589,52,13,29919075,52,41224032
218571,11,2,2021,12,17,3,3,6,4,2,0,1,1,0,0,0,0,802366,7852,5827810,512,13,45704827,52,51634359
218569,11,9,2021,12,16,5,3,9,1,0,0,1,1,0,0,0,0,810832,7491,5820306,692,13,57441949,52,44433931
218568,11,9,2021,12,10,5,3,6,7,0,0,1,1,0,0,0,0,811415,4395,5817228,527,13,58009862,52,41642267
218566,11,8,2021,11,6,2,3,5,3,2,1,1,0,0,0,0,1,800268,5755,5822217,887,13,42118011,52,4673739
218564,11,12,2021,12,16,4,3,2,6,2,0,1,0,0,0,0,0,790901,3686,5836134,447,13,29586315,52,59720324
218563,11,7,2021,12,17,7,3,2,6,1,0,1,0,0,0,0,1,798308,9278,5823952,173,13,39396975,52,48399318
218562,11,5,2021,12,15,6,3,9,1,0,0,1,0,0,0,0,1,785383,4798,5829260,691,13,20870562,52,53849861
218561,11,7,2021,12,18,2,3,6,2,2,0,1,1,0,0,0,1,796711,1167,5821140,41,13,36800821,52,45965892
218559,11,10,2021,12,18,7,3,5,2,2,0,1,0,0,0,1,0,809639,8479,5830261,461,13,56617361,52,5342278
218558,11,5,2021,11,7,3,2,6,4,2,0,1,1,0,0,0,1,783753,9889,5824048,931,13,1802995,52,49261987
218557,11,4,2021,12,15,2,3,5,2,0,1,1,0,0,0,0,0,793308,1987,5823687,501,13,32030756,52,4843298
218556,11,3,2021,12,16,2,3,5,3,2,1,1,0,0,0,0,1,797605,2232,5833786,221,13,39244,52,57252736
218554,11,6,2021,12,9,4,3,8,1,0,0,0,0,1,0,0,1,792344,9964,5816586,682,13,29994739,52,42118825
218552,11,2,2021,12,20,4,3,5,3,2,1,1,0,0,0,0,1,800624,7097,5826267,59,13,43005877,52,50347222
218550,11,1,2021,12,19,5,3,5,2,2,0,1,0,0,0,0,1,799113,834,5828309,341,13,4097017,52,52260864
218549,11,9,2021,12,14,2,3,2,6,0,0,1,0,0,0,0,1,808617,488,5819191,662,13,54089381,52,43560137
218548,11,7,2021,12,18,2,3,2,6,2,0,1,0,0,0,0,0,797291,2641,5821244,894,13,37661482,52,46028022
218547,11,9,2021,12,17,5,2,5,3,2,1,0,0,0,0,1,0,810757,1443,5818730,3,13,571845,52,43025279
218546,11,3,2021,12,14,3,3,5,2,0,0,1,0,0,0,0,0,800123,86,5833866,167,13,42955282,52,57186148
218544,11,9,2021,11,9,3,3,6,4,0,1,0,1,0,0,0,1,807420,6334,5821711,9,13,52566811,52,45885405
218543,11,5,2021,12,6,1,3,1,5,1,0,1,0,0,0,0,0,784761,2624,5826713,3,13,19737422,52,51598153
218542,11,1,2021,12,1,2,3,1,5,2,0,1,0,0,0,1,1,796338,6417,5829484,572,13,36996568,52,53465876
218540,11,9,2021,12,5,3,3,5,3,2,0,1,0,0,0,1,1,806399,963,5821066,939,13,51010202,52,45365481
218538,11,1,2021,12,5,6,3,5,3,2,0,1,0,0,0,0,1,794882,1063,5830544,15,13,34949466,52,54494706
218536,11,2,2021,12,18,5,3,5,3,2,1,1,0,0,0,0,1,801582,9981,5825948,226,13,44384546,52,50008567
218535,11,4,2021,12,11,2,3,5,3,0,0,1,0,0,0,0,0,793234,3536,5827056,254,13,32218932,52,51456905
218534,11,1,2021,12,23,2,3,1,5,2,0,1,0,0,0,1,0,798657,8029,5828520,165,13,40318955,52,52474836
218533,11,1,2021,12,17,4,3,6,7,1,0,1,1,0,0,0,0,796737,9665,5826598,246,13,37326068,52,50856863
218532,11,1,2021,12,13,2,3,5,3,0,0,1,0,1,0,0,0,794375,5763,5831806,139,13,34316556,52,5565338
218530,11,1,2021,12,7,5,3,0,1,0,1,0,0,0,0,0,1,796306,509,5830692,797,13,37057085,52,54550672
218529,11,10,2021,12,19,6,2,0,7,2,0,0,0,1,0,0,1,810057,8907,5833186,941,13,57504806,52,56020675
218527,11,12,2021,12,21,7,3,3,2,2,1,1,0,0,0,0,1,791919,8245,5834708,552,13,30960036,52,58387487
218524,11,2,2021,12,18,2,3,2,6,2,0,1,0,0,0,0,0,800430,4808,5828443,974,13,42917116,52,52309156
218523,11,9,2021,12,0,3,3,0,1,2,0,0,0,0,0,1,2,802230,3368,5824464,598,13,45200695,52,48642973
218522,11,10,2021,12,13,7,2,5,2,0,0,1,0,0,0,0,1,811286,73,5831548,696,13,59158109,52,54482503
218521,11,1,2021,12,8,4,3,5,2,0,1,1,0,0,0,0,1,795435,3306,5831605,887,13,35857368,52,55416487
218519,11,2,2021,12,16,5,3,6,2,2,0,1,1,0,0,0,0,800905,145,5827538,295,13,43532705,52,51471203
218518,11,1,2021,12,4,7,3,3,6,2,1,1,0,0,0,0,1,798325,2961,5829351,251,13,39904874,52,53237996
218516,11,5,2021,11,17,2,3,6,4,1,0,1,1,0,0,0,1,785360,4482,5830714,88,13,20961566,52,55154162
218514,11,2,2021,12,19,3,3,0,1,2,0,0,0,1,0,0,2,799995,2621,5825446,225,13,42007376,52,49646117
218513,11,11,2021,12,18,1,3,0,7,2,0,1,0,0,0,0,1,804025,1531,5826748,331,13,48044224,52,50590173
218512,11,9,2021,12,8,4,3,5,3,0,0,1,0,0,0,0,0,809122,1872,5817340,2,13,54658961,52,41872177
218511,11,3,2021,12,7,2,3,2,6,1,0,1,0,0,0,0,1,803360,7206,5842630,516,13,48521553,52,64861734
218509,11,12,2021,12,16,6,2,6,4,2,0,1,1,0,0,0,1,792881,9035,5832715,566,13,32199917,52,56549173
218508,11,1,2021,12,18,6,3,6,7,2,0,0,1,0,0,1,0,798301,8831,5828755,465,13,39817002,52,52705235
218507,11,2,2021,11,17,3,3,5,2,2,0,1,0,0,0,1,1,798295,641,5825307,58,13,39498797,52,49614997
218506,11,1,2021,12,15,1,3,6,2,2,0,1,1,0,0,0,1,793701,2108,5828501,993,13,3303259,52,52727814
218504,11,1,2021,12,20,3,3,5,2,2,0,1,0,0,0,0,1,796582,24,5826874,367,13,37121575,52,51112858
218503,11,6,2021,12,17,6,2,6,4,2,0,1,1,0,0,0,0,792265,7312,5820603,489,13,30229768,52,45724106
218501,11,7,2021,12,16,5,2,6,4,2,0,1,1,0,0,0,1,797389,5669,5817123,133,13,3743894,52,42327908
218498,11,1,2021,12,15,2,3,5,2,0,1,1,0,0,0,0,0,794967,5685,5829549,707,13,3498684,52,53598641
218497,11,3,2021,12,13,4,3,1,5,0,0,0,0,0,1,1,1,799479,7933,5829688,32,13,41632159,52,53476816
218496,11,5,2021,12,9,4,3,3,6,0,0,1,0,0,0,0,1,786598,4553,5829228,23,13,22654265,52,53756992
218495,11,6,2021,12,15,3,3,6,4,1,0,0,1,0,0,1,0,794164,8797,5817493,523,13,32742995,52,42834256
218493,11,4,2021,12,17,4,3,2,6,1,0,1,0,0,0,0,0,792467,1033,5824130,393,13,30834532,52,48875141
218492,11,11,2021,12,14,5,3,5,3,0,0,1,0,0,0,1,0,803823,896,5829053,771,13,47957946,52,52667724
218490,11,6,2021,12,15,7,3,0,4,0,0,1,1,0,0,0,0,791762,3655,5819570,489,13,29400801,52,44824917
218487,11,6,2021,12,8,3,3,5,3,0,1,1,0,0,0,0,0,793396,1061,5820356,417,13,31866902,52,45442049
218486,11,9,2021,12,17,5,3,2,6,2,0,1,0,0,0,0,1,809767,1578,5820689,459,13,55914642,52,44837426
218485,11,9,2021,12,9,4,3,5,3,0,1,1,0,0,0,0,0,808745,307,5819243,23,13,5428179,52,43598944
218484,11,10,2021,12,15,2,3,5,2,1,0,0,0,0,0,1,1,812723,6829,5825535,78,13,60705006,52,49011384
218483,11,6,2021,12,20,6,3,5,2,2,0,1,0,0,0,0,0,793445,1775,5816136,286,13,31568466,52,41656171
218481,11,2,2021,12,8,5,3,0,7,0,1,0,0,0,0,0,1,799877,5883,5825358,771,13,41826684,52,49574194
218480,11,1,2021,12,4,7,3,6,7,2,0,1,1,0,0,0,0,797870,483,5827367,536,13,39058686,52,51484718
218478,11,12,2021,11,16,2,2,6,2,1,0,0,1,0,1,0,1,794846,2585,5833741,522,13,35180821,52,57362826
218477,11,6,2021,12,14,1,3,5,2,0,0,1,0,0,0,0,1,787515,685,5817398,976,13,22982575,52,43102984
218476,11,7,2021,12,15,4,3,1,7,1,0,1,0,0,0,0,0,797749,8438,5822634,554,13,38458439,52,47248736
218475,11,1,2021,12,11,1,3,5,3,0,0,1,0,0,0,0,1,800171,3427,5827361,51,13,42438646,52,51353179
218474,11,2,2021,12,15,5,3,2,6,0,0,1,0,0,0,0,1,798505,6502,5825571,536,13,39830882,52,49840118
218472,11,8,2021,12,10,7,3,5,3,0,0,1,0,1,0,0,1,801394,184,5821142,638,13,43672645,52,45711647
218469,11,5,2021,12,14,3,3,1,5,0,1,1,0,0,0,0,2,783202,3535,5830115,736,13,17736162,52,54730308
218468,11,12,2021,12,13,3,3,2,2,0,0,1,0,0,0,0,0,792233,7764,5831926,461,13,31176939,52,558766
218467,11,4,2021,12,8,4,2,1,5,0,0,1,0,0,0,0,0,787839,3033,5826510,649,13,242435,52,51255151
218465,11,8,2021,12,13,6,3,5,3,0,1,1,0,0,0,0,0,801300,5757,5824010,256,13,43794513,52,48287124
218464,11,1,2021,12,21,7,3,2,6,2,0,1,0,0,0,0,1,797140,9075,5831404,6,13,38347617,52,55143275
218462,11,6,2021,11,7,3,3,6,7,0,0,1,1,0,0,0,1,795966,71,5819891,953,13,35597741,52,44887108
218460,11,12,2021,12,18,3,3,2,6,2,0,1,0,0,0,0,0,791445,3552,5836596,665,13,30427867,52,60105559
218459,11,11,2021,12,9,1,3,5,2,0,0,1,0,0,0,1,0,805851,8078,5832350,915,13,51242569,52,55509281
218458,11,2,2021,12,13,5,3,5,2,0,1,1,0,0,0,0,0,797416,6898,5826150,26,13,38283137,52,50418125
218457,11,8,2021,12,18,2,3,1,5,2,1,1,0,0,0,0,1,800851,5245,5822520,796,13,43000879,52,4697683
218454,11,7,2021,12,10,6,3,5,3,0,0,1,0,0,0,1,1,799027,5787,5814291,909,13,39587788,52,3970078
218453,11,5,2021,12,20,7,3,5,3,2,0,1,0,1,0,0,0,785344,7679,5828600,14,13,2075691,52,53259532
218452,11,9,2021,12,11,1,3,6,7,0,0,1,1,0,0,0,0,804283,8349,5820729,36,13,47874948,52,45181122
218451,11,12,2021,12,15,4,3,2,6,0,0,1,0,0,0,0,1,791204,1129,5838441,869,13,30235065,52,61772651
218450,11,4,2021,12,17,2,3,2,6,2,0,1,0,0,0,0,0,792971,7767,5826022,772,13,31742125,52,50544537
218448,11,4,2021,12,7,5,3,2,6,2,0,1,0,0,0,1,1,791326,586,5830671,583,13,29731627,52,54800264
218447,11,10,2021,12,11,7,3,5,3,0,0,1,0,0,0,0,1,812963,3474,5827823,4,13,61271831,52,51047907
218445,11,1,2021,12,0,4,3,6,2,2,0,1,1,0,0,0,0,796704,6557,5831624,151,13,37725714,52,55363858
218442,11,6,2021,12,6,2,3,4,6,1,1,0,0,0,0,1,1,794676,6637,5821752,626,13,33869228,52,46624791
218441,11,6,2021,12,21,3,2,6,2,2,0,1,1,0,0,0,1,794005,5982,5817452,406,13,32505788,52,42805957
218440,11,5,2021,12,10,5,3,9,1,0,0,0,0,1,0,0,0,785194,746,5831168,644,13,20756891,52,55570389
218439,11,7,2021,12,11,4,3,5,3,0,0,1,0,0,0,1,0,797840,8273,5822041,628,13,3853906,52,46712283
218437,11,12,2021,12,16,5,3,5,2,2,0,1,0,0,0,0,0,791168,4207,5834029,367,13,29794475,52,57818881
218436,11,3,2021,12,9,6,3,2,2,0,0,1,0,0,0,1,0,799691,115,5829228,736,13,41901192,52,53053264
218434,11,7,2021,12,12,6,3,1,5,0,0,1,0,0,0,0,1,798753,6854,5821853,334,13,39861994,52,46493662
218431,11,4,2021,12,2,3,3,2,6,2,0,1,0,0,0,0,1,794085,2165,5825955,526,13,33371932,52,50424352
218430,11,4,2021,12,11,5,3,5,2,0,1,1,0,0,0,0,1,790025,5022,5825236,312,13,27344992,52,49996881
218429,11,11,2021,12,18,5,3,8,1,2,0,1,0,0,0,0,2,806115,541,5830146,27,13,51427163,52,535184
218427,11,6,2021,12,9,6,3,6,7,0,0,1,1,0,0,0,0,789969,9282,5816231,508,13,26481146,52,41926765
218425,11,2,2021,11,15,2,2,0,1,0,0,0,0,1,0,0,1,802858,8327,5827209,815,13,46373072,52,51068661
218424,11,7,2021,12,18,7,3,6,2,2,0,1,1,0,0,0,1,796815,2271,5822347,231,13,37060939,52,47042042
218423,11,1,2021,12,10,3,3,5,3,0,0,1,0,0,0,0,0,796719,5446,5831351,679,13,37723259,52,55118807
218422,11,1,2021,12,14,1,3,0,1,0,1,0,0,0,0,0,0,797292,631,5829038,251,13,38358985,52,53013849
218420,11,2,2021,12,16,7,2,5,2,1,1,1,0,0,0,0,1,798425,688,5824777,116,13,39642275,52,49132395
218419,11,11,2021,12,16,6,2,5,3,2,0,1,0,1,0,0,0,805456,8307,5831361,301,13,50570761,52,54644525
218417,11,12,2021,12,10,5,3,5,3,0,0,1,0,0,0,0,2,792458,4425,5835352,818,13,3180961,52,58936114
218415,11,1,2021,12,19,5,3,2,6,2,0,1,0,0,0,0,1,799557,7508,5826667,513,13,41474699,52,50764849
218414,11,12,2021,12,9,2,3,0,1,0,0,0,0,0,0,1,0,790916,1488,5833770,918,13,29400554,52,57600679
218413,11,11,2021,12,10,7,3,5,2,0,0,1,0,0,0,1,0,805436,5636,5831620,855,13,50564836,52,54878281
218412,11,8,2021,11,16,3,3,2,7,2,1,1,0,0,0,0,1,801474,6199,5823442,935,13,43998737,52,47769015
218411,11,3,2021,12,11,3,3,0,2,0,1,0,0,1,0,0,0,799546,3368,5829481,97,13,41711296,52,53287417
218409,11,5,2021,12,17,3,3,2,6,1,0,1,0,0,0,0,0,783677,9615,5825981,156,13,18082878,52,50998421
218407,11,11,2021,12,1,6,3,9,1,2,0,1,0,0,0,0,1,804929,8958,5826324,448,13,49334284,52,50159778
218406,11,8,2021,12,18,2,3,6,2,2,0,0,1,0,0,1,1,802017,4334,5823497,897,13,44800532,52,47788289
218405,11,8,2021,12,15,6,3,0,6,1,0,1,0,0,0,1,0,802876,97,5818250,332,13,45585054,52,43037328
218402,11,11,2021,12,14,5,3,5,2,0,0,1,0,0,0,0,1,806623,356,5827338,71,13,51914709,52,50973892
218401,11,1,2021,12,7,6,3,0,7,0,1,0,0,0,0,0,2,797475,4059,5827934,914,13,38528932,52,52014868
218400,11,1,2021,12,20,2,2,6,2,2,0,1,1,0,0,0,1,795519,6498,5830761,808,13,35906251,52,54655273
218399,11,8,2021,12,10,4,3,5,2,0,1,1,0,0,0,0,1,801012,8968,5822573,262,13,4324246,52,47014968
218398,11,7,2021,12,16,2,2,5,3,1,1,1,0,0,0,0,1,794992,968,5825099,217,13,34628313,52,49607774
218396,11,9,2021,12,15,5,3,2,6,1,0,1,0,0,0,1,1,814228,3778,5822177,258,13,62597572,52,45916079
218395,11,1,2021,12,17,6,3,5,2,2,1,1,0,0,0,0,0,797531,7619,5829427,975,13,38745344,52,53350142
218393,11,2,2021,12,18,4,3,5,2,2,1,1,0,0,0,0,0,803474,2496,5827021,9,13,47259981,52,50866037
218390,11,7,2021,12,19,1,3,6,2,2,0,1,1,0,0,0,1,794598,5274,5825436,649,13,340801,52,49931519
218389,11,1,2021,12,17,3,3,2,6,2,0,1,0,0,0,0,1,795044,1667,5827225,4,13,34893186,52,51510609
218388,11,12,2021,12,9,4,3,5,3,0,1,1,0,0,0,0,0,790242,7518,5835864,182,13,28592983,52,59513228
218386,11,9,2021,12,17,5,3,5,3,2,0,1,0,0,0,0,0,808096,1844,5818410,511,13,53253629,52,42889421
218385,11,1,2021,12,0,6,2,5,3,2,0,1,0,0,0,0,0,792738,7955,5828288,792,13,31599219,52,52588453
218383,11,1,2021,12,15,7,3,6,4,1,1,0,1,0,0,0,1,799436,4565,5826764,446,13,41305236,52,50858393
218381,11,4,2021,12,17,3,3,5,2,2,1,1,0,0,0,0,0,791854,774,5825706,646,13,30073375,52,50321002
218380,11,9,2021,12,10,5,3,2,2,0,0,1,0,0,0,1,1,806584,3867,5822759,948,13,51436245,52,46872474
218379,11,2,2021,12,8,5,3,5,2,0,0,1,0,0,0,1,0,802073,83,5827362,833,13,45232676,52,51249379
218378,11,6,2021,12,18,6,3,6,4,2,1,0,1,0,0,0,1,789605,941,5818112,618,13,26110303,52,43632537
218376,11,4,2021,12,9,7,3,5,7,0,0,1,0,0,0,0,1,792982,1681,5822449,339,13,31443214,52,47340507
218375,11,4,2021,11,6,3,3,2,6,2,0,1,0,0,0,0,1,791122,5362,5829417,634,13,2932244,52,53686995
218374,11,1,2021,12,16,1,3,5,3,2,1,0,0,0,0,0,1,794587,2345,5828459,374,13,34331093,52,52641805
218373,11,12,2021,12,16,4,3,1,5,2,0,0,0,1,0,1,0,794142,7497,5832613,152,13,3404565,52,56389391
218372,11,2,2021,12,17,2,3,2,6,2,0,1,0,0,0,0,1,802114,4944,5827735,473,13,45327344,52,51581084
218370,11,4,2021,12,16,3,3,6,2,1,0,1,1,0,0,0,1,793661,2698,5825321,637,13,32693229,52,49878934
218369,11,9,2021,12,17,6,3,4,2,2,0,1,0,0,0,0,0,809215,4653,5823033,233,13,55322526,52,46969115
218368,11,10,2021,12,16,5,3,2,6,1,0,1,0,0,0,0,2,812267,3375,5830685,873,13,60518377,52,53653211
218366,11,12,2021,12,14,5,3,6,2,0,0,1,1,0,0,0,1,793956,8547,5836631,339,13,34128582,52,60001443
218365,11,2,2021,12,8,2,3,2,6,0,0,1,0,0,0,0,0,800433,224,5825788,677,13,42681458,52,49928979
218364,11,10,2021,12,23,2,3,5,3,2,0,1,0,0,0,0,2,811468,84,5828135,685,13,5910495,52,51413653
218363,11,6,2021,12,21,4,2,6,2,2,0,1,1,0,0,0,1,792932,2193,5817743,298,13,30957101,52,43124315
218362,11,6,2021,12,16,3,3,5,2,2,1,1,0,0,0,0,0,794097,2224,5817420,877,13,32637385,52,42772768
218360,11,4,2021,12,17,4,3,6,7,2,0,1,1,0,0,0,1,791506,279,5826293,56,13,29612754,52,50865342
218358,11,11,2021,12,14,7,3,0,5,1,0,1,0,0,0,0,1,804882,2994,5827751,149,13,49395047,52,51441121
218355,11,4,2021,12,15,3,3,0,1,0,1,0,0,0,0,0,2,794116,7352,5824690,6,13,33306479,52,49288181
218354,11,7,2021,12,18,4,2,0,1,2,1,0,0,0,0,0,1,798529,913,5823952,924,13,39721504,52,48387914
218353,11,4,2021,12,19,4,3,2,6,2,0,1,0,0,0,0,0,793995,1716,5824713,824,13,33130044,52,49316082
218352,11,7,2021,12,22,6,2,0,7,2,0,0,0,0,0,1,1,795495,762,5824441,301,13,35309714,52,48990757
218350,11,2,2021,12,14,5,2,6,4,0,0,1,1,0,0,0,0,799112,9451,5826263,65,13,40784989,52,50427249
218349,11,12,2021,12,14,5,3,5,3,0,1,1,0,0,0,0,1,793608,1481,5835165,981,13,33485298,52,58706692
218347,11,4,2021,11,19,2,3,6,2,2,0,1,1,0,0,0,1,790702,3563,5822699,933,13,28118044,52,4768698
218345,11,8,2021,12,16,3,3,2,6,2,0,1,0,0,0,0,0,803786,217,5822151,349,13,47274032,52,46483316
218343,11,7,2021,12,8,6,3,4,1,1,1,1,0,0,0,0,2,795544,5567,5825255,851,13,35453629,52,49718296
218340,11,4,2021,12,17,2,2,6,4,2,0,1,1,0,0,0,0,790921,5976,5827403,163,13,28850749,52,51891763
218339,11,9,2021,12,15,3,3,5,3,1,1,1,0,0,0,0,2,810899,7019,5820441,16,13,57552638,52,44550501
218338,11,4,2021,12,17,3,3,3,6,2,1,1,0,0,0,0,0,793153,145,5825392,632,13,31953099,52,49969897
218336,11,1,2021,12,6,6,3,5,3,2,0,1,0,0,0,0,0,798020,9509,5826589,921,13,39210135,52,50779465
218335,11,8,2021,12,22,5,3,5,3,2,0,1,0,0,0,0,1,801768,1636,5821091,469,13,44216991,52,45645139
218333,11,6,2021,11,19,2,3,0,1,2,1,0,0,0,0,0,1,791449,5825,5819050,85,13,28896465,52,44375054
218331,11,8,2021,12,12,4,3,5,3,0,0,1,0,0,0,0,0,802350,324,5822951,708,13,45239681,52,47280317
218330,11,12,2021,12,11,6,3,5,3,0,0,1,0,0,0,0,1,790135,2554,5842630,215,13,29028564,52,65584592
218329,11,5,2021,12,15,2,3,6,6,0,0,1,1,0,0,0,1,782546,3835,5827197,855,13,1652329,52,52148094
218327,11,8,2021,12,9,6,3,2,2,0,0,1,0,0,0,0,0,803804,5383,5821741,493,13,47263898,52,46114939
218326,11,1,2021,11,13,3,3,6,7,0,0,0,1,0,0,1,1,795313,9172,5831021,201,13,35626805,52,54898951
218325,11,11,2021,12,21,1,2,8,1,2,0,1,0,0,0,0,1,805845,6542,5831868,985,13,51189127,52,5507771
218324,11,2,2021,12,17,2,3,6,7,2,0,1,1,0,0,0,1,800272,3469,5824378,904,13,42318123,52,48674198
218322,11,9,2021,12,12,4,3,1,5,0,0,1,0,0,1,0,0,809143,29,5821526,217,13,55077033,52,45622631
218321,11,2,2021,12,17,6,3,2,1,2,0,1,0,0,0,0,0,802486,2213,5826433,888,13,45755197,52,50393875
218319,11,7,2021,12,8,5,3,0,2,0,1,0,0,0,0,1,2,800048,156,5820844,754,13,41670876,52,45518697
218317,11,3,2021,12,18,5,3,5,2,2,0,1,0,0,0,1,1,800172,6634,5836589,225,13,43274978,52,59624131
218316,11,8,2021,12,12,2,3,5,2,0,0,1,0,0,0,0,1,800310,9326,5816738,53,13,41687705,52,41823199
218315,11,4,2021,12,14,7,2,9,1,0,0,1,0,0,0,0,0,791172,6157,5829090,83,13,29367435,52,53391344
218314,11,9,2021,12,14,5,3,5,3,0,0,1,0,0,0,0,0,804400,4061,5821740,578,13,48138146,52,46080962
218313,11,7,2021,12,17,3,3,1,5,2,0,1,0,0,0,0,0,794759,1259,5821915,387,13,34004641,52,46766249
218311,11,12,2021,12,20,5,3,2,6,2,0,1,0,0,0,0,0,792796,4389,5832752,821,13,32077477,52,56587168
218309,11,1,2021,12,16,6,3,6,4,2,0,1,1,0,0,0,1,797688,6232,5831471,99,13,39159082,52,55173775
218306,11,3,2021,12,17,2,2,6,4,2,0,1,1,0,0,0,0,800679,3497,5833789,866,13,437668,52,57087055
218305,11,12,2021,12,18,3,3,5,3,2,0,1,0,0,0,0,2,793667,3618,5834564,786,13,33519173,52,58164566
218304,11,10,2021,12,16,3,3,6,4,1,0,1,1,0,0,0,0,811338,8441,5831956,261,13,59272914,52,54844754
218302,11,12,2021,12,13,5,3,3,6,0,0,1,0,0,0,1,0,793086,4339,5832223,601,13,32457347,52,56097145
218301,11,2,2021,12,1,1,2,5,2,2,0,1,0,0,0,0,1,800868,556,5828324,365,13,43549303,52,52177821
218299,11,3,2021,11,17,3,2,5,3,1,1,1,0,0,0,0,1,797369,327,5835183,95,13,39022253,52,58517742
218297,11,8,2021,12,21,3,3,1,5,2,1,1,0,0,0,0,0,800717,2691,5824364,225,13,42970068,52,48636552
218296,11,9,2021,12,15,1,3,0,7,1,0,1,0,0,0,0,1,804394,2904,5822392,538,13,48188632,52,46665636
218295,11,8,2021,12,19,5,2,8,1,2,0,1,0,0,0,0,2,801433,3664,5818795,923,13,43518647,52,43606043
218294,11,7,2021,12,12,3,3,0,3,0,0,1,0,1,0,0,1,798711,2794,5821875,661,13,39801757,52,46515994
218291,11,1,2021,12,18,6,3,2,6,2,0,1,0,0,0,0,1,795360,7416,5828617,89,13,35482036,52,52742051
218290,11,6,2021,12,1,1,3,8,1,2,0,1,0,0,0,0,2,795798,7701,5819017,517,13,35273929,52,44112325
218289,11,3,2021,12,10,4,2,0,7,0,1,0,0,0,0,0,1,797884,4959,5834606,428,13,3972856,52,57972658
218288,11,1,2021,12,14,1,2,5,3,0,0,1,0,1,0,0,1,794701,801,5828868,761,13,34534706,52,53002639
218286,11,10,2021,12,9,4,3,5,2,0,1,1,0,0,0,0,1,811160,8121,5829063,29,13,58740363,52,52262449
218285,11,7,2021,12,9,7,3,1,3,0,0,1,0,0,0,0,1,796812,2671,5821779,412,13,37006083,52,46533206
218283,11,4,2021,12,8,5,3,2,6,0,0,1,0,0,0,0,2,791617,1147,5824496,835,13,29618309,52,49249125
218280,11,5,2021,12,17,2,3,3,6,2,0,1,0,0,0,1,0,785396,3234,5830313,671,13,20979917,52,54793274
218279,11,11,2021,12,14,3,3,5,2,0,0,1,0,0,0,0,1,802893,317,5831205,18,13,46787706,52,54647723
218278,11,7,2021,12,15,5,3,5,7,1,0,1,0,0,0,1,0,799764,7425,5821857,796,13,41346209,52,46442287
218277,11,11,2021,12,6,3,3,5,3,2,1,1,0,0,0,0,1,806249,8575,5826813,385,13,51317761,52,50524061
218274,11,5,2021,12,14,7,3,5,2,0,0,1,0,0,0,0,1,784662,9878,5829704,407,13,19849137,52,54285381