OBJECTID,LAND,BEZ,UJAHR,UMONAT,USTUNDE,UWOCHENTAG,UKATEGORIE,UART,UTYP1,ULICHTVERH,IstRad,IstPKW,IstFuss,IstKrad,IstGkfz,IstSonstige,USTRZUSTAND,LINREFX,LINREFY,XGCSWGS84,YGCSWGS84,,,,
218273,11,9,2021,11,15,3,3,2,6,0,0,1,0,0,0,0,1,808386,6574,5819134,206,13,53746245,52,43521638
218272,11,6,2021,12,17,2,2,6,4,2,0,1,1,0,0,0,0,792359,2987,5815602,873,13,29929766,52,41236077
218271,11,4,2021,12,15,2,3,6,2,1,0,1,1,0,0,0,1,792859,4159,5824330,387,13,31428247,52,49033399
218269,11,9,2021,12,15,4,3,6,4,1,0,1,1,0,0,0,1,810403,834,5819864,254,13,56770712,52,44061838
218267,11,1,2021,12,13,4,3,1,5,0,1,1,0,0,0,0,1,793690,267,5828195,855,13,32989113,52,52453981
218265,11,9,2021,12,16,5,3,2,2,1,0,1,0,0,0,0,1,804109,3365,5823598,227,13,47880373,52,47762135
218264,11,7,2021,12,12,2,3,0,2,0,0,1,0,0,0,1,0,795995,9488,5824977,104,13,36091848,52,49443961
218263,11,9,2021,12,15,7,3,2,1,0,0,1,0,0,0,0,0,809077,3254,5818202,557,13,54672885,52,42647716
218262,11,8,2021,12,7,4,3,6,2,1,0,1,1,0,0,0,1,806083,2889,5817077,862,13,50180403,52,4180801
218261,11,6,2021,12,11,3,3,6,4,0,0,1,1,0,0,0,0,792513,9198,5817273,386,13,30302488,52,42725425
218259,11,1,2021,12,17,4,3,5,7,1,1,1,0,0,0,0,1,797910,1441,5827336,705,13,39114199,52,51454916
218258,11,11,2021,12,17,5,3,6,2,2,0,1,1,0,0,0,0,805527,1404,5833410,203,13,50862698,52,56476865
218257,11,6,2021,12,19,6,2,1,1,2,0,1,0,0,0,0,0,794750,883,5820232,91,13,33842816,52,45258487
218255,11,1,2021,12,21,6,2,5,2,2,0,1,0,0,0,0,1,799062,5815,5829002,155,13,40957161,52,52884681
218252,11,6,2021,12,17,3,3,5,3,2,1,1,0,0,0,0,0,792010,4,5820633,783,13,29857707,52,45764913
218251,11,4,2021,12,11,3,3,2,6,0,0,1,0,0,0,0,0,791261,7305,5823311,96,13,28992792,52,4820586
218250,11,11,2021,12,9,4,2,6,4,0,0,1,1,0,0,0,0,806864,9288,5823715,972,13,51935885,52,47713538
218248,11,4,2021,12,19,5,3,5,3,2,1,1,0,0,0,0,1,792969,907,5822305,232,13,31411359,52,4721202
218247,11,7,2021,12,20,7,3,6,7,2,0,0,1,0,0,1,0,795402,8131,5825327,547,13,35251798,52,49790241
218245,11,8,2021,11,16,2,3,6,2,1,0,1,1,0,0,0,1,804066,938,5821912,752,13,47663288,52,46253889
218244,11,4,2021,12,10,1,3,3,2,0,0,1,0,0,1,0,1,793792,451,5826929,47,13,33027211,52,51313237
218243,11,6,2021,12,9,4,3,6,4,0,0,0,1,1,0,0,0,791864,63,5819147,303,13,29513047,52,44440102
218242,11,7,2021,12,20,1,3,5,3,2,0,1,0,0,0,0,1,795078,8456,5821629,959,13,34448689,52,46493122
218240,11,9,2021,12,12,5,3,0,7,0,0,1,0,0,0,0,0,812319,2143,5818649,62,13,59467099,52,42864275
218239,11,2,2021,12,14,3,3,5,2,0,1,1,0,0,0,0,1,797916,269,5825263,65,13,38937697,52,49596341
218236,11,1,2021,12,13,5,3,2,6,0,0,1,0,0,0,0,1,799590,4317,5826896,97,13,41543359,52,50968728
218235,11,3,2021,12,21,6,3,2,6,2,0,1,0,0,0,0,1,801729,6655,5830075,952,13,44974324,52,53700167
218234,11,12,2021,12,21,2,3,5,3,2,0,1,0,1,0,0,2,791412,7466,5835458,714,13,30279717,52,5908717
218233,11,11,2021,11,16,3,3,5,3,2,1,0,0,0,0,0,1,803820,6939,5827214,9,13,47786412,52,51018936
218232,11,7,2021,12,10,2,2,6,2,0,0,1,1,0,0,0,0,799553,6924,5815098,6,13,4043081,52,403946
218230,11,9,2021,12,14,4,3,6,4,0,0,1,1,0,0,0,0,811096,6133,5821986,397,13,57985373,52,45924201
218228,11,10,2021,12,10,5,3,2,1,0,0,1,0,0,0,0,2,810111,976,5833266,5,13,57590431,52,56088498
218225,11,6,2021,12,14,2,3,0,7,0,0,0,0,1,0,0,1,793236,6268,5819395,588,13,31548524,52,44589248
218224,11,9,2021,12,18,4,3,6,4,2,0,0,1,0,0,1,0,811096,445,5821985,716,13,57985063,52,459236
218223,11,12,2021,12,10,5,3,5,3,0,0,0,0,0,0,1,0,791932,115,5834135,87,13,30927614,52,57872739
218222,11,3,2021,12,6,4,2,2,7,2,1,0,0,0,0,0,0,798024,781,5833256,667,13,39813671,52,56755109
218220,11,10,2021,12,17,5,3,5,3,2,0,1,0,0,0,1,0,812391,3032,5824673,128,13,60136279,52,48258001
218219,11,11,2021,12,14,5,3,5,2,0,1,1,0,0,0,0,0,806684,6153,5826909,665,13,51965164,52,5058593
218217,11,6,2021,12,14,6,2,5,3,0,0,1,0,0,0,0,1,791932,2083,5817211,898,13,29444007,52,42701371
218215,11,8,2021,12,16,3,3,5,7,2,0,1,0,0,0,0,1,801318,602,5819541,273,13,43416736,52,4428048
218214,11,12,2021,12,8,5,3,3,6,0,0,1,0,0,0,0,0,793522,2938,5834079,84,13,33262676,52,57736993
218213,11,7,2021,12,11,5,3,5,2,0,0,1,0,0,0,0,0,798714,3346,5817581,963,13,39422345,52,42667041
218212,11,5,2021,12,7,4,3,5,3,1,1,1,0,0,0,0,1,784280,9394,5830374,225,13,1934463,52,54905891
218211,11,1,2021,12,14,3,3,1,5,0,1,1,0,0,0,0,0,798711,2702,5829565,357,13,40491439,52,53408772
218209,11,1,2021,12,4,5,3,2,6,2,0,1,0,1,0,0,1,797837,6851,5830443,89,13,39286081,52,54244071
218208,11,6,2021,12,18,5,3,1,5,2,1,1,0,0,0,0,1,793662,9399,5821550,528,13,32363504,52,46498199
218207,11,4,2021,12,19,6,3,2,6,2,0,1,0,0,0,0,0,794021,718,5825929,344,13,33276338,52,50404303
218205,11,2,2021,12,15,7,3,6,7,1,0,1,1,0,0,0,1,798285,3837,5824755,489,13,39434303,52,49120677
218202,11,1,2021,12,17,2,3,6,2,2,1,0,1,0,0,0,0,797083,1658,5828186,105,13,37974976,52,52261416
218201,11,6,2021,12,8,5,1,6,7,1,0,0,1,0,1,0,1,790479,4656,5818093,53,13,27390024,52,43569101
218200,11,1,2021,12,9,4,3,5,7,1,0,1,0,0,0,0,0,794390,6226,5830781,906,13,3424787,52,54734416
218198,11,4,2021,12,12,5,3,5,7,0,1,1,0,0,0,0,0,793116,3522,5824086,459,13,31784132,52,48800935
218196,11,11,2021,11,7,2,3,5,2,1,1,0,0,0,0,1,1,803907,5438,5827891,56,13,47975866,52,51621366
218195,11,4,2021,12,19,7,3,6,2,2,0,1,1,0,0,0,0,793444,8067,5823951,257,13,32254572,52,48662087
218194,11,3,2021,12,0,3,3,1,5,2,0,1,0,0,0,1,0,803525,7105,5838712,82,13,48404804,52,61340642
218193,11,7,2021,12,22,1,3,2,6,2,0,1,0,0,0,0,1,794982,8542,5825191,796,13,34622937,52,49691264
218191,11,2,2021,12,16,4,3,5,2,1,0,1,0,1,0,0,0,797274,1707,5824519,636,13,37928278,52,48964423
218187,11,2,2021,12,8,6,3,5,7,0,1,1,0,0,0,0,0,797934,485,5824575,815,13,38902943,52,48978784
218186,11,2,2021,12,13,7,3,2,1,0,0,1,0,0,0,0,0,801225,8244,5827645,1,13,44013503,52,51549145
218185,11,10,2021,12,22,4,3,0,1,2,0,0,0,0,0,1,1,809103,305,5829470,168,13,55754883,52,52744117
218184,11,1,2021,12,8,2,2,2,6,0,0,1,0,0,0,0,0,797278,2663,5832202,171,13,3862103,52,55850703
218182,11,6,2021,12,15,5,2,1,5,0,0,1,0,0,0,1,0,795022,7724,5818097,29,13,34054375,52,43329309
218180,11,1,2021,12,16,7,2,6,4,2,0,1,1,0,0,0,0,795566,637,5828466,357,13,35770343,52,52595087
218177,11,1,2021,12,18,3,3,2,6,2,0,1,0,0,0,0,0,794408,13,5827612,901,13,3399292,52,51892671
218176,11,4,2021,12,0,3,3,1,5,2,0,1,0,0,0,0,2,794051,802,5825395,995,13,33272375,52,49924601
218175,11,1,2021,12,14,4,3,6,4,0,0,1,1,0,0,0,0,794875,4463,5832003,426,13,35069274,52,55803189
218173,11,7,2021,12,18,5,3,2,6,2,0,1,0,1,0,0,0,794601,9045,5821840,682,13,33767273,52,4670776
218172,11,10,2021,12,10,6,3,5,3,0,0,1,0,0,0,0,0,811956,1299,5830875,804,13,6007886,52,53841232
218170,11,11,2021,11,18,3,3,5,2,2,0,1,0,0,0,1,1,804595,1612,5829938,906,13,49173592,52,53417948
218168,11,10,2021,12,13,4,3,5,3,0,0,1,0,0,1,0,0,814657,3572,5829647,759,13,6393231,52,52585541
218167,11,3,2021,12,17,5,3,5,3,2,1,1,0,0,0,0,1,800422,9449,5832306,713,13,43255313,52,55771837
218166,11,7,2021,12,17,6,3,1,5,2,1,1,0,0,0,0,1,797295,533,5821444,838,13,37685555,52,4620702
218165,11,10,2021,12,14,6,3,6,7,0,1,0,1,0,0,0,0,812106,9202,5831334,237,13,60343529,52,54243405
218163,11,10,2021,12,16,6,3,5,3,2,1,1,0,0,0,0,0,811906,8985,5829738,912,13,59899829,52,52825262
218162,11,11,2021,12,5,4,3,5,2,2,1,1,0,0,0,0,1,806899,194,5832615,901,13,52806849,52,55687855
218161,11,4,2021,12,15,1,2,5,3,1,0,1,0,0,0,0,1,790571,6881,5827337,151,13,28330744,52,5185124
218160,11,5,2021,12,15,2,3,2,6,0,0,1,0,0,0,0,1,784196,6759,5830055,518,13,19193419,52,54624533
218158,11,1,2021,12,11,3,3,5,3,0,1,1,0,0,0,0,0,798243,8498,5830472,38,13,39885781,52,54247391
218157,11,1,2021,12,9,7,2,6,2,0,0,0,1,0,0,1,1,795874,1884,5831960,462,13,3653438,52,55710505
218155,11,12,2021,12,7,6,3,6,2,1,0,1,1,0,0,0,2,795289,5645,5836366,954,13,36067023,52,59692238
218153,11,9,2021,12,10,6,3,5,3,0,0,1,0,0,0,0,1,814060,6548,5820760,98,13,62218267,52,44655803
218152,11,1,2021,12,8,2,2,0,1,0,0,0,0,0,0,1,1,799586,4109,5828475,93,13,41679552,52,52383491
218151,11,6,2021,12,16,1,3,0,3,2,0,1,0,0,0,1,0,794999,864,5819665,638,13,34158073,52,44736527
218150,11,12,2021,10,8,7,2,9,1,0,0,0,0,1,0,0,1,786287,386,5834279,744,13,22632176,52,58302376
218149,11,8,2021,10,14,7,3,5,2,0,1,1,0,0,0,0,0,802487,4466,5823156,135,13,45459483,52,47455955
218148,11,8,2021,11,9,3,3,5,3,0,1,1,0,0,0,0,1,801632,486,5823755,141,13,44258075,52,48040159
218147,11,3,2021,11,18,5,3,5,2,1,1,0,0,1,0,0,1,799177,295,5831110,598,13,41315591,52,54768283
218146,11,11,2021,10,16,6,3,5,3,0,1,1,0,0,0,0,0,808694,1962,5834224,533,13,55596081,52,57028005
218145,11,4,2021,10,22,6,3,5,3,2,0,1,0,0,0,1,0,791492,139,5829242,67,13,29850485,52,53510386
218144,11,2,2021,10,11,3,3,5,3,0,0,1,0,1,0,0,0,802947,9548,5827093,539,13,4649341,52,50959497
218143,11,8,2021,10,21,3,3,6,7,2,0,1,1,0,0,0,0,800506,171,5824470,69,13,42669492,52,48743613
218142,11,6,2021,10,20,2,3,1,5,2,0,1,0,0,0,0,0,793231,7019,5815867,93,13,31231889,52,41426285
218141,11,11,2021,11,12,3,2,5,2,0,1,1,0,0,0,0,1,807284,579,5825417,152,13,52708647,52,49214567
218140,11,4,2021,10,8,4,3,6,2,0,0,1,1,0,0,0,1,792988,806,5821755,623,13,31392035,52,46718252
218139,11,3,2021,11,12,6,3,0,2,0,1,1,0,0,0,0,1,802413,1566,5829258,311,13,45904596,52,52929441
218138,11,9,2021,11,11,1,3,0,7,0,0,0,0,1,0,0,1,810844,638,5818473,954,13,57288133,52,42790855
218137,11,9,2021,11,10,4,3,1,5,0,1,1,0,0,0,0,0,811925,318,5822330,972,13,59232889,52,46185771
218136,11,1,2021,11,16,7,3,5,3,2,1,1,0,0,0,0,1,797234,849,5831333,631,13,38479407,52,55074534
218135,11,5,2021,10,3,5,3,9,1,2,0,0,0,0,0,1,0,781284,2751,5828382,481,13,1476825,52,53275557
218134,11,2,2021,10,11,2,2,5,5,0,0,1,0,1,0,0,0,797495,3695,5824014,832,13,38208041,52,48499872
218133,11,1,2021,10,7,1,3,5,3,0,0,1,0,1,0,0,0,799898,1093,5826521,573,13,41961536,52,50615338
218132,11,10,2021,11,16,4,2,5,3,2,0,1,0,1,0,0,0,811335,4715,5831855,863,13,59258545,52,54754977
218131,11,7,2021,11,17,6,3,3,6,2,1,1,0,0,0,0,0,794274,414,5822068,161,13,33306642,52,46929333
218130,11,7,2021,10,8,2,3,5,3,0,0,1,0,1,0,0,1,797264,17,5820954,49,13,37595863,52,45769177
218129,11,12,2021,10,7,4,3,2,6,0,0,0,0,1,1,0,1,793473,7862,5836106,614,13,3337088,52,59557157
218128,11,6,2021,11,13,4,3,1,5,0,0,0,0,1,0,1,1,793328,7358,5821376,786,13,31857699,52,46360396
218127,11,1,2021,11,8,4,3,2,6,0,1,1,0,0,0,0,1,797274,1279,5831288,117,13,38533092,52,55031593
218126,11,4,2021,10,19,4,3,1,5,2,1,1,0,0,0,0,0,792875,3565,5826105,418,13,31607743,52,50623803
218125,11,5,2021,10,13,5,3,0,4,0,1,0,1,0,0,0,1,782033,35,5830190,332,13,16022606,52,54857861
218124,11,4,2021,10,10,6,3,0,7,0,0,1,0,1,0,0,0,790322,9122,5827586,644,13,27986912,52,52088162
218123,11,11,2021,11,9,2,3,5,2,0,1,1,0,0,0,0,0,806912,64,5827332,943,13,52339093,52,50952456
218122,11,5,2021,11,18,5,3,5,3,2,0,1,0,0,0,1,1,784171,9311,5830042,375,13,19155902,52,5461404
218121,11,3,2021,11,7,3,3,2,6,0,0,1,0,0,0,0,0,799193,9613,5831774,907,13,41399953,52,55362816
218120,11,11,2021,10,16,7,3,5,3,0,1,0,0,1,0,0,0,805464,3224,5831368,482,13,50582435,52,54650541
218119,11,2,2021,10,13,5,3,5,3,0,0,1,0,1,0,0,0,800313,1047,5827614,702,13,4266977,52,5157232
218118,11,6,2021,10,17,3,2,5,2,0,0,1,0,0,0,0,1,795152,4188,5818236,299,13,34256796,52,43446929
218117,11,10,2021,11,17,2,3,6,2,2,0,0,1,0,0,1,1,812343,1341,5823841,498,13,59987684,52,47515514
218116,11,1,2021,11,10,5,3,5,3,0,1,1,0,0,0,0,0,796943,2605,5826780,722,13,37643947,52,51009263
218115,11,3,2021,11,21,1,3,2,6,2,0,1,0,0,0,0,1,802303,7696,5829185,312,13,45737199,52,5287008
218114,11,1,2021,10,10,3,3,2,6,0,0,1,0,0,0,0,1,797337,9384,5831214,758,13,38620355,52,54962354
218113,11,3,2021,11,18,7,3,1,5,2,0,1,0,0,0,0,1,804090,6239,5842139,366,13,49551879,52,64380711
218112,11,10,2021,10,15,5,3,5,7,0,0,1,0,0,0,0,0,809017,722,5830241,23,13,55701205,52,53439955
218111,11,11,2021,10,13,6,3,2,6,0,0,1,0,0,0,0,1,803553,1429,5829753,701,13,47625163,52,53310086
218110,11,1,2021,10,16,6,3,0,7,0,0,1,0,1,0,0,1,797933,3927,5830830,264,13,39461445,52,54585171
218109,11,1,2021,10,16,6,3,6,7,0,0,0,1,0,0,1,0,798405,7529,5829042,158,13,39995388,52,52956532
218108,11,1,2021,11,14,2,3,5,2,0,0,1,0,0,0,1,0,795878,3428,5831961,321,13,36540567,52,55711049
218107,11,9,2021,11,8,6,3,5,2,0,0,1,0,0,0,0,1,804630,2502,5823363,388,13,48623552,52,47522627
218106,11,3,2021,11,8,4,3,6,4,0,0,0,1,0,0,1,1,798835,6389,5834949,976,13,41159065,52,58228444
218105,11,5,2021,10,15,6,3,2,6,0,0,1,0,0,0,0,0,780031,9834,5827701,443,13,12869533,52,52729371
218104,11,7,2021,10,11,3,3,5,2,0,0,1,0,0,0,1,0,797248,4973,5815552,985,13,37092637,52,4092807
218103,11,5,2021,10,6,4,3,5,3,1,1,1,0,0,0,0,0,785134,9827,5829611,958,13,2053531,52,54177811
218102,11,12,2021,11,9,2,3,6,4,0,0,1,1,0,0,0,1,793310,1237,5832736,2,13,32831681,52,56544439
218101,11,4,2021,10,11,3,3,0,6,0,1,0,0,0,0,1,1,792389,9785,5825404,356,13,30833082,52,50021352
218100,11,3,2021,10,12,4,3,2,6,0,1,0,0,0,0,0,0,801303,2317,5830332,944,13,44370802,52,53954104
218099,11,8,2021,11,16,7,3,5,3,2,1,1,0,0,0,0,0,801186,2094,5821807,342,13,43427703,52,46318898
218098,11,8,2021,11,16,2,3,5,3,2,1,1,0,0,0,0,1,801422,9244,5822254,935,13,43815504,52,46707035
218097,11,8,2021,11,6,3,2,5,3,1,0,1,0,0,0,0,1,802290,7134,5823886,273,13,45236899,52,48121275
218096,11,11,2021,11,15,2,3,2,6,0,0,1,0,0,0,0,0,803195,2199,5830293,935,13,47148395,52,53814206
218095,11,10,2021,10,10,7,3,5,3,0,0,1,0,0,0,0,0,807811,5772,5830770,691,13,53977651,52,53982701
218094,11,9,2021,10,10,7,2,6,4,0,0,1,1,0,0,0,0,810270,818,5820361,649,13,56622931,52,44515095
218093,11,4,2021,11,14,3,3,2,2,0,0,1,0,0,0,0,0,793340,1376,5822278,867,13,3195374,52,47168472
218092,11,12,2021,11,18,5,3,5,2,1,1,1,0,0,0,0,1,791910,1561,5831512,121,13,3066448,52,55522514
218091,11,8,2021,10,0,1,3,2,6,2,0,1,0,0,0,0,0,802363,1547,5822767,133,13,45241784,52,47114171
218090,11,7,2021,10,12,4,3,2,6,0,0,1,0,0,0,0,1,795319,726,5821655,708,13,3480451,52,4650319
218089,11,4,2021,10,4,3,3,0,2,2,0,0,0,1,1,0,0,792438,992,5824112,558,13,30790372,52,48860706
218088,11,7,2021,10,16,2,2,7,7,0,1,0,0,0,0,0,0,795839,4808,5825400,693,13,35899668,52,49832157
218087,11,12,2021,11,18,4,3,0,2,2,1,1,0,0,0,0,0,790182,169,5834504,656,13,28384485,52,58297666
218086,11,4,2021,11,18,3,3,6,4,1,0,1,1,0,0,0,0,792332,1522,5827222,257,13,30907791,52,51654154
218085,11,3,2021,10,15,4,3,5,3,0,1,1,0,0,0,0,0,803515,9444,5832271,483,13,47800545,52,55568763
218084,11,8,2021,10,13,6,3,1,1,0,0,1,0,0,0,1,1,803637,8936,5818672,758,13,46740459,52,43373719
218083,11,12,2021,11,15,6,3,2,6,0,0,1,0,0,0,0,0,792875,5789,5832145,876,13,32140327,52,56038815
218082,11,2,2021,11,13,2,3,0,6,0,1,1,0,0,0,0,0,803010,1261,5828274,61,13,46692237,52,52014127
218081,11,2,2021,11,14,4,3,3,6,0,1,1,0,0,0,0,0,797060,7696,5823992,708,13,37567937,52,48503702
218080,11,4,2021,11,9,3,3,5,2,0,1,1,0,0,0,0,0,793442,2495,5824124,351,13,32266058,52,48817396
218079,11,6,2021,10,11,7,3,5,3,0,1,1,0,0,0,0,0,789118,3811,5816916,266,13,25291639,52,42585741
218078,11,11,2021,10,8,4,3,2,6,0,0,1,0,1,0,0,0,803579,3915,5829710,823,13,47659825,52,53270194
218077,11,3,2021,10,11,2,3,1,1,0,0,1,0,0,0,0,0,801836,492,5829920,906,13,45117267,52,53555284
218076,11,12,2021,11,7,2,3,5,3,0,1,1,0,0,0,0,0,795309,6663,5833296,429,13,35823008,52,56938718
218075,11,7,2021,11,17,4,3,2,6,2,0,1,0,0,0,0,0,794941,8833,5824322,315,13,34485788,52,48914047
218074,11,8,2021,11,13,6,3,2,6,0,0,1,0,0,0,0,0,803058,1219,5822595,662,13,46246208,52,46921973
218073,11,4,2021,10,15,3,2,5,3,0,0,1,0,0,0,1,1,791667,4541,5827502,271,13,29955554,52,51940771
218072,11,2,2021,10,16,5,3,0,1,0,1,1,0,0,0,0,1,803110,1073,5826921,597,13,46715949,52,5079638
218071,11,5,2021,11,14,6,2,6,4,0,0,1,1,0,0,0,0,789724,2993,5829341,266,13,27260029,52,53693046
218070,11,10,2021,11,6,3,3,1,5,1,0,1,0,0,1,0,1,811017,4108,5828238,16,13,58452532,52,51531071
218069,11,1,2021,10,9,5,3,2,2,0,0,1,0,1,0,0,0,799045,2331,5828482,918,13,40884968,52,52420214
218068,11,1,2021,10,20,7,3,5,7,2,0,1,0,1,0,0,0,797049,1392,5826546,139,13,37778564,52,5079322
218067,11,5,2021,10,12,1,2,4,1,0,0,1,0,0,0,0,0,785030,106,5831155,111,13,20513542,52,55566875
218066,11,5,2021,10,6,6,3,2,6,1,0,1,0,1,0,0,0,786849,7816,5828186,689,13,22933917,52,52809962
218065,11,4,2021,11,15,2,3,2,2,0,0,1,0,1,0,0,0,793522,1417,5825721,807,13,32524138,52,50245154
218064,11,3,2021,11,13,5,3,5,3,0,0,1,0,0,0,0,1,799484,4246,5831946,369,13,41842557,52,55500541
218063,11,8,2021,11,10,5,3,0,5,0,0,1,0,0,0,1,1,800626,9836,5823102,933,13,4272378,52,47510983
218062,11,1,2021,10,23,1,3,5,3,2,1,0,0,0,0,0,0,798418,8708,5828959,836,13,40007279,52,52882024
218061,11,4,2021,10,13,5,3,5,3,0,0,1,0,0,0,0,0,788853,2243,5827465,699,13,2581635,52,52057784
218060,11,8,2021,10,13,3,2,2,7,0,0,1,0,0,0,0,0,802791,1725,5820807,225,13,45692195,52,45333793
218059,11,4,2021,11,19,2,3,0,2,2,1,1,0,0,0,0,1,791944,3909,5826119,425,13,30241225,52,50686257
218058,11,3,2021,11,9,5,3,5,2,0,1,1,0,0,0,0,0,795895,37,5835406,132,13,36872494,52,58798055
218057,11,3,2021,11,18,7,3,5,7,2,0,1,0,0,0,0,0,800468,765,5829081,978,13,43031023,52,52878907
218056,11,8,2021,10,7,3,2,5,3,1,1,1,0,0,0,0,1,804753,3717,5818467,71,13,48357462,52,43127338
218055,11,3,2021,10,7,4,3,2,6,0,1,0,0,0,0,0,0,799216,2572,5829264,475,13,4120663,52,53111379
218054,11,5,2021,11,17,7,3,6,2,2,0,1,1,0,0,0,1,785205,9081,5831816,467,13,20828984,52,56150633
218053,11,2,2021,11,20,1,3,6,4,2,0,1,1,0,0,0,1,797474,3837,5824569,155,13,38226704,52,48997906
218052,11,4,2021,10,19,5,3,1,5,2,1,1,0,0,0,0,0,792391,7045,5826624,419,13,30942772,52,51115016
218051,11,1,2021,10,12,6,3,5,3,0,1,1,0,0,0,0,1,798077,705,5828852,787,13,39496255,52,52804734
218050,11,8,2021,10,9,4,3,1,5,0,1,1,0,0,0,1,1,801978,5272,5820716,54,13,4449174,52,45297464
218049,11,1,2021,11,20,6,3,6,4,2,1,0,1,0,0,0,0,795605,3734,5829372,36,13,35908649,52,53404817
218048,11,7,2021,11,17,3,3,2,6,2,1,1,0,0,0,0,0,796415,44,5816593,8,13,35963683,52,41906254
218047,11,11,2021,10,15,5,3,5,2,0,1,1,0,0,0,0,0,807248,7897,5824232,722,13,52546916,52,48155078
218046,11,2,2021,10,8,6,3,5,7,0,0,1,0,0,0,0,0,801322,3579,5827685,135,13,44158966,52,51579785
218045,11,11,2021,10,10,1,3,2,6,0,0,1,0,1,0,0,0,804183,7713,5829568,281,13,48535039,52,53108746
218044,11,3,2021,10,9,6,3,5,3,0,1,1,0,0,0,0,0,800617,3466,5831413,708,13,43460346,52,54960693
218043,11,1,2021,11,11,2,2,3,6,0,0,1,0,1,0,0,0,798274,413,5830102,186,13,3989748,52,53913891
218042,11,11,2021,11,13,5,3,3,6,0,0,1,0,0,0,0,1,804890,7803,5825245,566,13,49178089,52,4919501
218041,11,3,2021,11,8,3,3,5,3,0,0,1,0,1,0,0,0,798077,8972,5834696,722,13,40021258,52,58043003
218040,11,5,2021,10,16,1,2,8,1,0,1,1,0,0,0,0,0,783937,7707,5822914,41,13,18203255,52,4823519
218039,11,1,2021,10,17,5,3,2,7,1,0,0,0,1,0,1,0,794163,6027,5830362,721,13,33876917,52,54370908
218038,11,10,2021,10,11,2,2,6,7,0,0,1,1,0,0,0,0,811559,1279,5827328,206,13,59163099,52,50684848
218037,11,9,2021,11,16,2,3,2,6,2,0,1,0,0,0,0,1,804252,4835,5821523,253,13,4790129,52,45894416
218036,11,4,2021,11,20,5,3,2,6,2,0,1,0,0,0,0,1,790332,7172,5827298,562,13,27976179,52,51829372
218035,11,1,2021,11,16,1,3,2,6,1,0,1,0,0,0,0,1,797933,5279,5831857,225,13,39553789,52,55505696
218034,11,1,2021,10,9,2,3,5,2,0,0,1,0,0,0,1,1,794726,8285,5830012,384,13,34673971,52,5402642
218033,11,6,2021,10,16,1,3,5,3,0,0,1,0,0,0,0,0,791940,4084,5817218,89,13,29456643,52,42707201
218032,11,9,2021,11,20,7,3,6,2,2,0,1,1,0,0,0,1,804094,2715,5823583,317,13,478569,52,4774961
218031,11,7,2021,11,19,1,2,5,3,2,0,1,0,0,0,0,1,797247,4548,5815540,801,13,37090027,52,40917205
218030,11,10,2021,10,7,5,3,5,3,0,0,1,0,0,0,1,0,809058,1138,5828645,6,13,55612261,52,52007708
218029,11,3,2021,10,12,6,3,6,4,0,0,1,1,0,0,0,0,802225,618,5829352,841,13,45637575,52,53024568
218028,11,11,2021,10,7,2,3,5,3,0,0,0,0,0,1,1,0,805199,7357,5828890,886,13,49965943,52,52444851
218027,11,8,2021,10,18,6,3,2,7,1,0,1,0,0,0,1,0,801316,6396,5823977,973,13,43815179,52,48257301
218026,11,10,2021,11,9,3,3,2,7,0,0,1,0,0,0,0,1,809241,9677,5831969,14,13,56191578,52,54975614
218025,11,6,2021,11,8,4,3,0,7,0,1,0,0,0,0,0,1,792775,2687,5819176,196,13,30852417,52,4441729
218024,11,4,2021,10,12,6,3,2,7,0,0,1,0,1,0,0,0,792344,6702,5825376,109,13,30764046,52,49998457
218023,11,9,2021,10,14,3,3,5,3,0,0,1,0,0,0,0,0,808101,1796,5818953,866,13,53311015,52,43376102
218022,11,8,2021,10,6,4,3,5,7,1,0,1,1,0,0,0,0,800181,45,5823643,841,13,42117876,52,48020349
218021,11,1,2021,10,10,3,2,5,2,0,1,0,0,0,1,0,1,799055,3619,5829004,53,13,40946721,52,52886778
218020,11,4,2021,10,9,2,3,5,3,0,1,1,0,0,0,0,0,793570,843,5825235,755,13,32552833,52,49806809
218019,11,12,2021,11,16,2,3,5,2,1,1,1,0,0,0,0,0,792262,3708,5833932,26,13,31395729,52,57673185
218018,11,8,2021,10,20,3,3,2,6,2,1,1,0,0,0,0,0,801442,7896,5822270,821,13,43846093,52,46720179
218017,11,11,2021,10,16,4,3,2,2,0,0,0,0,1,0,1,0,803360,2606,5830068,24,13,47370386,52,53602738
218016,11,12,2021,11,14,1,3,3,6,0,0,1,0,0,0,0,0,791930,3797,5831483,9,13,30691665,52,55495332
218015,11,12,2021,11,7,3,3,5,3,0,0,1,0,0,0,0,1,794076,4531,5832619,157,13,33948659,52,56398355