OBJECTID,LAND,BEZ,UJAHR,UMONAT,USTUNDE,UWOCHENTAG,UKATEGORIE,UART,UTYP1,ULICHTVERH,IstRad,IstPKW,IstFuss,IstKrad,IstGkfz,IstSonstige,USTRZUSTAND,LINREFX,LINREFY,XGCSWGS84,YGCSWGS84,,,,
217795,11,2,2021,11,17,5,3,3,6,2,1,1,0,0,0,0,1,799215,8326,5825966,99,13,40909382,52,50154896
217794,11,8,2021,11,18,3,3,5,3,2,1,1,0,0,0,0,1,801264,7693,5824590,738,13,43794409,52,48809399
217793,11,5,2021,10,7,4,3,5,2,0,1,1,0,0,0,0,1,783326,9371,5827682,732,13,17711955,52,52542344
217792,11,2,2021,10,18,4,3,1,5,0,0,1,0,0,0,0,0,803047,9498,5826577,318,13,46593307,52,50491261
217791,11,8,2021,11,23,6,3,2,6,2,0,1,0,0,0,0,0,804510,9249,5816087,836,13,47785428,52,4100837
217790,11,9,2021,11,16,7,3,3,7,1,0,1,0,0,0,0,0,809414,595,5818616,934,13,55204881,52,43000047
217789,11,7,2021,11,15,4,3,5,2,0,1,0,0,0,1,0,0,796589,4753,5815862,363,13,3615403,52,41241146
217788,11,12,2021,11,21,1,3,5,3,2,0,1,0,0,0,0,0,795771,7398,5832573,63,13,36438302,52,56265206
217787,11,8,2021,10,8,7,2,5,2,0,0,1,0,0,0,0,0,805547,183,5818559,307,13,49529859,52,43165729
217786,11,2,2021,10,17,4,3,5,3,1,0,1,0,0,0,0,0,803009,402,5828269,27,13,46690205,52,52009893
217785,11,4,2021,10,5,1,3,8,1,2,0,1,0,0,0,0,0,791702,9295,5827860,322,13,3003909,52,5225986
217784,11,5,2021,10,20,1,3,2,6,2,0,1,0,0,0,0,0,781305,9141,5828390,668,13,14800759,52,53281781
217783,11,5,2021,11,15,5,3,2,2,0,0,1,0,0,0,0,0,781984,4125,5828468,758,13,15805007,52,53316738
217782,11,10,2021,11,15,6,3,5,2,0,0,1,0,0,0,0,0,806307,8311,5830190,137,13,5171384,52,53547129
217781,11,2,2021,10,18,7,3,2,2,1,0,1,0,0,0,0,0,798802,2857,5824933,833,13,40209357,52,4925227
217780,11,3,2021,10,18,5,3,6,2,2,0,1,1,0,0,0,1,798614,9592,5833053,371,13,40663536,52,56540543
217779,11,3,2021,11,18,5,2,5,2,2,1,0,0,0,0,0,0,800000,7762,5833019,303,13,42698872,52,56433822
217778,11,1,2021,11,5,3,3,2,6,2,0,1,0,0,0,0,1,797119,3137,5831888,236,13,38359147,52,55577974
217777,11,4,2021,10,14,5,3,5,2,0,1,1,0,0,0,0,0,792918,5287,5826769,271,13,31729591,52,51216606
217776,11,10,2021,10,14,5,3,5,3,0,1,1,0,0,0,0,1,812638,5849,5825271,624,13,60555366,52,48780172
217775,11,3,2021,10,15,5,3,2,6,0,1,1,0,0,0,0,0,801641,19,5842236,16,13,45951335,52,64604121
217774,11,1,2021,11,7,2,3,2,6,0,0,1,0,0,0,0,1,795648,1311,5829724,9,13,36002814,52,5371801
217773,11,7,2021,11,16,5,3,1,5,1,1,1,0,0,0,0,1,794395,9728,5822574,53,13,33529722,52,4737629
217772,11,7,2021,11,12,3,3,5,7,0,0,1,0,0,1,0,0,796530,945,5815645,759,13,36049041,52,41050147
217771,11,11,2021,10,12,2,3,5,7,0,0,1,0,0,0,1,0,803792,5958,5827708,675,13,47790292,52,51463855
217770,11,12,2021,10,8,5,3,5,2,0,0,1,0,1,0,0,0,794343,2961,5834566,475,13,34514037,52,58129556
217769,11,11,2021,10,7,3,3,6,4,0,0,1,1,0,0,0,0,803815,9661,5829074,974,13,47949415,52,52687124
217768,11,4,2021,11,16,3,3,2,7,1,0,1,0,0,0,0,0,786554,7688,5826176,584,13,22327074,52,51023274
217767,11,10,2021,11,12,5,3,5,3,0,1,1,0,0,0,0,0,813245,1958,5831083,634,13,61992887,52,53953529
217766,11,3,2021,11,16,1,3,5,3,1,0,1,0,0,0,0,1,795968,8967,5835562,709,13,36995187,52,58934391
217765,11,1,2021,10,8,2,3,6,4,0,1,0,1,0,0,0,0,795008,131,5826317,568,13,34759624,52,50699081
217764,11,2,2021,10,19,2,3,5,3,1,0,1,0,0,0,1,0,801248,9463,5827827,909,13,44064035,52,51711811
217763,11,1,2021,11,16,7,3,6,4,2,0,1,1,0,0,0,1,797046,9722,5826538,653,13,37774713,52,50786628
217762,11,6,2021,10,18,5,3,6,2,1,0,1,1,0,0,0,0,791543,5662,5819562,899,13,29079102,52,44829785
217761,11,4,2021,10,0,7,2,8,1,2,0,1,0,0,0,0,0,792647,353,5827107,493,13,31360417,52,51534384
217760,11,12,2021,10,20,6,3,0,3,2,0,1,0,1,0,0,1,792883,119,5837526,567,13,32626982,52,60861904
217759,11,1,2021,10,15,6,3,6,4,0,1,0,1,0,0,0,0,794864,252,5827696,445,13,34670603,52,51942919
217758,11,5,2021,11,15,2,3,5,2,0,0,1,0,0,0,0,1,784788,699,5828800,68,13,19955568,52,53468017
217757,11,4,2021,11,7,6,3,1,5,0,1,1,0,0,0,0,1,791856,8999,5825917,106,13,30094947,52,50509562
217756,11,9,2021,11,17,4,3,6,4,2,0,0,1,0,0,1,0,806570,4876,5822071,77,13,51352629,52,46256485
217755,11,4,2021,10,0,6,3,0,1,2,1,0,0,0,0,0,0,794444,5364,5825803,45,13,33886339,52,50268646
217754,11,11,2021,10,10,3,3,5,3,0,0,1,0,0,0,0,0,805142,2051,5829994,662,13,49982712,52,53437321
217753,11,8,2021,10,19,3,3,1,5,2,1,1,0,0,0,0,1,801329,1614,5823989,951,13,43834645,52,48267346
217752,11,12,2021,11,12,3,3,5,3,0,0,1,0,1,0,0,1,793640,4239,5837890,572,13,33774443,52,6114735
217751,11,4,2021,10,7,3,3,1,5,1,1,1,0,0,0,0,1,793136,5496,5824524,896,13,31852361,52,49192894
217750,11,1,2021,10,13,4,3,4,1,0,0,1,0,1,0,0,0,797671,5402,5831905,39,13,39172821,52,55563195
217749,11,1,2021,11,12,1,3,5,3,0,0,1,0,0,0,0,1,800066,5206,5826414,449,13,42199267,52,50510059
217748,11,7,2021,11,6,2,2,5,5,2,0,1,0,1,0,0,1,795864,8567,5816161,319,13,35118196,52,41548354
217747,11,3,2021,11,14,4,3,8,1,0,0,1,0,0,0,0,0,801463,8187,5837062,106,13,45218475,52,59976551
217746,11,5,2021,11,15,7,3,6,4,0,0,1,1,0,0,0,0,784518,6303,5828640,247,13,19545722,52,53338794
217745,11,1,2021,10,9,7,3,5,3,0,1,1,0,0,0,0,0,797677,1388,5827961,612,13,38827762,52,52027791
217744,11,12,2021,10,10,7,2,5,2,0,0,1,0,0,0,0,0,793422,8728,5836089,721,13,33294433,52,59544761
217743,11,3,2021,11,15,3,3,0,6,0,1,0,0,0,0,1,0,798254,3574,5830915,64,13,39940977,52,54643621
217742,11,10,2021,11,13,5,3,5,3,0,0,1,0,0,0,0,0,809743,15,5831427,319,13,5687763,52,54461708
217741,11,4,2021,10,20,7,3,0,7,2,1,0,0,0,0,0,0,789755,7743,5829879,799,13,2735327,52,54174174
217740,11,6,2021,10,9,4,3,1,5,0,0,1,0,0,0,0,0,789054,2755,5819700,686,13,25438428,52,45085501
217739,11,1,2021,10,8,3,2,5,3,0,0,1,0,0,0,1,1,798481,3109,5826666,178,13,3989326,52,50822652
217738,11,6,2021,11,16,4,3,5,2,2,1,1,0,0,0,0,1,793122,7448,5817655,37,13,312288,52,43034985
217737,11,4,2021,11,20,3,2,5,2,2,0,1,0,0,0,0,1,793341,1986,5829717,341,13,32610691,52,53836698
217736,11,4,2021,10,16,4,3,3,6,0,0,1,0,0,1,0,0,790158,6475,5826066,708,13,27612951,52,50734265
217735,11,7,2021,10,14,3,3,2,6,0,0,1,0,0,0,0,0,796791,21,5821977,181,13,36992491,52,46711642
217734,11,2,2021,10,13,4,3,1,5,0,1,1,0,0,0,0,0,799859,2491,5824780,393,13,41747697,52,49056775
217733,11,7,2021,11,10,2,3,6,2,0,0,1,1,0,0,0,0,797675,3937,5823654,682,13,38440213,52,48167226
217732,11,6,2021,10,7,3,3,6,2,2,0,1,1,0,0,0,1,796471,1648,5818336,72,13,36199819,52,43465051
217731,11,12,2021,11,4,7,2,1,5,2,1,1,0,0,0,0,0,788547,4648,5832781,31,13,25828718,52,56839333
217730,11,4,2021,11,13,2,3,5,2,0,1,1,0,0,0,0,1,792918,5165,5826769,293,13,31729575,52,51216626
217729,11,8,2021,11,6,3,3,2,6,2,0,1,0,0,0,0,1,801555,2123,5817377,55,13,43569401,52,42327547
217728,11,8,2021,11,8,6,3,2,6,0,1,1,0,0,0,0,0,805605,8432,5817374,997,13,49507671,52,42101
217727,11,8,2021,10,2,7,3,0,1,2,0,0,0,0,0,1,0,800153,3446,5823651,3,13,42077881,52,48028557
217726,11,7,2021,10,11,7,3,5,3,0,0,1,0,0,0,1,0,799067,517,5814291,839,13,39646306,52,39698537
217725,11,11,2021,11,10,3,3,0,2,0,1,1,0,0,0,0,1,805516,5431,5830038,506,13,50536912,52,53455646
217724,11,1,2021,11,18,5,3,5,7,2,0,1,0,0,0,1,1,797641,2577,5828171,7,13,38793835,52,52218069
217723,11,1,2021,10,14,7,2,6,7,0,0,0,1,0,0,1,0,797033,2326,5831564,32,13,38203567,52,55292317
217722,11,10,2021,10,15,6,3,6,2,0,0,1,1,0,0,0,0,812262,7242,5830197,414,13,60465709,52,53215762
217721,11,7,2021,10,21,3,3,0,7,2,1,0,0,0,0,0,1,796012,13,5825353,78,13,36149085,52,49780742
217720,11,9,2021,10,6,3,2,6,4,2,0,1,1,0,0,0,1,809889,944,5819261,245,13,55961057,52,43550581
217719,11,2,2021,11,19,4,3,0,6,2,0,1,0,1,0,0,1,799792,3735,5826023,636,13,41761383,52,50174826
217718,11,6,2021,11,20,3,3,0,7,2,0,0,0,0,0,1,1,793601,5524,5821408,944,13,32260945,52,46374572
217717,11,7,2021,10,11,4,2,5,2,0,0,1,0,1,0,0,0,798582,224,5816765,711,13,39155478,52,41942585
217716,11,4,2021,10,9,6,3,2,6,0,0,1,0,0,0,1,1,790476,4714,5829037,95,13,2833939,52,53381083
217715,11,3,2021,11,21,6,2,2,6,2,0,1,0,0,0,0,0,799608,8222,5836307,847,13,42419582,52,59403018
217714,11,2,2021,11,10,7,3,5,2,0,0,1,0,0,0,0,0,798221,3117,5825857,213,13,39438846,52,50111736
217713,11,12,2021,11,18,4,3,0,7,1,0,1,0,0,0,1,0,792912,2192,5832705,463,13,32243623,52,56538485
217712,11,7,2021,11,16,2,3,6,2,0,0,1,1,0,0,0,0,794956,3071,5824461,191,13,34519262,52,49037761
217711,11,3,2021,10,10,7,3,0,2,0,1,1,0,0,0,0,0,798934,5028,5832600,956,13,41092805,52,56117488
217710,11,1,2021,10,17,4,2,6,4,0,0,0,1,0,0,1,0,793977,8595,5828195,861,13,33412148,52,52438474
217709,11,6,2021,10,17,2,3,0,1,1,1,0,0,0,0,0,0,787637,6549,5818131,101,13,23224473,52,43752978
217708,11,2,2021,11,9,2,3,5,2,0,0,1,0,0,0,1,0,801768,164,5828663,693,13,44902719,52,52432225
217707,11,3,2021,11,8,4,3,5,2,0,1,0,0,0,0,1,0,802027,67,5836402,12,13,4598737,52,59353666
217706,11,11,2021,11,10,6,3,5,3,0,0,1,0,0,0,0,1,802950,2805,5829192,375,13,46687958,52,52840521
217705,11,2,2021,10,13,1,3,5,3,0,0,1,0,1,0,0,0,798622,4675,5825074,61,13,39957858,52,49387807
217704,11,7,2021,10,23,4,3,0,1,2,0,0,0,0,0,1,0,795226,9234,5825061,262,13,3496985,52,49561053
217703,11,2,2021,11,14,6,3,0,7,0,0,0,0,1,0,0,0,801879,9163,5828966,997,13,45094471,52,5269789
217702,11,1,2021,11,9,4,3,5,2,0,1,1,0,0,0,0,1,795420,8157,5827463,277,13,35467776,52,5170378
217701,11,2,2021,10,18,4,3,6,4,2,0,1,1,0,0,0,0,799629,3439,5826168,3,13,41534915,52,50313183
217700,11,10,2021,10,8,7,3,5,3,0,0,1,0,0,0,0,1,810264,8895,5833858,625,13,57871987,52,56610806
217699,11,11,2021,10,14,6,3,5,2,0,0,0,0,0,0,1,0,803342,1215,5830064,297,13,47343365,52,53600213
217698,11,11,2021,11,6,3,3,5,3,1,0,1,0,1,0,0,1,805687,834,5827464,222,13,5055096,52,51138924
217697,11,1,2021,11,19,5,2,6,2,1,0,1,1,0,0,0,1,797699,7384,5830672,223,13,39103733,52,5445628
217696,11,2,2021,11,9,4,3,5,2,0,1,1,0,0,0,0,1,798181,2266,5826512,671,13,39438668,52,50701462
217695,11,2,2021,10,5,7,2,1,5,2,1,1,0,0,0,0,0,798826,9264,5824910,895,13,40243485,52,49230361
217694,11,8,2021,10,16,5,3,6,7,0,0,1,1,0,0,0,0,805132,1922,5817982,729,13,48868743,52,42672121
217693,11,6,2021,10,9,3,3,0,2,0,1,1,0,0,0,0,1,795673,2401,5818237,823,13,35020817,52,43420167
217692,11,7,2021,10,22,2,3,5,7,2,0,0,0,1,0,1,0,796858,1479,5820177,852,13,36931014,52,45095059
217691,11,11,2021,11,16,2,3,3,6,1,1,0,0,0,0,0,1,805310,8461,5833202,858,13,50525509,52,56303169
217690,11,6,2021,11,15,6,3,9,1,0,0,1,0,0,0,0,1,784712,1106,5819832,172,13,1907742,52,45431283
217689,11,3,2021,11,5,7,3,0,6,2,0,1,0,0,0,0,0,797169,686,5835656,649,13,38770016,52,58953163
217688,11,10,2021,10,13,3,3,1,5,0,0,1,0,0,0,0,1,811932,7101,5824616,727,13,59457879,52,48233674
217687,11,1,2021,11,16,7,3,3,6,2,0,1,0,1,0,0,1,797439,4972,5831126,888,13,38761823,52,54878044
217686,11,2,2021,11,17,2,3,6,2,2,0,1,1,0,0,0,1,797108,248,5824306,19,13,37665252,52,48781982
217685,11,10,2021,10,6,5,3,5,2,0,0,1,0,0,0,0,0,807453,2498,5828733,919,13,53262606,52,52177576
217684,11,2,2021,10,7,6,3,1,5,2,1,1,0,0,0,0,0,801656,3119,5828260,97,13,44701828,52,52077451
217683,11,1,2021,10,16,2,3,6,4,0,1,0,1,0,0,0,0,797103,4106,5831715,314,13,38320282,52,55423838
217682,11,4,2021,10,14,6,3,1,5,0,0,1,0,1,0,0,0,792911,8879,5823317,8,13,31416252,52,48122118
217681,11,1,2021,11,9,4,3,3,6,0,0,0,0,1,0,1,0,798113,8543,5826923,24,13,39376448,52,51072974
217680,11,8,2021,11,17,5,3,1,5,2,0,1,0,0,0,0,1,801963,9019,5823073,637,13,44683538,52,47410979
217679,11,4,2021,10,14,6,3,2,6,0,0,1,0,0,0,0,0,791931,976,5826118,45,13,30221574,52,50685731
217678,11,7,2021,10,8,3,2,5,2,0,1,1,0,0,0,0,0,797842,741,5822041,767,13,38541881,52,46712304
217677,11,4,2021,10,23,3,3,2,6,2,0,1,0,0,0,0,0,794303,3242,5824164,105,13,33534068,52,48806683
217676,11,1,2021,10,10,2,3,1,5,0,1,0,0,0,0,1,1,799485,2207,5826632,238,13,41364978,52,50737212
217675,11,9,2021,11,16,2,2,5,3,1,0,1,0,1,0,0,0,810837,4905,5818460,646,13,5727726,52,42779302
217674,11,7,2021,10,18,4,2,0,7,1,0,1,0,0,0,0,0,799617,6185,5813175,761,13,40352625,52,38668045
217673,11,1,2021,10,2,1,3,0,1,2,1,0,0,0,0,0,0,798753,5641,5828367,619,13,40445982,52,52332854
217672,11,7,2021,11,18,7,3,2,6,2,0,1,0,1,0,0,0,796739,4054,5824806,404,13,37168522,52,49250577
217671,11,11,2021,11,11,3,3,5,3,0,0,1,0,0,0,0,1,805617,3206,5831149,146,13,50787178,52,54445385
217670,11,6,2021,11,21,2,3,5,7,2,0,1,0,1,0,0,0,793741,3216,5820565,818,13,32391896,52,45611229
217669,11,11,2021,10,0,1,1,5,2,2,0,1,0,0,0,1,0,805132,5632,5830007,835,13,4996975,52,53449667
217668,11,8,2021,10,20,7,3,2,6,2,0,1,0,0,0,0,0,804905,3276,5815668,925,13,48325329,52,40610958
217667,11,1,2021,11,11,4,3,5,2,0,0,1,0,0,1,0,0,794616,7923,5829881,698,13,34500605,52,5391522
217666,11,8,2021,11,12,7,3,2,6,0,0,1,0,1,0,0,0,801693,2712,5822575,198,13,44241222,52,46979173
217665,11,3,2021,10,4,2,3,0,1,2,0,0,0,1,0,0,1,802660,5745,5829614,259,13,46300615,52,53234742
217664,11,1,2021,10,10,4,3,1,7,0,0,1,0,1,0,0,0,797849,142,5827164,61,13,39009166,52,51303986
217663,11,1,2021,11,8,4,3,5,2,0,1,1,0,0,0,0,1,795974,2724,5831978,77,13,36683149,52,55720856
217662,11,7,2021,11,16,3,3,5,3,2,1,1,0,0,0,0,1,798082,8894,5815053,762,13,38271249,52,40435201
217661,11,7,2021,10,10,5,3,2,7,0,0,0,0,1,0,1,0,794601,4334,5824197,53,13,33974795,52,48820568
217660,11,11,2021,10,15,5,3,2,6,1,0,1,0,1,0,0,1,803575,5764,5829718,564,13,47654925,52,53277345
217659,11,7,2021,11,14,6,3,5,3,0,0,1,0,0,0,1,0,797339,9776,5821869,735,13,37788635,52,46585479
217658,11,10,2021,11,7,2,3,5,3,0,1,1,0,0,0,0,1,815201,575,5829195,13,13,64688936,52,52148421
217657,11,11,2021,11,8,4,3,6,4,0,1,0,1,0,0,0,0,804615,8399,5831082,694,13,4930884,52,54441911
217656,11,7,2021,11,13,2,3,5,3,0,0,1,0,0,0,1,0,799280,8495,5816275,292,13,4013617,52,41464814
217655,11,8,2021,10,10,7,3,2,6,0,0,1,0,0,0,0,0,799589,819,5816401,958,13,40599355,52,41561493
217654,11,7,2021,10,9,4,3,5,3,0,0,0,0,0,0,1,0,794243,1385,5822039,172,13,33258177,52,46905031
217653,11,5,2021,10,3,1,2,8,1,2,0,1,0,0,0,0,0,788028,5109,5829413,578,13,24772988,52,53847769
217652,11,9,2021,11,7,2,2,6,4,0,0,0,1,0,0,1,0,808474,7247,5816597,469,13,53641478,52,41243222
217651,11,2,2021,11,14,5,3,3,6,0,0,1,0,1,0,0,0,800602,1164,5828481,7,13,43172685,52,52332947
217650,11,8,2021,11,16,7,3,5,2,2,1,1,0,0,0,0,0,801453,94,5823631,826,13,43985456,52,47939464
217649,11,3,2021,10,11,2,3,2,2,0,1,1,0,0,0,0,1,799213,6688,5831806,169,13,41431752,52,55389755
217648,11,7,2021,10,15,5,3,1,5,0,1,1,0,0,0,0,0,794909,3075,5825060,291,13,3450327,52,49577354
217647,11,2,2021,11,17,6,3,6,7,1,1,0,1,0,0,0,0,797530,145,5824951,72,13,383425,52,49337219
217646,11,4,2021,11,16,4,3,2,7,2,0,1,0,0,0,0,1,792426,3178,5824089,374,13,30771035,52,48840553
217645,11,4,2021,10,10,5,3,1,5,0,1,1,0,0,0,0,0,790018,1552,5826428,68,13,2743807,52,51066249
217644,11,1,2021,10,20,4,3,6,7,2,0,1,1,0,0,0,0,798316,8083,5829367,886,13,39893891,52,53253371
217643,11,1,2021,10,10,7,3,2,6,0,0,1,0,0,0,1,1,794660,2277,5830798,504,13,34645787,52,54734719
217642,11,11,2021,10,7,6,3,3,6,0,0,1,0,0,1,0,0,803915,2648,5828077,657,13,48004208,52,51787728
217641,11,7,2021,11,11,3,3,0,3,0,1,1,0,0,0,0,0,795381,8632,5824981,476,13,35190339,52,49481148
217640,11,12,2021,11,17,5,3,6,4,2,0,0,1,0,0,1,1,796652,8235,5832850,295,13,37759089,52,56465779
217639,11,9,2021,11,19,3,2,0,1,2,0,1,0,0,0,0,0,804897,3623,5821576,377,13,48852332,52,45906091
217638,11,12,2021,10,23,1,2,1,5,2,1,1,0,0,0,0,0,796570,109,5833685,567,13,37711955,52,57219016
217637,11,7,2021,10,8,5,3,6,2,0,0,1,1,0,0,0,0,795469,2197,5825556,735,13,35369669,52,49992095
217636,11,1,2021,10,14,3,3,5,3,0,1,1,0,0,0,0,0,797885,9236,5826675,655,13,39019445,52,50863689
217635,11,2,2021,10,9,6,2,2,7,0,0,1,0,0,0,1,0,800929,7924,5826872,358,13,43508703,52,5087295
217634,11,2,2021,10,8,2,3,5,2,0,1,1,0,0,0,0,0,798451,8002,5826533,729,13,39838032,52,50705543
217633,11,8,2021,11,15,6,3,5,2,0,1,1,0,0,0,0,0,800434,3059,5823706,843,13,42495357,52,48062893
217632,11,5,2021,11,20,2,3,2,6,2,0,1,0,0,0,0,1,787342,1638,5830122,106,13,23825089,52,54519236
217631,11,1,2021,11,12,5,3,1,5,0,1,1,0,0,0,0,1,797583,3425,5828529,56,13,38740747,52,52542008
217630,11,1,2021,11,22,3,2,3,2,2,0,1,0,1,0,0,0,795079,733,5827225,231,13,34945463,52,51508855
217629,11,7,2021,10,11,7,3,6,4,0,1,0,1,0,0,0,0,797845,7477,5815287,83,13,37944503,52,40657925
217628,11,7,2021,10,12,5,3,2,6,0,0,1,0,0,0,0,0,799035,9712,5819700,933,13,40083522,52,44548868
217627,11,11,2021,10,10,2,3,6,2,0,0,1,1,0,0,0,0,804247,1239,5828701,389,13,48548825,52,52328251
217626,11,8,2021,10,11,1,3,2,6,0,1,1,0,0,0,0,0,800261,2607,5822199,105,13,42105586,52,46720957
217625,11,1,2021,11,17,4,3,5,2,2,0,1,0,0,0,1,0,797642,364,5828614,616,13,38835101,52,52615028
217624,11,7,2021,11,0,7,3,1,5,2,1,1,0,0,0,0,0,794946,2157,5822532,9,13,34333848,52,47309715
217623,11,1,2021,10,8,2,3,1,5,0,1,0,0,0,0,1,1,797047,484,5826540,421,13,37775623,52,50788184
217622,11,3,2021,10,11,5,3,5,2,0,0,1,0,0,0,1,1,802555,5106,5828615,661,13,46055332,52,52345542
217621,11,3,2021,10,4,4,3,0,1,2,0,0,0,1,0,0,1,804357,873,5840432,503,13,49787248,52,62836044
217620,11,2,2021,11,18,5,3,2,6,2,0,1,0,0,0,0,0,799852,8123,5825696,906,13,41820738,52,49878642
217619,11,10,2021,11,1,3,3,9,1,2,0,1,0,0,0,0,0,809578,5766,5825251,4,13,56061271,52,48936094
217618,11,10,2021,10,13,5,3,5,2,0,1,1,0,0,0,0,0,806821,4281,5830312,467,13,52479973,52,53627875
217617,11,3,2021,10,14,6,3,5,2,0,0,0,0,0,1,1,1,803613,1319,5832012,588,13,4791978,52,55331308
217616,11,12,2021,10,8,6,3,0,4,0,0,0,1,1,0,0,0,793612,7823,5836128,98,13,335774,52,59568913
217615,11,1,2021,11,6,3,3,2,6,1,0,1,0,0,0,0,0,795191,8738,5827240,137,13,35111563,52,51516149
217614,11,2,2021,11,18,5,3,1,5,2,1,1,0,0,0,0,1,801714,7,5825847,935,13,44567964,52,4991143
217613,11,3,2021,11,18,3,3,2,6,2,0,1,0,0,0,0,0,798803,1957,5831788,89,13,40826573,52,55396802
217612,11,11,2021,10,17,1,2,5,2,0,1,0,0,1,0,0,0,804577,6529,5826365,802,13,48820744,52,50216514
217611,11,3,2021,10,8,5,3,5,3,0,1,1,0,0,0,0,0,799178,636,5831224,174,13,41326952,52,54870044
217610,11,2,2021,10,18,2,3,1,5,2,1,1,0,0,0,0,0,801080,5599,5828002,557,13,43832435,52,5187765
217609,11,4,2021,10,19,2,3,5,2,1,0,1,0,1,0,0,0,793933,9043,5826060,96,13,33158955,52,50527022
217608,11,5,2021,11,18,2,3,5,2,2,1,1,0,0,0,0,1,783922,8123,5826614,916,13,18496766,52,51553923
217607,11,3,2021,11,9,5,3,6,2,0,0,1,1,0,0,0,0,802189,9931,5829405,43,13,45589963,52,53073331
217606,11,1,2021,11,21,1,2,0,1,2,1,0,0,0,0,0,1,798300,997,5829371,235,13,39869632,52,53257287
217605,11,6,2021,10,19,3,3,0,7,2,0,1,0,1,0,0,1,794340,4713,5821633,18,13,33365222,52,4653569
217604,11,8,2021,10,18,2,3,6,2,2,0,1,1,0,0,0,0,803194,34,5822726,506,13,46458015,52,4703169
217603,11,1,2021,11,18,7,3,6,4,2,0,0,1,1,0,0,1,797115,9217,5831791,73,13,38345521,52,55491653
217602,11,4,2021,11,14,2,3,6,7,0,0,1,1,0,0,0,0,792158,5611,5827225,533,13,30652985,52,51666392
217601,11,7,2021,11,15,2,3,0,1,1,1,0,0,0,0,0,1,793902,9657,5822964,88,13,32840339,52,4775249
217600,11,10,2021,10,7,6,3,5,2,0,1,1,0,0,0,0,0,811561,6,5828996,93,13,59322011,52,52179381
217599,11,1,2021,10,12,6,3,5,3,0,0,1,0,1,0,0,0,799684,7945,5827210,79,13,41710177,52,51244199
217598,11,5,2021,10,23,6,2,0,6,2,0,1,0,0,0,0,0,783659,2617,5825416,451,13,18007276,52,50493066
217597,11,5,2021,11,7,4,2,5,2,0,0,1,0,1,0,0,0,785842,9887,5831731,15,13,21758886,52,5604061
217596,11,1,2021,11,8,5,3,2,6,0,1,1,0,0,0,0,0,797031,8573,5828963,166,13,37968987,52,5296076
217595,11,3,2021,10,1,7,2,0,1,2,0,0,0,0,0,1,0,797891,5783,5833071,64,13,39601109,52,56596548
217594,11,5,2021,10,1,2,2,1,7,2,0,1,0,0,0,1,1,785222,7195,5830952,369,13,20779457,52,55375015
217593,11,2,2021,10,18,3,3,0,1,2,0,0,0,1,0,0,1,798095,4588,5825498,857,13,39221915,52,49797391
217592,11,7,2021,10,14,2,3,2,6,0,0,0,0,1,0,1,0,797411,7998,5818684,226,13,3761038,52,43726075
217591,11,8,2021,11,20,3,2,5,3,2,0,1,0,0,0,0,1,801182,5908,5820607,225,13,43314131,52,45243393
217590,11,1,2021,10,21,4,3,5,3,2,0,1,0,0,0,1,0,794235,2325,5831837,308,13,34112905,52,55688905
217589,11,7,2021,10,18,4,3,2,6,2,0,1,0,0,0,0,0,797857,9301,5820148,969,13,38395299,52,45014787
217588,11,7,2021,11,16,1,3,2,2,2,0,1,0,0,0,0,1,798376,6832,5819792,42,13,39124533,52,44666893
217587,11,4,2021,11,16,4,3,5,2,1,1,1,0,0,0,0,0,789646,15,5823293,614,13,26618832,52,4827535
217586,11,12,2021,11,16,7,3,5,2,2,0,1,0,0,0,0,0,795279,246,5836365,42,13,36051697,52,59691423
217585,11,7,2021,10,13,1,3,5,3,0,0,1,0,1,0,0,0,796169,86,5820559,844,13,35955021,52,45474819
217584,11,2,2021,10,20,7,3,5,3,2,0,1,0,0,0,0,0,798902,795,5825248,94,13,40384177,52,49529257
217583,11,1,2021,11,18,5,3,4,6,1,1,0,0,0,0,1,1,795359,253,5831474,906,13,3573383,52,553032
217582,11,7,2021,11,15,6,3,5,3,0,0,1,0,0,0,0,0,795302,4044,5821653,823,13,34778921,52,46502436
217581,11,11,2021,10,7,2,3,6,4,0,1,0,1,0,0,0,1,805002,2219,5826582,484,13,49464139,52,50387002
217580,11,6,2021,10,14,4,3,2,6,0,0,1,0,0,0,0,0,790081,432,5815799,589,13,26606639,52,41533645
217579,11,7,2021,11,14,5,3,0,7,0,0,1,0,0,0,0,0,794227,6931,5822043,216,13,33235862,52,46909488
217578,11,4,2021,11,8,4,3,5,2,0,1,1,0,0,0,0,1,793207,1286,5824549,12,13,3195814,52,49210723
217577,11,6,2021,10,16,5,3,5,3,0,0,1,0,0,0,0,0,790244,9159,5814894,175,13,26768412,52,40713221
217576,11,2,2021,10,17,5,3,5,2,0,1,1,0,0,0,0,1,801247,6344,5827817,247,13,44061142,52,51702327