OBJECTID,LAND,BEZ,UJAHR,UMONAT,USTUNDE,UWOCHENTAG,UKATEGORIE,UART,UTYP1,ULICHTVERH,IstRad,IstPKW,IstFuss,IstKrad,IstGkfz,IstSonstige,USTRZUSTAND,LINREFX,LINREFY,XGCSWGS84,YGCSWGS84,,,,
216699,11,1,2021,10,5,3,3,6,2,2,0,0,1,0,0,1,0,795488,5981,5829571,781,13,35754749,52,53590203
216698,11,4,2021,10,1,4,3,0,1,2,0,0,0,0,0,1,0,792158,4317,5825651,85,13,30514661,52,50255628
216697,11,7,2021,11,16,1,3,0,6,2,1,0,0,0,0,0,1,794950,6772,5824641,212,13,34526929,52,49199442
216696,11,8,2021,10,8,3,3,0,7,0,0,0,0,0,0,1,0,801475,3323,5823244,27,13,43981824,52,47590909
216695,11,8,2021,10,13,5,3,6,4,0,0,1,1,0,0,0,0,802845,1191,5817477,526,13,45469658,52,42346367
216694,11,12,2021,10,11,3,3,6,4,0,0,1,1,0,0,0,0,793567,9958,5836121,347,13,33510872,52,5956528
216693,11,1,2021,11,18,2,3,5,2,2,1,1,0,0,0,0,1,795258,3068,5826614,93,13,35153634,52,50951353
216692,11,4,2021,11,14,5,3,2,6,0,1,1,0,0,0,0,0,792931,804,5826747,175,13,31746088,52,51196124
216691,11,8,2021,11,13,7,3,5,3,0,0,1,0,0,0,0,0,803955,9498,5819035,235,13,47239822,52,43680941
216690,11,6,2021,10,18,3,3,2,6,1,0,1,0,0,0,0,0,794366,237,5820851,343,13,33333789,52,45833579
216689,11,11,2021,11,7,6,3,5,3,1,1,1,0,0,0,0,0,804727,1298,5831202,469,13,49483432,52,54543035
216688,11,11,2021,10,17,5,2,5,3,0,1,1,0,0,0,0,0,805607,4635,5831775,939,13,50830363,52,55007688
216687,11,2,2021,10,20,6,3,4,6,2,0,1,0,0,0,0,1,800016,7421,5826277,619,13,42113818,52,50390149
216686,11,10,2021,10,15,6,2,0,3,0,0,1,0,1,0,0,1,807945,9279,5832318,658,13,54318643,52,55362377
216685,11,1,2021,10,23,6,2,5,3,2,0,1,0,0,0,0,0,797960,9758,5829307,389,13,3936544,52,53218607
216684,11,12,2021,11,5,3,3,5,2,2,1,1,0,0,0,0,1,792857,8355,5835156,672,13,32380143,52,58738793
216683,11,2,2021,11,8,6,3,0,1,0,0,0,0,1,0,0,1,802147,4071,5827549,949,13,45358853,52,51412975
216682,11,5,2021,11,6,4,3,2,6,1,0,1,0,0,0,0,1,786834,5324,5828205,349,13,2291311,52,52827494
216681,11,8,2021,10,22,1,3,6,7,2,0,1,1,0,0,0,0,803372,131,5822551,269,13,46702844,52,46864763
216680,11,2,2021,10,14,2,2,5,3,0,0,1,0,1,0,0,0,803122,8406,5827106,617,13,46751502,52,50961503
216679,11,11,2021,10,5,3,3,5,3,2,1,1,0,0,0,0,0,805842,2526,5831854,626,13,51182803,52,55065032
216678,11,8,2021,11,16,2,3,6,2,0,1,0,1,0,1,0,0,802575,9132,5823076,939,13,45582152,52,47380072
216677,11,6,2021,10,12,3,3,2,6,0,0,1,0,0,0,0,1,794767,8829,5820678,48,13,33908259,52,45656957
216676,11,1,2021,10,9,4,3,5,3,0,1,1,0,0,0,0,0,795216,8019,5830200,132,13,35411019,52,54168197
216675,11,1,2021,11,18,7,3,6,2,2,0,1,1,0,0,0,1,798079,2108,5830005,99,13,39601806,52,53837546
216674,11,3,2021,11,18,2,3,0,3,2,0,1,0,1,0,0,1,795862,8541,5835595,234,13,36842016,52,58969315
216673,11,1,2021,11,11,3,3,2,3,0,1,1,0,0,0,0,1,794238,6755,5828867,179,13,3385488,52,53026199
216672,11,6,2021,11,14,6,3,6,4,0,1,0,1,0,0,0,0,789858,5129,5819874,835,13,26633684,52,45199047
216671,11,5,2021,10,13,7,3,6,7,0,0,1,1,0,0,0,0,781828,869,5828449,732,13,15574691,52,53307724
216670,11,11,2021,10,11,7,3,6,4,0,0,0,1,0,0,1,0,807526,1261,5827735,412,13,53277387,52,51278604
216669,11,2,2021,11,17,3,3,5,2,2,0,1,0,0,0,1,0,797848,7634,5825634,402,13,38871708,52,4993236
216668,11,6,2021,11,13,5,3,6,4,0,0,0,1,0,0,1,0,788152,3272,5818746,963,13,24032604,52,44278047
216667,11,5,2021,10,15,6,3,2,6,0,0,1,0,0,0,0,0,784751,559,5831112,39,13,20100099,52,55542828
216666,11,5,2021,10,11,6,2,2,4,0,0,1,1,0,0,0,0,784681,5205,5829700,833,13,19876085,52,54281209
216665,11,2,2021,10,21,3,3,5,2,2,0,1,0,0,0,1,1,800481,5358,5828456,61,13,42993233,52,52317177
216664,11,12,2021,10,18,3,3,0,3,2,0,1,0,1,0,0,0,791964,6303,5837017,495,13,31229529,52,60454956
216663,11,11,2021,11,9,4,3,5,3,0,1,1,0,0,0,0,0,804409,1663,5825663,873,13,48509138,52,49596802
216662,11,12,2021,11,18,3,3,2,2,1,0,1,0,1,0,0,1,793161,611,5832632,956,13,32604097,52,56460063
216661,11,1,2021,10,13,4,3,2,2,0,0,1,0,1,0,0,0,797568,1559,5830936,875,13,3893398,52,54700696
216660,11,1,2021,10,9,6,3,0,7,0,0,1,0,1,0,0,0,796059,894,5828502,605,13,36499359,52,52600785
216659,11,12,2021,10,0,2,3,1,1,2,0,1,0,0,0,0,1,793335,4812,5832828,357,13,32877151,52,56625864
216658,11,4,2021,11,13,6,3,3,6,0,0,1,0,0,0,0,1,791461,8762,5828332,68,13,29726208,52,52696213
216657,11,6,2021,11,18,1,3,6,2,2,0,1,1,0,0,0,1,795364,5635,5818443,486,13,34586255,52,43621209
216656,11,8,2021,11,17,4,2,0,4,2,1,0,1,0,0,0,0,801148,3834,5822855,622,13,43466805,52,47260589
216655,11,12,2021,11,13,3,2,6,4,0,0,1,1,0,0,0,0,790628,8588,5835888,788,13,29163557,52,59514666
216654,11,7,2021,10,12,6,3,5,2,0,1,1,0,0,0,0,0,795799,8707,5816024,836,13,3501086,52,41429517
216653,11,12,2021,10,13,5,3,5,7,0,0,1,0,1,0,0,0,789848,4217,5833676,72,13,27821052,52,57572623
216652,11,6,2021,10,15,1,3,5,7,0,1,1,0,0,0,0,0,780397,4982,5816677,716,13,12479917,52,42825754
216651,11,5,2021,10,6,1,3,2,6,0,0,1,0,0,0,0,0,786750,5777,5828206,921,13,22789828,52,52833321
216650,11,4,2021,11,10,4,3,2,6,0,0,1,0,0,0,0,0,790561,9563,5825417,516,13,28148858,52,50130795
216649,11,11,2021,11,10,6,3,5,2,0,0,1,0,0,0,1,0,805399,6415,5826058,917,13,49999818,52,49895528
216648,11,1,2021,10,16,3,3,6,4,0,1,0,1,0,0,0,1,799179,9906,5827748,823,13,41016975,52,51754814
216647,11,9,2021,10,9,5,3,5,3,0,1,0,0,0,0,0,0,801416,4212,5824802,363,13,4403622,52,48990713
216646,11,4,2021,11,9,6,3,5,7,0,0,1,0,1,0,0,0,790673,3631,5822855,732,13,28089055,52,47828198
216645,11,5,2021,11,20,4,3,2,6,2,0,1,0,0,0,0,0,789333,4062,5828941,123,13,26650475,52,53355077
216644,11,12,2021,10,18,4,2,0,1,0,0,0,0,1,0,0,0,792155,1271,5832942,68,13,31150682,52,56791275
216643,11,7,2021,10,5,7,3,9,1,2,0,0,0,1,0,0,1,797217,342,5823369,907,13,3774186,52,47936922
216642,11,4,2021,10,12,6,3,1,5,0,1,1,0,0,0,0,0,790908,6126,5825037,954,13,28624956,52,49772046
216641,11,1,2021,11,9,3,2,5,3,0,1,0,0,0,0,1,1,799230,732,5828937,485,13,41197506,52,52817524
216640,11,1,2021,11,17,5,3,6,4,1,0,1,1,0,0,0,1,797173,4126,5830359,55,13,38301909,52,5420474
216639,11,6,2021,11,13,3,3,3,6,0,0,1,0,0,0,1,0,792693,3316,5821729,767,13,30956052,52,4671091
216638,11,4,2021,10,21,7,3,0,3,0,0,1,0,0,0,1,0,793975,188,5824964,16,13,33122785,52,49541572
216637,11,11,2021,10,14,5,3,5,3,0,0,1,0,1,0,0,0,807139,4063,5823921,605,13,52357693,52,47882402
216636,11,12,2021,10,7,3,3,5,2,2,1,1,0,0,0,0,0,795280,9343,5836353,89,13,36053154,52,59680995
216635,11,7,2021,11,16,2,3,2,6,1,0,1,0,0,0,0,1,796333,6392,5825114,651,13,36600035,52,49548936
216634,11,1,2021,11,8,5,3,0,2,0,1,1,0,0,0,0,0,796220,4654,5832199,576,13,37065005,52,55906021
216633,11,1,2021,11,19,1,3,5,2,2,1,1,0,0,0,0,1,799969,9895,5826933,14,13,42104211,52,50980291
216632,11,1,2021,10,6,3,3,5,3,0,0,1,0,0,0,1,1,797405,6141,5826969,978,13,38340124,52,51153722
216631,11,11,2021,11,17,7,3,5,2,2,0,1,0,1,0,0,1,805342,1987,5827362,508,13,50035009,52,5106708
216630,11,6,2021,11,9,2,3,5,3,0,0,1,0,0,0,0,1,791207,9823,5819689,265,13,28597725,52,44960959
216629,11,3,2021,10,8,5,3,1,5,0,0,1,0,0,1,0,0,804311,1992,5840454,118,13,4972165,52,62857987
216628,11,12,2021,10,17,6,3,5,2,1,0,1,0,0,0,0,1,793432,3554,5833373,918,13,33067929,52,57109706
216627,11,8,2021,10,15,2,3,5,2,0,1,1,0,0,0,0,0,801719,2083,5822127,913,13,44238844,52,46576829
216626,11,8,2021,10,13,6,3,4,6,0,1,0,0,0,0,1,0,800225,5666,5822383,837,13,42069821,52,46888503
216625,11,5,2021,11,8,4,3,5,3,0,1,1,0,0,0,0,0,787583,68,5829933,474,13,24163029,52,54337407
216624,11,10,2021,11,9,5,3,5,3,0,1,0,0,0,0,1,0,813629,8441,5829140,4,13,62374866,52,52190103
216623,11,10,2021,10,17,6,3,2,6,0,0,1,0,0,0,0,0,809518,147,5827233,136,13,56156737,52,50715815
216622,11,5,2021,10,15,3,3,4,6,0,0,1,0,0,0,1,0,789129,382,5829478,833,13,2639731,52,53847974
216621,11,7,2021,10,18,3,3,5,3,2,0,1,0,0,0,0,1,796457,8117,5816468,636,13,36014719,52,41791758
216620,11,1,2021,10,8,2,3,5,2,0,1,1,0,0,0,0,0,797774,2035,5829746,23,13,39130208,52,53621992
216619,11,1,2021,11,8,2,3,5,2,0,1,1,0,0,0,0,0,797418,1723,5830530,983,13,38677104,52,54345054
216618,11,4,2021,10,15,4,3,5,3,0,1,1,0,0,0,0,0,791712,4075,5828471,92,13,301066,52,52806897
216617,11,1,2021,10,15,4,3,5,2,0,0,1,0,0,0,0,0,794495,7058,5830686,308,13,34393914,52,54643041
216616,11,1,2021,11,18,7,3,0,1,2,1,0,0,0,0,0,0,795831,9193,5830975,652,13,36384461,52,54830015
216615,11,1,2021,11,9,3,3,5,3,0,1,1,0,0,0,0,1,795353,8292,5830378,598,13,35628351,52,54320751
216614,11,3,2021,11,21,7,3,1,5,2,0,1,0,1,0,0,0,798464,9872,5835863,245,13,40695911,52,59067393
216613,11,9,2021,10,11,1,3,2,2,0,0,1,0,0,0,0,0,807716,3288,5818115,271,13,52669539,52,42646196
216612,11,8,2021,10,13,7,2,1,5,0,0,0,0,1,0,1,0,801780,207,5818302,746,13,43982525,52,43144879
216611,11,8,2021,11,22,5,3,5,3,2,0,1,0,0,0,0,1,801071,6524,5823987,328,13,43456352,52,482792
216610,11,9,2021,11,19,5,3,2,6,2,0,1,0,0,0,0,0,807677,6918,5820991,536,13,52877662,52,45226137
216609,11,3,2021,10,9,2,3,6,7,0,0,1,1,0,0,0,0,800042,3022,5829518,599,13,42443664,52,53293753
216608,11,11,2021,10,7,4,3,5,2,0,1,1,0,0,0,0,0,803886,8349,5827888,421,13,47945155,52,51619707
216607,11,2,2021,11,11,5,3,5,2,0,1,1,0,0,0,0,0,801068,6989,5827113,233,13,43734543,52,51081187
216606,11,4,2021,11,11,3,3,5,2,0,0,1,0,1,0,0,1,793036,507,5822008,492,13,31484261,52,46942384
216605,11,6,2021,10,13,5,3,5,3,0,0,1,0,0,0,1,0,795894,7704,5816508,393,13,35192738,52,41857866
216604,11,3,2021,10,15,5,3,1,5,0,1,1,0,0,0,0,1,798259,97,5833397,704,13,40172322,52,56868647
216603,11,1,2021,10,15,2,3,1,5,0,1,1,0,0,0,0,0,799712,4594,5827312,969,13,41760087,52,51334903
216602,11,5,2021,11,14,6,3,5,3,0,0,1,0,1,0,0,1,784900,2106,5830497,765,13,20266052,52,54984301
216601,11,4,2021,11,7,2,3,1,5,0,0,1,0,1,0,0,1,792604,8729,5824929,312,13,31107019,52,49583969
216600,11,7,2021,11,13,5,2,6,4,0,0,1,1,0,0,0,1,798081,6462,5814499,868,13,38220136,52,39938756
216599,11,6,2021,11,8,2,3,5,3,0,0,1,0,0,0,0,1,788489,957,5821521,5,13,2476638,52,46747413
216598,11,3,2021,10,12,7,3,2,6,0,1,1,0,0,0,0,0,800002,2602,5834961,477,13,42876759,52,58174554
216597,11,10,2021,10,12,5,3,5,2,0,0,1,0,0,0,0,0,809581,6716,5824943,404,13,5603724,52,48660223
216596,11,5,2021,10,10,2,3,2,6,0,0,1,0,0,0,0,0,785149,549,5829617,599,13,20557215,52,54182107
216595,11,5,2021,10,21,4,3,5,2,2,0,1,0,0,0,0,0,785975,4481,5829217,791,13,21737309,52,53780364
216594,11,4,2021,11,13,7,3,5,2,0,1,1,0,0,0,0,0,793453,1353,5824404,532,13,32306717,52,49067983
216593,11,9,2021,11,9,2,3,5,3,0,1,1,0,0,0,0,1,809308,7729,5818515,674,13,5504115,52,42915252
216592,11,11,2021,11,19,3,3,5,2,2,0,1,0,0,0,0,0,803554,9732,5829754,264,13,47627905,52,53310489
216591,11,1,2021,11,16,2,3,5,3,0,0,1,0,0,0,0,0,794421,3958,5829388,612,13,34169647,52,53483763
216590,11,5,2021,10,8,7,3,7,7,0,1,0,0,0,0,0,0,781504,2149,5819762,596,13,1436323,52,45535062
216589,11,1,2021,10,11,7,2,5,2,0,0,1,0,1,0,0,0,797983,873,5826889,55,13,39182489,52,5105007
216588,11,5,2021,11,20,3,3,5,3,2,1,1,0,0,0,0,1,782816,8934,5830408,905,13,17194199,52,55013197
216587,11,8,2021,11,19,5,3,0,6,2,0,1,0,1,0,0,1,800295,8944,5824360,358,13,42351026,52,48656279
216586,11,2,2021,10,5,1,3,9,7,2,0,1,0,0,0,0,0,797739,156,5824295,407,13,38590851,52,48738095
216585,11,4,2021,10,7,4,3,5,2,0,0,1,0,0,0,0,0,790479,8249,5826698,569,13,28139989,52,51283641
216584,11,4,2021,10,12,3,3,5,2,0,0,1,0,0,0,0,0,793341,673,5829714,923,13,32611175,52,53834505
216583,11,3,2021,11,10,5,3,1,5,0,1,1,0,0,0,0,0,802844,9702,5838284,528,13,47363336,52,60995417
216582,11,6,2021,11,7,3,3,1,5,0,1,1,0,0,0,0,1,792415,541,5821550,262,13,30532563,52,46564862
216581,11,6,2021,10,10,4,3,5,3,0,1,1,0,0,0,0,0,788955,3974,5816391,83,13,25007242,52,42123494
216580,11,4,2021,10,10,5,3,2,7,0,0,1,0,1,0,0,1,789520,986,5826790,653,13,26737724,52,51417224
216579,11,1,2021,11,20,7,3,5,2,2,0,1,0,0,0,1,0,794920,9211,5825979,127,13,34601696,52,50400401
216578,11,10,2021,11,22,1,3,4,6,2,0,1,0,0,0,0,1,809554,3123,5826626,742,13,56153478,52,50170333
216577,11,2,2021,11,16,4,3,6,4,1,0,0,1,0,0,1,0,798326,1194,5824330,392,13,39456068,52,48737405
216576,11,8,2021,11,17,3,3,1,5,1,1,0,0,0,0,1,0,802259,5954,5823029,504,13,45113562,52,47355068
216575,11,1,2021,10,15,7,3,6,4,0,1,0,1,0,0,0,0,797694,797,5830704,218,13,39099336,52,5448523
216574,11,9,2021,10,14,4,2,0,3,0,1,1,0,0,0,0,0,809225,1386,5819304,99,13,54991445,52,43626561
216573,11,5,2021,10,6,1,2,8,1,2,0,1,0,0,0,0,0,781372,4831,5819763,385,13,14169943,52,45542553
216572,11,3,2021,10,15,1,3,2,1,0,1,0,0,0,0,0,0,802284,9262,5833102,527,13,46066018,52,5638208
216571,11,12,2021,11,7,4,3,2,3,0,0,1,0,0,0,1,0,795642,8683,5833008,348,13,36287528,52,56662396
216570,11,3,2021,11,18,5,3,5,2,2,1,0,0,1,0,0,1,799182,821,5831110,198,13,4132368,52,54767621
216569,11,5,2021,10,15,2,3,5,3,0,0,1,0,0,0,1,0,786552,9863,5830544,311,13,22700943,52,54939337
216568,11,2,2021,10,20,4,3,5,2,2,1,1,0,0,0,0,0,802435,142,5827419,528,13,45769721,52,51280133
216567,11,6,2021,11,17,6,2,6,4,1,0,1,1,0,0,0,0,795148,6928,5818816,722,13,34302581,52,43967448
216566,11,1,2021,11,9,4,3,5,3,0,1,1,0,0,0,0,1,795963,617,5831986,757,13,36668252,52,55729216
216565,11,5,2021,10,18,4,3,6,4,1,0,1,1,0,0,0,0,784614,52,5830325,818,13,19830424,52,54845094
216564,11,1,2021,10,23,5,3,5,3,2,0,1,0,0,0,0,0,799334,9445,5827578,404,13,41229322,52,51593556
216563,11,8,2021,10,21,6,3,1,7,2,0,1,0,0,0,0,1,801181,2838,5819239,205,13,43188888,52,4401726
216562,11,9,2021,10,21,1,3,5,2,2,1,1,0,0,0,0,1,809598,3906,5818911,171,13,55502377,52,43253311
216561,11,7,2021,10,12,6,3,2,6,0,0,1,0,1,0,0,0,797958,6481,5815768,729,13,38152777,52,41082862
216560,11,4,2021,11,18,2,2,6,2,2,0,1,1,0,0,0,0,791978,8517,5822378,659,13,29964078,52,47330867
216559,11,11,2021,11,14,5,3,0,3,0,0,1,0,1,0,0,1,806440,5459,5826889,172,13,51604804,52,50581277
216558,11,3,2021,11,14,4,3,5,2,0,0,1,0,0,0,1,0,803012,3562,5832020,517,13,47037116,52,5537187
216557,11,3,2021,10,18,1,3,2,2,1,0,1,0,1,0,0,0,798058,7291,5837199,96,13,40218218,52,60287061
216556,11,9,2021,10,15,5,3,1,5,0,0,1,0,0,0,0,0,813926,3656,5820763,858,13,62021678,52,44666884
216555,11,1,2021,10,7,3,3,5,3,0,1,1,0,0,0,0,0,799495,5852,5828134,949,13,41515451,52,52083594
216554,11,8,2021,11,13,2,3,6,4,0,0,1,1,0,0,0,1,802334,9508,5824074,354,13,45318897,52,48287403
216553,11,6,2021,11,11,7,2,5,7,0,1,1,0,0,0,0,0,794865,5692,5819702,531,13,33965441,52,44776802
216552,11,6,2021,11,7,2,3,2,6,0,0,1,0,0,0,0,1,795789,25,5818422,221,13,35207282,52,43579196
216551,11,9,2021,10,11,3,3,2,7,0,0,1,0,0,0,1,0,810722,7638,5815929,952,13,56874123,52,40517883
216550,11,2,2021,11,18,7,3,5,3,2,1,1,0,0,0,0,1,800678,1981,5825795,319,13,43041849,52,4992144
216549,11,11,2021,11,22,2,2,6,6,2,1,0,1,0,0,0,1,805605,2246,5831213,828,13,50775348,52,54504034
216548,11,4,2021,11,15,2,3,6,4,0,0,1,1,0,0,0,1,792760,1314,5824273,21,13,31277395,52,48987297
216547,11,1,2021,10,14,6,3,6,2,0,0,1,1,0,0,0,0,797404,4857,5827569,64,13,38392061,52,51691312
216546,11,2,2021,10,17,6,3,5,2,0,1,0,0,0,0,1,1,797665,6338,5826298,123,13,38662062,52,505373
216545,11,11,2021,10,12,2,3,5,2,0,0,1,0,0,0,0,0,805049,342,5832926,902,13,50115101,52,56070522
216544,11,7,2021,10,16,6,3,5,2,0,0,1,0,1,0,0,0,798447,2798,5821056,973,13,39341104,52,45796564
216543,11,3,2021,11,17,3,2,6,7,2,0,1,1,0,0,0,0,801874,3437,5829865,77,13,45167896,52,53503769
216542,11,6,2021,11,16,5,2,5,3,1,1,1,0,0,0,0,1,794082,2019,5820369,672,13,32874848,52,45417061
216541,11,9,2021,10,9,7,2,6,4,0,0,1,1,0,0,0,0,808600,2957,5814981,51,13,53676615,52,39787901
216540,11,3,2021,10,15,3,2,2,6,0,0,1,0,0,0,1,0,801167,9309,5833191,459,13,444312,52,5652369
216539,11,12,2021,10,17,3,2,4,6,0,1,0,0,0,0,0,0,789537,3747,5836087,287,13,27574038,52,59750842
216538,11,7,2021,10,21,2,3,5,3,2,1,1,0,0,0,0,1,794530,5715,5824651,844,13,33910891,52,49231657
216537,11,11,2021,11,18,3,3,3,6,1,0,1,0,0,0,0,0,807109,9719,5825794,35,13,52487018,52,49562162
216536,11,5,2021,10,15,4,2,6,4,0,0,1,1,0,0,0,0,784569,9591,5828183,936,13,19582126,52,52926985
216535,11,4,2021,10,16,4,3,2,6,0,0,1,0,1,0,0,0,788828,6433,5827261,117,13,25762459,52,51875672
216534,11,6,2021,11,10,6,3,5,3,0,0,1,0,0,0,0,1,793966,498,5819627,911,13,32639121,52,44758348
216533,11,3,2021,11,17,1,2,5,3,2,0,1,0,1,0,0,1,800611,1333,5830988,276,13,43412702,52,54579714
216532,11,1,2021,11,9,5,3,5,2,0,0,1,0,0,0,0,1,795039,507,5829169,897,13,35058208,52,53254301
216531,11,1,2021,11,12,7,3,5,2,0,1,1,0,0,0,0,0,794497,2645,5827802,455,13,34140687,52,52057782
216530,11,1,2021,10,16,1,3,9,1,1,0,1,0,0,0,0,0,797002,835,5828944,464,13,37924659,52,52945577
216529,11,9,2021,10,19,7,3,4,6,2,1,0,0,0,0,0,0,812074,8367,5821030,198,13,59331104,52,4501155
216528,11,5,2021,11,12,5,3,2,7,0,0,1,0,0,0,0,0,781159,4003,5819723,19,13,13853782,52,45517324
216527,11,4,2021,11,9,6,3,5,3,0,0,1,0,0,0,0,0,790366,531,5827304,99,13,28026355,52,51832536
216526,11,6,2021,10,21,7,3,1,7,2,0,1,0,0,0,1,0,794460,6429,5818800,339,13,33291839,52,43989851
216525,11,9,2021,10,18,4,3,5,2,1,1,1,0,0,0,0,0,808150,6809,5821877,506,13,53653258,52,45993509
216524,11,12,2021,11,16,5,3,2,6,1,0,1,0,0,0,0,0,792749,2601,5835170,31,13,32221517,52,58756612
216523,11,3,2021,11,8,3,2,5,2,0,1,1,0,0,0,0,1,800027,981,5834546,18,13,42875718,52,57800946
216522,11,8,2021,10,15,5,3,5,3,0,0,1,0,0,0,0,0,805349,693,5817310,434,13,49126271,52,42057431
216521,11,3,2021,10,10,5,3,0,1,0,0,0,0,1,0,0,1,802634,2819,5829556,23,13,4625667,52,53184005
216520,11,4,2021,10,15,6,3,0,1,0,0,0,0,1,0,0,1,791210,6728,5822720,45,13,28866158,52,47678293
216519,11,9,2021,11,23,1,2,9,1,2,0,1,0,0,0,0,1,812397,583,5821325,209,13,59832073,52,45257485
216518,11,7,2021,11,18,5,3,2,6,2,0,1,0,0,0,0,1,796818,7093,5821758,629,13,3701369,52,46514225
216517,11,1,2021,11,17,3,3,0,3,1,1,1,0,0,0,0,0,797591,9365,5832772,584,13,39133514,52,56344871
216516,11,8,2021,10,15,6,3,5,7,0,0,1,0,0,0,0,0,800716,8372,5823418,821,13,42884159,52,47789178
216515,11,4,2021,10,11,5,3,3,6,0,1,1,0,0,0,0,0,793309,5801,5823814,716,13,32043979,52,48546949
216514,11,11,2021,10,7,2,3,6,4,1,0,1,1,0,0,0,0,805806,4908,5833600,605,13,51291092,52,56631824
216513,11,10,2021,10,14,1,3,5,3,0,1,0,0,0,0,0,0,812448,358,5831418,542,13,6085282,52,54299402
216512,11,7,2021,11,22,5,3,2,6,2,0,1,0,0,0,1,1,797537,2614,5819920,1,13,37904434,52,4482701
216511,11,5,2021,11,4,7,3,0,1,2,0,0,0,0,0,1,0,786778,9699,5830244,928,13,23007456,52,54659029
216510,11,6,2021,10,10,2,3,2,6,0,0,1,0,0,1,0,0,794084,497,5817433,745,13,32619854,52,42784988
216509,11,7,2021,10,9,5,3,5,2,0,0,1,0,1,0,0,0,796815,175,5822356,35,13,37061442,52,47050228
216508,11,1,2021,11,0,6,3,0,7,2,1,0,0,0,0,0,1,793913,8261,5828577,902,13,33351806,52,52784405
216507,11,1,2021,10,1,5,3,8,1,2,0,1,0,0,0,0,0,796626,2426,5831921,983,13,37637012,52,55635102
216506,11,6,2021,10,19,6,3,5,7,2,0,1,0,0,0,0,1,787126,24,5817225,66,13,22396448,52,42968047
216505,11,3,2021,10,13,7,2,6,4,0,1,0,1,0,0,0,0,799026,9657,5829786,52,13,40975334,52,53589281
216504,11,8,2021,10,17,7,3,6,7,0,0,0,1,0,0,1,0,800889,2706,5824595,312,13,43243473,52,48834206
216503,11,3,2021,11,17,2,3,2,6,2,1,1,0,0,0,1,1,799423,2596,5831054,606,13,41672193,52,54704581
216502,11,4,2021,11,9,6,3,6,4,0,1,0,1,0,0,0,1,793376,4889,5824125,938,13,32169626,52,48822353
216501,11,4,2021,11,7,4,3,5,2,0,0,1,0,0,0,0,1,790501,4279,5826496,112,13,2815406,52,51100987
216500,11,4,2021,10,2,1,3,8,1,2,0,1,0,0,0,1,0,791693,3316,5827870,479,13,30025875,52,52269479
216499,11,8,2021,10,7,5,3,2,6,0,0,0,0,0,0,1,1,800858,5133,5822531,696,13,4301212,52,46986215
216498,11,3,2021,10,9,3,3,2,7,0,0,1,0,1,0,0,0,801945,2773,5832567,943,13,45517822,52,55921784
216497,11,7,2021,11,13,2,3,1,5,0,1,1,0,0,0,0,1,796831,8052,5824298,87,13,37258938,52,48789897
216496,11,1,2021,11,14,7,3,5,2,0,0,1,0,0,0,1,0,795523,4997,5830731,26,13,35909173,52,54627471
216495,11,12,2021,11,10,2,3,2,2,0,0,1,0,0,0,0,1,795288,629,5837671,484,13,36182016,52,60861667
216494,11,12,2021,10,7,4,3,2,2,0,0,1,0,0,0,0,1,792927,309,5837087,5,13,32653152,52,60465522
216493,11,5,2021,11,19,7,2,6,2,2,0,1,1,0,0,0,1,782372,2307,5830489,502,13,16547,52,55108533
216492,11,1,2021,11,20,1,3,5,2,2,0,1,0,0,0,0,1,799248,351,5828469,191,13,41182226,52,52396765
216491,11,8,2021,11,16,4,3,5,2,0,1,1,0,0,0,0,0,801290,6271,5822290,201,13,43624528,52,46745943
216490,11,4,2021,11,4,6,3,8,1,2,0,1,0,0,0,0,1,791160,5848,5824745,162,13,28969489,52,49496121
216489,11,4,2021,11,7,2,3,5,2,1,0,0,0,1,0,1,0,791863,8541,5826441,684,13,30151157,52,50979466
216488,11,9,2021,11,10,5,3,2,7,0,0,1,0,0,0,0,2,809506,4965,5818326,496,13,55313529,52,42734531
216487,11,1,2021,11,22,7,3,6,2,2,0,1,1,0,0,0,0,794893,882,5830255,95,13,3494112,52,54234954
216486,11,9,2021,10,18,2,3,0,7,0,0,0,0,0,0,1,0,809846,241,5820474,626,13,56010712,52,44640416
216485,11,5,2021,10,12,5,3,6,4,0,0,1,1,0,0,0,1,785150,7684,5829619,73,13,20559191,52,54183953
216484,11,9,2021,11,10,7,3,5,3,0,1,1,0,0,0,0,0,806552,436,5822297,33,13,51346283,52,46459675
216483,11,6,2021,10,14,5,3,0,7,0,0,0,0,0,1,1,0,795265,6634,5820983,98,13,34665661,52,45903159
216482,11,12,2021,10,7,5,3,5,3,0,1,0,0,0,0,1,1,794804,5494,5834234,427,13,35163281,52,57806933
216481,11,9,2021,10,14,7,2,4,1,0,0,1,0,0,0,0,0,815262,786,5824467,34,13,64330312,52,4790863
216480,11,4,2021,10,5,1,2,5,3,2,1,1,0,0,0,0,0,791660,735,5827541,28,13,29949078,52,51975876