OBJECTID,LAND,BEZ,UJAHR,UMONAT,USTUNDE,UWOCHENTAG,UKATEGORIE,UART,UTYP1,ULICHTVERH,IstRad,IstPKW,IstFuss,IstKrad,IstGkfz,IstSonstige,USTRZUSTAND,LINREFX,LINREFY,XGCSWGS84,YGCSWGS84,,,,
216479,11,1,2021,10,11,6,3,2,6,0,0,1,0,1,0,0,0,797398,2009,5827737,342,13,38397818,52,51841979
216478,11,6,2021,11,14,2,2,6,4,0,0,0,1,0,1,0,0,793490,427,5820651,948,13,32030723,52,4570194
216477,11,4,2021,11,17,5,3,6,4,2,0,1,1,0,0,0,1,793540,672,5827905,997,13,32743128,52,52202214
216476,11,7,2021,11,15,4,3,1,4,0,0,1,1,0,0,0,0,798042,1075,5820208,2,13,38670783,52,45057682
216475,11,2,2021,10,16,1,3,3,6,0,0,1,0,1,0,0,0,796853,8211,5823981,32,13,37263054,52,48504749
216474,11,6,2021,10,19,5,3,5,3,2,0,1,0,0,0,0,0,790190,755,5818819,251,13,27028533,52,44235094
216473,11,2,2021,10,14,3,3,6,4,0,0,1,1,0,0,0,0,803058,248,5826186,663,13,46572878,52,5014055
216472,11,1,2021,11,16,3,3,2,6,1,0,1,0,0,0,0,0,797157,9969,5831907,354,13,38417749,52,55593
216471,11,11,2021,11,1,7,3,9,1,2,0,1,0,0,0,0,0,803009,4899,5828694,293,13,46729585,52,52390809
216470,11,1,2021,11,11,2,3,5,3,0,1,1,0,0,0,0,0,797864,9741,5826764,483,13,38996617,52,50944457
216469,11,5,2021,10,15,3,2,1,5,0,1,0,0,0,0,1,1,784471,9725,5828460,572,13,19461744,52,53180133
216468,11,11,2021,11,12,7,2,4,6,0,0,1,0,0,0,0,0,803940,2823,5828664,768,13,48094609,52,52312542
216467,11,3,2021,11,20,1,3,2,6,2,0,1,0,0,0,0,1,802058,8968,5832762,495,13,45702623,52,56089858
216466,11,9,2021,11,14,3,3,6,4,0,1,0,1,0,0,0,1,811030,237,5821829,475,13,57873063,52,45787365
216465,11,1,2021,11,18,6,3,3,6,1,1,1,0,0,0,0,1,795022,1672,5832177,86,13,35300578,52,55951608
216464,11,10,2021,10,10,6,3,5,3,0,0,1,0,0,0,0,0,806820,6083,5830314,432,13,5247895,52,53629682
216463,11,5,2021,10,16,6,3,3,1,0,1,1,0,0,0,0,1,781678,7671,5830480,223,13,15526165,52,5513612
216462,11,6,2021,10,17,7,2,6,4,1,0,1,1,0,0,0,0,791257,8469,5821407,72,13,28820751,52,46498329
216461,11,9,2021,11,15,4,3,6,4,0,1,0,1,0,0,0,0,806595,403,5822109,26,13,51392078,52,46288498
216460,11,11,2021,11,9,5,3,5,3,0,0,1,0,0,0,0,1,803409,3717,5826631,222,13,47129075,52,50519489
216459,11,3,2021,10,9,6,3,1,5,0,1,1,0,0,0,0,0,801048,258,5829879,775,13,43954933,52,53562014
216458,11,3,2021,10,16,6,3,0,7,0,0,1,0,0,0,0,0,801589,6857,5831143,579,13,44865484,52,54664832
216457,11,4,2021,10,13,3,3,5,2,0,0,1,0,1,0,0,0,792138,957,5827439,564,13,30642972,52,51859316
216456,11,8,2021,10,11,4,3,1,5,0,1,1,0,0,1,0,0,800782,4092,5822704,381,13,4291599,52,47145189
216455,11,12,2021,10,11,2,3,5,3,0,0,1,0,0,0,0,0,795272,4958,5836364,431,13,36041672,52,59690903
216454,11,6,2021,11,15,3,3,2,2,0,0,1,0,1,0,0,1,795531,7,5819952,234,13,3496484,52,44964678
216453,11,12,2021,10,14,4,3,5,2,0,0,1,0,0,0,1,0,792353,105,5834071,89,13,31541487,52,57792765
216452,11,8,2021,11,23,6,3,5,3,1,0,1,0,0,0,1,1,801652,924,5821573,341,13,44091446,52,46083413
216451,11,4,2021,11,13,7,3,5,3,0,1,1,0,0,0,0,0,788310,7919,5826875,737,13,2496798,52,51557566
216450,11,5,2021,11,18,4,3,5,2,1,0,1,0,0,0,0,0,786567,6912,5830553,726,13,22723383,52,54947005
216449,11,3,2021,11,15,1,2,6,4,0,0,1,1,0,0,0,0,799953,7824,5834418,827,13,42756324,52,57690838
216448,11,5,2021,10,13,7,3,2,6,0,0,1,0,0,0,0,0,783126,221,5828609,154,13,174955,52,53383438
216447,11,6,2021,10,15,7,3,1,1,0,1,1,0,0,0,0,1,793946,9837,5818443,335,13,32506945,52,43697443
216446,11,2,2021,11,19,4,3,5,3,2,0,1,0,0,0,0,0,798943,3559,5825242,189,13,4044419,52,49520945
216445,11,8,2021,11,14,6,3,5,3,0,1,1,0,0,0,0,0,802020,114,5822909,205,13,44751009,52,47260494
216444,11,3,2021,10,18,7,3,5,2,1,1,1,0,0,0,0,0,798198,357,5835280,402,13,40251027,52,58559586
216443,11,6,2021,10,22,3,3,6,4,2,0,1,1,0,0,0,1,795366,2865,5818469,253,13,34591059,52,43644214
216442,11,11,2021,11,13,5,3,5,3,0,1,1,0,0,0,0,0,804919,7201,5829937,537,13,49650479,52,53398574
216441,11,6,2021,11,2,4,3,8,1,2,0,1,0,0,0,0,1,793793,6785,5820806,758,13,3248993,52,45824408
216440,11,3,2021,10,10,5,3,5,3,0,1,1,0,0,0,0,0,802881,6657,5828633,522,13,4653622,52,52343443
216439,11,2,2021,10,19,5,3,5,3,1,1,1,0,0,0,0,1,800510,645,5825448,53,13,42764435,52,49619403
216438,11,1,2021,10,21,6,3,9,1,2,0,0,0,1,0,0,0,796612,9963,5828721,212,13,37331754,52,52766681
216437,11,10,2021,11,6,2,3,6,2,1,0,1,1,0,0,0,1,811830,5982,5831480,786,13,59951151,52,54390549
216436,11,9,2021,11,16,5,3,5,3,1,1,1,0,0,0,0,1,805824,7548,5821876,437,13,50240504,52,46123204
216435,11,6,2021,11,16,2,3,2,6,2,0,1,0,0,0,0,0,792816,2933,5817558,724,13,30770913,52,42965053
216434,11,8,2021,10,15,7,3,6,4,0,0,1,1,0,0,0,0,800447,3096,5822013,439,13,42361922,52,46544309
216433,11,6,2021,10,18,5,2,5,3,2,1,1,0,0,0,0,0,794238,953,5819389,236,13,33017236,52,44529752
216432,11,1,2021,10,15,3,3,5,7,0,1,1,0,0,0,0,0,795050,835,5829941,619,13,35144046,52,53945451
216431,11,1,2021,11,15,2,3,1,5,0,1,1,0,0,0,0,1,799147,793,5826948,686,13,40897735,52,51039374
216430,11,5,2021,11,9,5,3,5,3,0,0,1,0,0,0,1,0,780345,6741,5827611,941,13,13323173,52,52632993
216429,11,1,2021,11,1,1,3,5,3,2,0,1,0,0,0,0,0,797878,887,5827467,419,13,39078803,52,51573836
216428,11,10,2021,10,10,3,3,2,6,0,0,1,0,0,0,0,1,806330,6357,5830178,518,13,51746286,52,53535435
216427,11,6,2021,11,11,5,3,2,2,0,0,1,0,0,0,0,0,791712,7072,5819389,167,13,29312106,52,44665011
216426,11,10,2021,10,14,5,3,5,2,0,1,1,0,0,0,0,0,807203,9153,5829146,89,13,52934344,52,52561018
216425,11,1,2021,10,9,6,3,5,3,0,1,1,0,0,0,0,0,798755,9685,5829618,285,13,40561898,52,53453765
216424,11,1,2021,10,23,7,3,5,2,2,0,1,0,0,0,0,0,794900,2109,5830245,536,13,34949577,52,54226042
216423,11,1,2021,10,16,6,2,6,7,0,1,0,1,0,0,0,0,797282,498,5831910,379,13,3860046,52,55588942
216422,11,3,2021,11,10,3,3,5,3,0,1,1,0,0,0,0,0,800084,3778,5831671,474,13,42699977,52,55221122
216421,11,10,2021,11,7,6,2,6,7,0,0,1,1,0,0,0,1,813242,184,5831053,498,13,61985376,52,53926706
216420,11,1,2021,11,13,4,3,5,2,0,1,1,0,0,0,0,0,798034,5078,5827395,429,13,39302184,52,51500761
216419,11,4,2021,10,22,1,3,6,4,2,0,1,1,0,0,0,0,792542,606,5823083,697,13,30852754,52,47932785
216418,11,7,2021,10,17,3,3,5,5,0,0,0,0,1,0,1,0,794842,8803,5823753,204,13,34290054,52,48409223
216417,11,7,2021,10,12,4,3,6,7,0,0,0,1,0,0,1,0,797842,8234,5820909,781,13,38440991,52,45697597
216416,11,11,2021,11,15,2,3,2,6,0,0,1,0,0,0,0,0,805784,804,5833555,425,13,51255032,52,56592551
216415,11,5,2021,10,7,3,3,0,7,1,0,1,0,0,0,0,1,784737,397,5827496,108,13,19768857,52,52301553
216414,11,1,2021,10,17,1,3,5,2,0,1,1,0,0,0,0,0,796117,8949,5826716,957,13,36425665,52,50996969
216413,11,1,2021,11,9,7,3,5,3,0,0,1,0,0,1,0,0,798030,4797,5827394,75,13,39296204,52,51500372
216412,11,5,2021,11,9,2,3,5,3,0,0,1,0,1,0,0,1,784295,3398,5831099,184,13,1942789,52,55555138
216411,11,4,2021,11,9,3,3,0,7,0,1,0,0,0,0,0,0,794246,2492,5826080,785,13,33619566,52,50527957
216410,11,8,2021,11,16,6,3,6,7,2,0,0,1,0,0,1,1,802128,8592,5823185,35,13,44935756,52,47501705
216409,11,8,2021,10,22,7,3,5,3,2,0,1,0,0,0,0,1,801069,2014,5824002,293,13,43454105,52,48292748
216408,11,11,2021,10,9,1,3,5,2,0,1,1,0,0,0,0,0,805888,9095,5825854,825,13,5069958,52,49685213
216407,11,11,2021,11,12,4,3,6,4,0,0,0,1,0,0,1,0,806717,7468,5826848,384,13,5200818,52,50529147
216406,11,11,2021,11,18,5,3,6,4,2,0,1,1,0,0,0,1,804994,1716,5826578,327,13,49451935,52,50383726
216405,11,2,2021,10,18,7,3,0,3,0,0,1,0,1,0,0,0,803051,4016,5827141,725,13,46649757,52,50996939
216404,11,5,2021,10,15,6,3,6,7,0,0,0,1,0,0,1,0,784679,3863,5828618,962,13,19780256,52,53311315
216403,11,7,2021,10,11,4,3,5,2,0,1,1,0,0,0,0,0,796517,6104,5816370,495,13,36093695,52,41700543
216402,11,10,2021,10,16,3,3,5,7,0,0,1,0,0,0,0,0,808405,1193,5833058,21,13,5506247,52,55998995
216401,11,4,2021,11,17,5,3,1,5,2,1,1,0,0,0,0,1,793683,7,5824444,585,13,3264783,52,49091527
216400,11,4,2021,11,7,3,3,0,2,2,0,1,0,1,0,0,1,792690,9697,5825315,546,13,31267419,52,49925601
216399,11,9,2021,10,7,4,3,2,2,1,0,1,0,0,0,0,0,812053,6698,5821202,972,13,59316199,52,45167587
216398,11,7,2021,10,10,4,3,5,2,0,1,1,0,0,0,0,0,797864,2274,5818822,378,13,38286278,52,43825294
216397,11,1,2021,10,8,2,3,0,6,0,0,1,0,1,0,0,0,796513,3301,5831964,114,13,37474715,52,55679016
216396,11,5,2021,11,17,6,3,2,6,1,0,1,0,1,0,0,1,786622,6382,5829252,732,13,22691936,52,53777689
216395,11,11,2021,11,9,7,3,0,1,0,1,0,0,0,0,0,1,803066,2957,5830638,516,13,46990318,52,54130217
216394,11,2,2021,11,14,4,3,4,6,0,1,0,0,0,0,0,0,797780,6663,5824941,871,13,3870978,52,49315304
216393,11,6,2021,11,20,2,2,0,1,2,0,0,0,1,0,0,0,790559,963,5821428,641,13,27796973,52,4655487
216392,11,5,2021,10,16,7,3,2,6,0,0,1,0,1,0,0,0,785946,239,5829213,412,13,21693984,52,5377797
216391,11,4,2021,10,12,5,3,2,6,0,0,1,0,0,0,0,0,793109,3371,5825604,627,13,31907408,52,50162296
216390,11,12,2021,10,11,2,3,5,2,0,1,1,0,0,0,0,0,792341,5262,5834069,251,13,31524287,52,5779174
216389,11,4,2021,10,20,1,3,1,5,2,0,1,0,0,0,0,0,790150,2626,5827330,851,13,27710855,52,51868031
216388,11,10,2021,11,13,4,3,2,6,0,1,1,0,0,0,0,0,812041,4078,5830308,574,13,60150933,52,53328047
216387,11,7,2021,11,15,6,3,0,1,0,0,0,0,1,0,0,1,794717,3373,5822789,136,13,34020497,52,4755177
216386,11,3,2021,10,16,2,2,5,7,0,1,1,0,0,0,0,0,798659,2472,5833891,303,13,40804131,52,57289193
216385,11,1,2021,9,7,4,3,3,6,0,1,1,0,0,0,0,0,800470,5651,5826677,472,13,42816503,52,50723579
216384,11,10,2021,9,16,2,3,6,4,0,0,1,1,0,0,0,0,812484,9325,5824288,71,13,60237681,52,4790816
216383,11,4,2021,9,7,3,3,5,2,0,1,0,0,0,0,1,0,792983,2153,5822380,533,13,31438708,52,47278767
216382,11,1,2021,9,20,2,3,1,5,1,1,1,0,0,0,0,0,795807,8734,5825682,91,13,35878309,52,50086854
216381,11,1,2021,9,12,6,3,6,7,0,1,0,1,0,0,0,0,795215,493,5831127,977,13,35491565,52,55000002
216380,11,4,2021,9,16,4,3,0,1,0,1,0,0,0,0,0,0,793861,7066,5823208,941,13,32801343,52,4797421
216379,11,4,2021,8,20,2,3,0,3,2,0,1,0,1,0,0,1,790936,6158,5826821,97,13,28821921,52,51369142
216378,11,2,2021,8,14,6,3,5,2,0,1,1,0,0,0,0,0,800743,2511,5826526,47,13,43203388,52,50572828
216377,11,4,2021,9,15,2,3,1,5,0,1,1,0,0,0,0,0,791343,9004,5822414,572,13,29035045,52,47396967
216376,11,10,2021,9,12,7,3,5,3,0,0,1,0,0,1,0,0,809961,6799,5830038,8,13,57069555,52,5320495
216375,11,8,2021,9,16,7,3,3,6,0,1,0,0,0,0,1,0,801153,9972,5824103,709,13,43587758,52,48378974
216374,11,6,2021,10,14,6,3,5,2,0,1,1,0,0,0,0,0,793370,8957,5816219,837,13,3146688,52,41735055
216373,11,7,2021,9,19,3,3,6,4,2,0,0,1,0,0,1,0,794402,9477,5822423,81,13,33526636,52,47240576
216372,11,2,2021,9,14,3,2,5,3,0,1,0,0,0,0,1,0,798988,7915,5824762,965,13,40467912,52,49088898
216371,11,5,2021,8,12,5,3,2,2,0,0,1,0,1,0,0,1,784786,883,5828826,12,13,19954887,52,53491479
216370,11,10,2021,8,13,3,3,5,2,0,1,1,0,0,0,0,0,810051,5781,5831661,128,13,57353036,52,54653685
216369,11,11,2021,9,20,6,3,0,7,2,0,0,0,0,0,1,0,806830,7919,5826250,176,13,52119091,52,49986665
216368,11,5,2021,9,8,5,3,6,4,0,1,0,1,0,0,0,0,783966,6029,5829270,93,13,18787902,52,53932311
216367,11,3,2021,9,17,3,3,5,2,0,1,1,0,0,0,0,0,795817,8747,5835211,417,13,36741544,52,58627711
216366,11,1,2021,9,17,7,3,5,7,0,1,1,0,0,0,0,0,795291,2922,5828737,182,13,35390555,52,52852749
216365,11,7,2021,9,1,4,2,5,3,2,0,1,0,0,0,0,0,794602,1954,5825490,819,13,34090279,52,49979881
216364,11,1,2021,9,19,7,3,3,7,1,1,0,0,0,0,0,0,797726,6677,5830159,291,13,39097358,52,53995031
216363,11,2,2021,8,23,7,3,5,3,2,0,1,0,0,0,0,0,798430,808,5824775,733,13,3964967,52,49130876
216362,11,1,2021,9,9,5,2,3,5,0,1,0,0,1,0,0,0,794896,2855,5828295,176,13,34770763,52,52477906
216361,11,1,2021,9,16,5,3,6,7,0,0,1,1,0,0,0,0,796425,9921,5825905,97,13,36806102,52,50253264
216360,11,1,2021,9,12,4,3,5,3,0,0,1,0,0,0,0,0,797003,1836,5828603,436,13,37894708,52,52639864
216359,11,3,2021,9,12,4,3,4,6,0,1,0,0,0,0,0,0,803752,3255,5839284,523,13,48791037,52,61841028
216358,11,1,2021,8,9,6,3,0,1,0,0,0,0,1,0,0,1,798738,7492,5827650,1,13,40359764,52,5169043
216357,11,3,2021,8,17,4,2,5,2,0,0,1,0,1,0,0,0,800179,3503,5836542,467,13,43280582,52,59581852
216356,11,1,2021,9,17,7,3,0,1,0,0,0,0,0,0,1,0,796375,33,5831051,473,13,37189847,52,5486846
216355,11,5,2021,9,8,6,3,2,1,0,0,1,0,0,0,0,0,781655,8501,5819776,319,13,14586954,52,45539555
216354,11,2,2021,9,12,3,3,6,2,0,0,1,1,0,0,0,0,799912,4055,5825986,197,13,41934314,52,50134672
216353,11,6,2021,9,7,3,2,5,3,0,1,1,0,0,0,0,0,786291,9431,5817653,391,13,21209329,52,43395276
216352,11,4,2021,9,10,5,3,3,6,0,1,0,0,1,0,0,0,790955,9003,5827408,634,13,28901639,52,51894838
216351,11,8,2021,9,13,3,3,2,6,0,0,1,0,0,0,0,0,800426,981,5823802,913,13,42491964,52,48149456
216350,11,4,2021,9,15,3,3,6,7,0,0,1,1,0,0,0,0,793519,3894,5823937,435,13,32362878,52,48645686
216349,11,3,2021,8,22,1,3,1,1,2,0,1,0,0,0,1,0,802081,9708,5830188,296,13,45502391,52,53781345
216348,11,2,2021,9,15,6,3,5,2,0,1,1,0,0,0,0,1,798483,5327,5825209,721,13,39765976,52,49517007
216347,11,9,2021,9,14,7,3,5,2,0,0,1,0,0,0,0,0,805020,938,5822710,208,13,49137268,52,46915405
216346,11,2,2021,9,6,5,3,4,6,0,1,0,0,0,0,0,1,798894,2043,5825094,68,13,40358771,52,49391415
216345,11,6,2021,9,10,5,3,6,6,0,0,0,1,0,0,1,0,793266,1949,5816375,325,13,31326995,52,41880059
216344,11,10,2021,8,12,7,3,5,2,0,0,1,0,0,0,1,0,811212,859,5828861,259,13,58797926,52,52078431
216343,11,10,2021,8,7,4,3,2,6,0,0,1,0,0,1,1,0,809663,5987,5833230,269,13,56929065,52,56081939
216342,11,6,2021,9,15,2,3,6,2,0,0,1,1,0,0,0,0,793400,6283,5820700,192,13,31903747,52,4574999
216341,11,2,2021,9,12,1,2,5,2,0,1,1,0,0,0,0,0,802013,7122,5826918,946,13,45105177,52,50854809
216340,11,6,2021,8,22,3,3,2,6,2,0,1,0,0,0,0,0,794317,1386,5820236,47,13,33207851,52,45285006
216339,11,4,2021,9,13,6,3,0,1,0,1,0,0,0,0,0,0,791679,1252,5823565,835,13,29627901,52,48411178
216338,11,10,2021,9,7,5,3,2,6,0,0,1,0,0,0,0,0,811817,763,5830483,533,13,59838703,52,53497629
216337,11,9,2021,9,16,3,3,5,3,0,1,1,0,0,0,0,0,811372,1659,5822557,225,13,58442868,52,46420055
216336,11,2,2021,9,16,3,3,5,2,0,1,1,0,0,0,0,0,801748,401,5826252,945,13,44655082,52,50272547
216335,11,2,2021,9,18,3,3,1,5,1,1,1,0,0,0,0,0,802628,7294,5826117,366,13,45935746,52,50102276
216334,11,2,2021,8,15,2,2,5,3,0,1,1,0,0,0,0,1,800279,341,5827621,859,13,42620357,52,5158061
216333,11,1,2021,9,7,6,3,2,7,0,0,1,0,1,0,0,0,794804,653,5830117,15,13,34796822,52,54116157
216332,11,8,2021,8,17,2,3,5,3,0,0,1,0,0,0,0,1,801265,8285,5823074,232,13,43658934,52,47450059
216331,11,2,2021,8,12,2,3,0,1,0,0,0,0,0,0,1,1,799063,8477,5825061,47,13,40604884,52,49351976
216330,11,1,2021,8,16,6,3,8,1,0,0,0,0,0,0,1,0,794427,2083,5828359,711,13,34087066,52,52561108
216329,11,9,2021,9,14,2,3,5,3,0,0,1,0,0,0,0,0,808480,8412,5818421,25,13,53818579,52,42877371
216328,11,12,2021,9,12,6,3,5,3,0,0,1,0,0,0,0,0,790692,543,5835382,176,13,29212847,52,59057094
216327,11,3,2021,8,17,3,3,5,2,0,1,0,0,0,0,1,0,799248,2708,5831804,26,13,41482442,52,55385933
216326,11,3,2021,9,14,1,3,5,2,0,1,1,0,0,0,0,0,796025,183,5835715,12,13,37091649,52,59067948
216325,11,1,2021,8,18,6,3,5,3,0,0,1,0,1,0,0,0,796960,45,5826706,64,13,3766254,52,50941404
216324,11,8,2021,9,18,5,3,6,4,0,0,1,1,0,0,0,0,801781,3035,5816747,388,13,43844094,52,41750692
216323,11,3,2021,9,11,6,3,0,1,0,0,0,0,1,0,0,0,799676,7609,5831259,486,13,42063405,52,54874285
216322,11,9,2021,9,7,4,3,5,2,0,1,1,0,0,0,0,0,807230,1369,5819787,277,13,52110381,52,44172019
216321,11,9,2021,9,22,4,3,5,3,2,0,1,0,1,0,0,0,802306,3083,5824783,489,13,45341163,52,4892459
216320,11,4,2021,8,15,5,3,5,3,0,0,1,0,0,0,0,0,792783,6044,5830574,48,13,31866415,52,54634687
216319,11,9,2021,8,17,3,3,6,4,0,1,0,1,0,0,0,0,811049,8965,5821871,508,13,57906133,52,45823902
216318,11,1,2021,9,15,7,2,1,5,0,0,1,0,1,0,0,0,798833,8193,5827721,695,13,40505892,52,51749477
216317,11,5,2021,9,14,4,3,0,3,0,1,1,0,0,0,0,0,787034,593,5829473,197,13,23316704,52,53953665
216316,11,7,2021,9,14,3,3,2,6,0,0,1,0,0,0,0,0,797946,2124,5815186,364,13,38082728,52,40561504
216315,11,1,2021,9,19,1,3,5,2,1,1,1,0,0,0,0,0,797158,9651,5831919,41,13,38420252,52,55603754
216314,11,11,2021,9,15,5,2,4,6,0,0,1,0,0,0,1,0,806667,1911,5832891,724,13,52491448,52,55948108
216313,11,11,2021,9,21,2,2,1,5,2,1,1,0,0,0,0,0,808139,851,5825647,411,13,53985684,52,49372715
216312,11,1,2021,9,15,5,3,0,7,0,1,0,0,0,0,0,0,799200,7972,5827692,941,13,41042522,52,51703583
216311,11,4,2021,9,17,1,3,5,2,0,1,0,0,0,0,1,0,794276,8984,5826064,398,13,33663144,52,50511614
216310,11,2,2021,8,14,6,2,3,6,0,1,0,0,0,0,0,0,801685,902,5826128,488,13,44550817,52,50164496
216309,11,3,2021,9,6,5,3,5,2,0,1,0,0,0,0,1,0,800146,809,5830861,71,13,42717465,52,54491337
216308,11,4,2021,9,15,6,2,5,2,0,1,1,0,0,0,0,0,792349,4406,5823119,114,13,30573041,52,47974851
216307,11,6,2021,9,16,4,3,6,2,0,0,1,1,0,0,0,1,795354,8214,5819976,934,13,34707507,52,44996379
216306,11,12,2021,9,14,4,3,0,7,0,1,1,0,0,0,0,0,786085,1305,5837657,66,13,22626806,52,61340966
216305,11,2,2021,8,10,6,3,2,2,0,1,0,0,0,1,0,1,798586,6454,5825559,38,13,39948752,52,49824791
216304,11,7,2021,8,11,4,3,5,2,0,1,1,0,0,0,0,0,795412,8491,5822242,8,13,34993167,52,47024444
216303,11,6,2021,9,15,7,3,0,3,0,0,0,0,1,0,0,0,784742,9505,5817540,59,13,18927386,52,43374993
216302,11,7,2021,8,15,2,3,0,6,0,0,1,0,0,0,1,1,797844,5703,5820785,456,13,38432464,52,45586058
216301,11,1,2021,9,13,6,2,6,4,0,0,1,1,0,0,0,0,795861,9693,5830448,23,13,36381666,52,543556
216300,11,7,2021,9,10,4,3,5,3,0,0,1,0,1,0,0,0,795133,8745,5824094,497,13,34747555,52,48699447
216299,11,1,2021,9,8,2,3,1,5,0,0,1,0,0,0,0,0,795647,752,5830636,862,13,36083491,52,5453632
216298,11,2,2021,9,13,5,3,3,6,0,0,1,0,1,0,0,0,798234,4354,5825461,801,13,39422715,52,49756583
216297,11,9,2021,9,8,3,3,5,2,0,1,1,0,0,0,0,0,808669,8751,5818583,83,13,54110662,52,43011745
216296,11,1,2021,9,16,7,3,1,5,0,0,0,0,0,0,1,1,799968,2946,5826489,1,13,42061699,52,50582284
216295,11,6,2021,8,19,3,3,3,6,2,1,1,0,0,0,0,0,794254,9212,5815041,529,13,32659443,52,40631284
216294,11,1,2021,9,10,2,3,6,7,0,1,0,1,0,0,0,0,797405,6984,5831868,311,13,38778537,52,55544482
216293,11,10,2021,9,15,5,3,3,6,0,1,1,0,0,0,0,0,814203,189,5831041,455,13,6339654,52,53860595
216292,11,11,2021,9,18,1,3,5,2,1,0,1,0,0,0,1,0,804625,4736,5832765,139,13,4947736,52,55949254
216291,11,6,2021,8,14,7,2,5,3,0,1,0,0,0,0,0,0,782022,9803,5815658,589,13,14778386,52,41828377
216290,11,8,2021,9,9,6,3,5,3,0,0,1,0,1,0,0,0,804312,2389,5817802,982,13,47650189,52,42556681
216289,11,7,2021,9,4,7,3,5,3,2,0,1,0,0,0,0,0,798713,7934,5816005,963,13,3928086,52,41254365
216288,11,2,2021,9,18,4,3,0,1,0,0,1,0,1,0,0,1,801701,1488,5826151,76,13,44576511,52,50184467
216287,11,8,2021,9,21,4,3,5,2,2,1,1,0,0,0,0,1,801038,5171,5821949,4,13,43223748,52,46454045
216286,11,5,2021,8,9,6,3,3,6,0,0,1,0,1,0,0,1,785010,7172,5829496,265,13,20342646,52,54080584
216285,11,8,2021,8,22,4,3,6,2,2,0,1,1,0,0,0,1,801652,2526,5822564,11,13,44180008,52,4697141
216284,11,3,2021,9,2,7,2,5,3,2,1,1,0,0,0,0,0,797411,7617,5833971,81,13,38976021,52,57429667
216283,11,1,2021,9,16,5,3,5,2,0,1,1,0,0,0,0,0,798080,7656,5830002,285,13,39603839,52,53834939
216282,11,4,2021,9,12,6,3,3,6,0,0,1,0,0,0,0,0,792388,942,5825011,514,13,30797072,52,49669234
216281,11,5,2021,9,12,4,3,2,6,0,0,1,0,1,0,0,0,784774,5248,5828778,191,13,19933778,52,5344911
216280,11,7,2021,9,11,2,3,0,6,0,0,1,0,0,0,1,0,799236,7105,5816241,139,13,40068412,52,41436613
216279,11,11,2021,8,17,1,3,2,6,1,0,1,0,1,0,0,1,807104,7193,5825756,536,13,52475848,52,4952885
216278,11,6,2021,9,18,3,3,5,3,1,1,1,0,0,0,0,0,796703,6099,5817503,185,13,36466838,52,42705831
216277,11,7,2021,9,10,3,3,4,1,0,0,1,0,0,0,0,1,796508,4207,5815897,272,13,360383,52,4127683
216276,11,12,2021,8,10,2,3,5,3,0,0,1,0,0,0,0,0,796706,8109,5833006,257,13,37852452,52,5660264
216275,11,5,2021,9,11,6,3,0,2,0,0,1,0,0,0,1,0,784850,7758,5829235,987,13,20085133,52,53855584
216274,11,4,2021,9,12,7,3,5,7,0,1,1,0,0,0,0,0,793533,818,5824898,886,13,32468763,52,49506812
216273,11,2,2021,9,16,5,3,5,3,0,0,1,0,0,0,1,0,797991,5882,5825255,98,13,39047629,52,49585353
216272,11,4,2021,8,16,2,2,5,3,0,0,1,0,0,0,0,1,792955,3903,5824118,744,13,31550591,52,48838517
216271,11,8,2021,8,21,1,3,4,6,2,1,1,0,0,0,0,1,801643,3086,5823756,571,13,44274735,52,4804082
216270,11,2,2021,9,23,5,3,5,3,2,0,1,0,0,0,0,1,802865,4196,5827469,12,13,46406346,52,51300708
216269,11,8,2021,8,22,6,3,6,4,2,0,1,1,0,0,0,0,800416,905,5823885,988,13,42484757,52,4822447
216268,11,2,2021,9,17,7,3,6,4,0,0,1,1,0,0,0,0,803020,8266,5827017,452,13,4659353,52,50887254
216267,11,9,2021,9,9,7,3,2,6,0,1,0,0,0,0,0,1,811025,7763,5818097,153,13,57519493,52,42442854
216266,11,1,2021,8,7,3,3,0,1,0,0,0,0,0,0,1,1,798655,6429,5830200,597,13,40466762,52,53981223
216265,11,4,2021,9,3,7,3,4,6,2,0,1,0,0,0,0,0,790085,4802,5825305,142,13,27439096,52,500554
216264,11,6,2021,10,6,6,3,3,6,2,1,1,0,0,0,0,0,793195,8862,5816473,98,13,31232472,52,41971477
216263,11,1,2021,9,16,3,3,6,7,0,0,0,1,0,0,1,0,796985,1808,5831939,184,13,3816644,52,55630959
216262,11,2,2021,9,17,3,3,5,3,0,1,0,0,0,0,0,0,802422,8863,5827425,496,13,45752259,52,51286161
216261,11,6,2021,9,7,3,3,5,3,0,1,1,0,0,0,0,0,795775,6129,5819929,295,13,35320676,52,44930924
216260,11,5,2021,8,23,2,2,2,6,2,0,1,0,0,0,0,0,786717,7835,5828229,749,13,22743588,52,52855512