OBJECTID,LAND,BEZ,UJAHR,UMONAT,USTUNDE,UWOCHENTAG,UKATEGORIE,UART,UTYP1,ULICHTVERH,IstRad,IstPKW,IstFuss,IstKrad,IstGkfz,IstSonstige,USTRZUSTAND,LINREFX,LINREFY,XGCSWGS84,YGCSWGS84,,,,
216259,11,11,2021,9,10,6,3,1,5,0,1,1,0,0,0,0,0,806878,2252,5827031,143,13,52260721,52,50683915
216258,11,5,2021,8,16,2,3,5,3,0,0,1,0,0,0,1,1,780917,7473,5829126,982,13,1429226,52,53962027
216257,11,4,2021,9,7,3,3,2,6,0,0,1,0,0,0,0,0,791548,73,5823599,713,13,29438324,52,48448552
216256,11,4,2021,9,9,7,3,0,6,0,1,0,0,0,0,1,1,793088,5232,5822047,281,13,31564025,52,46974367
216255,11,12,2021,9,14,4,3,5,3,0,1,1,0,0,0,0,0,794728,5576,5838692,389,13,35448267,52,61807207
216254,11,10,2021,9,12,7,3,2,6,0,0,1,0,0,0,0,0,809955,1395,5831926,73,13,5723606,52,5489719
216253,11,1,2021,8,15,1,2,9,1,0,0,0,0,1,0,0,1,794327,878,5830522,325,13,3413144,52,54505153
216252,11,9,2021,9,15,4,3,3,6,0,1,0,0,1,0,0,0,818403,8672,5820637,604,13,68575658,52,4429488
216251,11,7,2021,9,16,5,3,5,7,0,1,1,0,0,0,0,0,794210,3147,5822753,666,13,33273013,52,47547308
216250,11,8,2021,9,15,4,3,5,3,0,1,1,0,0,0,0,1,801748,3872,5824286,206,13,44476932,52,48509734
216249,11,10,2021,9,11,4,3,5,3,0,0,1,0,0,0,0,0,812722,4912,5830987,181,13,6121561,52,53897116
216248,11,8,2021,8,17,5,3,0,7,0,0,0,0,1,0,0,1,802423,224,5823723,619,13,45416677,52,4796815
216247,11,9,2021,8,15,3,3,1,7,0,0,1,0,0,0,0,0,804280,1088,5822169,295,13,48000715,52,46471909
216246,11,4,2021,9,17,6,3,5,2,1,1,1,0,0,0,0,0,790847,7681,5826735,521,13,28683884,52,51297162
216245,11,7,2021,9,15,4,3,6,4,0,0,1,1,0,0,0,0,796518,3176,5822810,126,13,36666266,52,47473111
216244,11,6,2021,9,20,3,3,0,3,1,1,0,0,0,0,0,0,793894,3449,5820976,41,13,32652596,52,45971082
216243,11,4,2021,9,9,1,3,5,2,0,0,1,0,0,0,0,0,788298,781,5826885,676,13,24950157,52,51567149
216242,11,1,2021,9,14,5,2,5,2,0,1,1,0,0,0,0,0,795595,3939,5831749,545,13,36105558,52,55536577
216241,11,9,2021,9,10,2,3,5,2,0,0,1,0,0,0,1,0,810873,43,5820660,766,13,57533986,52,44748947
216240,11,3,2021,9,15,1,3,6,4,0,0,1,1,0,0,0,0,803486,8094,5838539,797,13,48331722,52,61188405
216239,11,5,2021,8,4,1,3,0,1,2,0,0,0,0,0,1,0,784897,6588,5830130,23,13,20230749,52,5465472
216238,11,1,2021,9,7,6,3,5,7,0,1,0,0,0,0,1,0,796472,9599,5830876,23,13,37318181,52,5470586
216237,11,1,2021,9,19,6,3,3,6,2,0,0,0,1,0,1,0,798528,6646,5826764,86,13,39971605,52,50907822
216236,11,1,2021,9,17,4,3,5,3,1,0,1,0,0,0,0,1,798241,1206,5829625,144,13,39805724,52,53488109
216235,11,5,2021,8,15,2,2,0,6,0,0,1,0,1,0,0,1,784363,2472,5829997,774,13,19433454,52,54564068
216234,11,4,2021,9,22,5,3,0,5,2,0,1,0,1,0,0,1,791044,1258,5822916,96,13,28638706,52,47862569
216233,11,8,2021,8,20,6,3,5,2,1,0,1,0,0,0,0,0,800175,9315,5823648,836,13,42110818,52,48025107
216232,11,5,2021,8,13,4,3,4,5,0,0,1,0,0,0,1,0,782495,5796,5820656,184,13,15893934,52,46285152
216231,11,2,2021,9,12,1,3,2,6,0,0,1,0,0,0,0,0,799101,5862,5825616,196,13,40710151,52,49847521
216230,11,1,2021,8,8,2,3,2,6,0,1,0,0,0,0,1,0,796511,8198,5830921,11,13,37379338,52,54744072
216229,11,10,2021,9,13,6,2,5,2,0,1,1,0,0,0,0,0,809565,608,5826554,818,13,5616338,52,50105236
216228,11,4,2021,9,17,4,3,0,6,0,1,0,0,0,0,1,0,792432,6152,5826118,344,13,30958422,52,5065914
216227,11,7,2021,9,20,2,2,5,2,2,0,1,0,0,0,0,0,795241,6371,5822271,61,13,34744348,52,47059034
216226,11,1,2021,8,6,2,3,1,5,1,0,1,0,1,0,1,1,796813,6824,5832277,496,13,37944472,52,55943565
216225,11,7,2021,9,14,3,2,5,2,0,0,1,0,1,0,0,0,795008,7359,5823310,32,13,34494398,52,48003247
216224,11,4,2021,9,13,3,3,2,6,0,0,1,0,0,1,0,1,791276,3487,5823347,608,13,29017372,52,48237039
216223,11,5,2021,8,8,3,3,0,1,0,0,1,0,1,0,0,0,784787,883,5828757,317,13,19950462,52,53429738
216222,11,5,2021,9,20,6,3,1,5,1,1,1,0,0,0,0,0,789106,197,5829729,792,13,26384797,52,54074203
216221,11,7,2021,9,18,4,3,3,6,0,1,1,0,0,0,0,0,796035,1332,5823592,755,13,36026426,52,48200883
216220,11,2,2021,8,23,6,3,2,6,2,0,1,0,1,0,0,0,799957,3886,5825463,399,13,419533,52,49663592
216219,11,3,2021,9,18,2,3,0,7,0,1,0,0,0,0,0,0,799589,1986,5833109,215,13,4210161,52,56537076
216218,11,4,2021,9,14,7,3,5,3,0,0,1,0,0,0,0,1,790572,6423,5827337,306,13,2833216,52,51851328
216217,11,3,2021,8,20,3,2,0,4,1,1,0,1,0,0,0,0,800760,6959,5833324,147,13,43844237,52,56665132
216216,11,4,2021,9,19,5,3,4,2,1,1,0,0,1,0,0,0,793940,1997,5826070,528,13,33169048,52,50535259
216215,11,12,2021,9,16,6,3,6,4,0,0,1,1,0,0,0,0,791402,8457,5839489,614,13,3062012,52,62701259
216214,11,2,2021,10,10,6,3,5,3,0,0,1,0,0,0,0,0,798634,8948,5825135,968,13,39981658,52,49442618
216213,11,11,2021,9,7,3,2,6,4,0,0,1,1,0,0,0,0,804997,187,5828428,797,13,49625698,52,52042048
216212,11,2,2021,9,9,4,3,5,3,0,1,1,0,0,0,0,0,801132,5899,5826287,746,13,43753732,52,50337759
216211,11,6,2021,9,11,3,3,5,7,0,0,1,0,0,0,1,1,790127,445,5819663,95,13,27010004,52,44995715
216210,11,3,2021,8,7,5,3,5,3,0,1,1,0,0,0,0,1,799695,4417,5837328,577,13,42639461,52,60313147
216209,11,10,2021,8,18,3,3,3,6,0,1,0,0,0,0,1,0,810635,2473,5829345,17,13,57994549,52,52545017
216208,11,9,2021,9,18,6,3,3,6,1,0,1,0,1,0,0,0,805627,8614,5821654,484,13,49931284,52,45935293
216207,11,9,2021,9,16,3,3,5,3,0,1,1,0,0,0,0,0,813361,8117,5821568,62,13,61269165,52,45419925
216206,11,12,2021,8,12,1,3,5,2,0,0,1,0,0,0,0,1,791168,2241,5834029,154,13,29794167,52,57818701
216205,11,7,2021,9,14,3,2,0,1,0,0,0,0,1,0,0,0,798774,5,5819086,222,13,39644331,52,44012172
216204,11,6,2021,9,16,3,3,2,6,0,0,1,0,0,0,0,0,792392,2281,5818456,409,13,30227478,52,43792503
216203,11,3,2021,8,17,2,2,3,6,0,1,0,0,0,0,0,0,798280,66,5831806,905,13,40059764,52,55441591
216202,11,6,2021,9,18,6,3,5,2,0,1,1,0,0,0,0,1,794207,6605,5821448,59,13,33154029,52,46377512
216201,11,2,2021,9,1,1,3,0,1,2,0,0,0,1,0,0,0,798342,807,5825502,642,13,39585539,52,49787268
216200,11,3,2021,9,10,5,2,1,7,0,0,1,0,0,0,0,0,804358,4766,5841007,248,13,49842224,52,63351069
216199,11,5,2021,8,6,2,3,5,7,0,0,1,0,0,0,0,1,786897,8281,5828383,12,13,2302149,52,52983449
216198,11,8,2021,10,14,6,3,3,6,0,0,1,0,0,0,0,0,801075,1687,5824150,792,13,43476278,52,48425523
216197,11,6,2021,8,3,1,3,9,1,2,0,1,0,0,0,0,1,795860,3944,5819412,977,13,3539934,52,44463494
216196,11,9,2021,9,18,2,3,1,5,1,1,0,0,0,1,0,0,808136,6434,5821907,879,13,53635466,52,4602152
216195,11,11,2021,9,19,1,2,5,2,1,0,1,0,1,0,0,0,806904,5362,5832625,285,13,52815829,52,55695955
216194,11,5,2021,9,14,7,3,5,7,0,0,1,0,1,0,0,1,782502,7584,5830591,448,13,16747672,52,55193173
216193,11,4,2021,10,8,6,3,5,2,0,1,1,0,0,0,0,0,793946,456,5823427,345,13,3294503,52,48165438
216192,11,7,2021,9,11,3,2,1,5,0,1,1,0,0,0,0,0,797631,4251,5822573,834,13,38279195,52,47200761
216191,11,2,2021,9,8,3,3,5,2,0,1,1,0,0,0,0,0,797766,6742,5824734,759,13,38670722,52,49130415
216190,11,1,2021,9,8,4,3,3,6,0,0,1,0,0,0,0,1,793875,2205,5830082,718,13,33428121,52,54135465
216189,11,4,2021,8,8,3,3,0,7,0,1,0,0,0,0,0,0,792413,7066,5826199,135,13,30937738,52,5073258
216188,11,1,2021,9,9,6,3,5,2,0,1,1,0,0,0,0,0,799690,906,5827213,304,13,41719446,52,51246753
216187,11,2,2021,9,12,4,3,5,3,0,0,1,0,1,0,0,0,798581,3868,5825563,474,13,39941396,52,49828748
216186,11,2,2021,9,11,2,3,0,1,0,0,0,0,1,0,0,0,803104,807,5826262,493,13,46648161,52,5020593
216185,11,8,2021,9,1,6,2,1,5,2,0,1,0,0,0,0,0,800897,805,5824612,77,13,43257518,52,48848763
216184,11,7,2021,8,23,3,3,1,5,2,1,1,0,0,0,0,1,794968,3059,5824007,645,13,34496739,52,48630538
216183,11,9,2021,9,13,5,3,0,4,0,0,0,1,0,0,1,0,812120,959,5818375,899,13,59149646,52,42630345
216182,11,4,2021,9,11,7,3,0,2,0,1,1,0,0,0,0,1,793933,6545,5825893,172,13,33143775,52,50376622
216181,11,1,2021,8,13,7,3,0,3,0,0,0,0,1,0,1,0,797900,5842,5827372,811,13,39103386,52,51487803
216180,11,2,2021,9,16,5,3,0,3,0,0,1,0,1,0,0,0,802909,6536,5827126,413,13,46440138,52,50991088
216179,11,1,2021,9,2,6,2,0,1,2,0,0,0,0,0,1,0,797990,1642,5827085,186,13,39209248,52,5122509
216178,11,11,2021,9,14,4,3,5,2,0,0,1,0,1,0,0,0,806844,5756,5832562,208,13,52721831,52,55642803
216177,11,9,2021,9,12,4,3,6,2,0,0,1,1,0,0,0,1,809933,1351,5821626,203,13,56245014,52,45667508
216176,11,3,2021,8,16,5,3,5,3,0,1,1,0,0,0,0,1,800140,946,5838356,546,13,43388545,52,61209951
216175,11,8,2021,8,10,3,3,5,2,0,0,1,0,0,0,1,0,801315,4439,5823995,665,13,43815023,52,48273225
216174,11,1,2021,9,16,6,3,3,6,0,1,1,0,0,0,0,0,793505,2017,5829116,331,13,32798729,52,53289094
216173,11,2,2021,9,8,5,3,5,2,0,1,1,0,0,0,0,0,797806,8756,5825928,591,13,38836492,52,50198352
216172,11,3,2021,9,13,4,2,0,1,0,0,0,0,1,0,0,0,801432,9935,5833147,61,13,44817086,52,5646972
216171,11,1,2021,9,10,1,3,2,6,0,0,1,0,0,0,1,0,797244,3471,5831294,992,13,38489915,52,55039381
216170,11,4,2021,9,14,5,3,2,6,0,0,1,0,1,0,0,0,793582,6893,5825743,58,13,32614956,52,50260947
216169,11,6,2021,9,10,2,3,6,7,0,1,0,1,0,0,0,0,790027,3768,5819347,194,13,26835665,52,44717044
216168,11,4,2021,9,15,1,3,0,6,0,1,1,0,0,0,0,0,788986,124,5826984,317,13,25969859,52,51619169
216167,11,7,2021,8,19,2,3,0,7,0,0,1,0,0,0,0,0,794354,4057,5822319,24,13,33446214,52,47150104
216166,11,5,2021,9,7,5,3,5,3,0,1,1,0,0,0,0,0,780789,3617,5829935,52,13,14171765,52,54693211
216165,11,6,2021,9,13,6,3,1,5,0,1,1,0,0,0,0,0,790721,2694,5817745,944,13,27714495,52,43244635
216164,11,8,2021,9,18,4,3,0,5,1,1,1,0,0,0,0,1,800604,9944,5825125,316,13,42873874,52,49324927
216163,11,6,2021,9,15,5,3,5,2,0,0,1,0,0,0,0,0,789864,7702,5818783,517,13,26548172,52,44220311
216162,11,12,2021,8,13,6,3,2,6,0,0,1,0,0,0,0,0,793330,5795,5832797,609,13,32867221,52,56598564
216161,11,6,2021,9,15,5,3,0,3,0,1,0,0,0,0,1,0,790742,6728,5820755,204,13,28007774,52,45941357
216160,11,9,2021,8,8,4,3,5,2,0,1,0,0,0,1,0,0,809956,6809,5817907,555,13,55934701,52,42333599
216159,11,1,2021,9,15,1,3,5,2,0,1,1,0,0,0,0,0,794589,4144,5828438,806,13,34332475,52,52623249
216158,11,5,2021,9,13,6,2,2,6,0,0,1,0,0,0,0,0,784528,3275,5828864,106,13,19579145,52,53539
216157,11,3,2021,9,9,6,3,2,6,0,0,1,0,0,1,0,0,798813,1079,5831818,28,13,40843795,52,55422601
216156,11,5,2021,9,7,4,3,5,2,0,1,1,0,0,0,0,0,789406,1144,5828678,141,13,2673447,52,53115448
216155,11,5,2021,9,22,2,2,0,7,2,0,1,0,0,0,0,0,784579,59,5828296,802,13,19605166,52,53027706
216154,11,6,2021,9,16,3,3,2,6,0,0,1,0,0,0,0,0,792275,7795,5816699,338,13,29903085,52,42223518
216153,11,11,2021,9,14,2,3,0,6,0,1,1,0,0,0,0,0,804559,9065,5831027,752,13,49221577,52,54395796
216152,11,4,2021,8,14,3,2,3,6,0,1,1,0,0,0,0,0,793876,3709,5825868,385,13,33057436,52,50357487
216151,11,9,2021,9,15,6,3,6,4,0,1,0,1,0,0,0,1,806999,4632,5821158,102,13,51898049,52,45413549
216150,11,3,2021,9,16,4,3,6,3,0,1,0,1,0,0,0,0,801104,7596,5830758,894,13,4411765,52,54346857
216149,11,12,2021,8,21,1,3,1,1,2,0,1,0,0,0,0,1,791963,9665,5837018,317,13,31228624,52,60455728
216148,11,1,2021,8,16,6,3,0,1,0,0,1,0,1,0,0,0,798651,1479,5828815,823,13,40335729,52,52740217
216147,11,3,2021,9,7,2,3,6,4,0,1,0,1,0,0,0,0,801137,7077,5830739,404,13,44164322,52,54327567
216146,11,12,2021,9,8,7,3,0,1,0,0,0,0,1,0,0,1,793505,5368,5832446,901,13,33093578,52,56274746
216145,11,4,2021,8,9,3,3,5,2,0,1,1,0,0,0,0,0,790399,9756,5827140,906,13,28061261,52,51684452
216144,11,2,2021,9,13,7,3,2,6,0,0,1,0,0,0,0,0,801586,4869,5825943,443,13,44389236,52,50004087
216143,11,12,2021,10,12,6,3,5,3,0,0,1,0,0,0,0,0,790585,5842,5839719,54,13,2943628,52,62950727
216142,11,4,2021,9,17,3,3,5,2,0,1,0,0,1,0,0,0,789286,223,5827512,987,13,26456558,52,52077235
216141,11,7,2021,9,15,4,3,5,2,0,1,1,0,0,0,0,0,799980,3963,5821330,88,13,41615268,52,45957439
216140,11,5,2021,9,11,3,3,0,2,0,0,1,0,0,0,1,1,784597,2344,5828312,266,13,19633211,52,53040622
216139,11,12,2021,8,15,5,2,8,1,0,1,0,0,0,0,0,1,786030,3493,5837665,872,13,2254688,52,61351744
216138,11,4,2021,8,19,3,3,5,2,1,1,1,0,0,0,0,0,790740,7881,5822657,903,13,28170806,52,47647253
216137,11,7,2021,9,10,6,3,2,6,0,0,0,0,0,0,1,0,796084,7415,5825334,594,13,3625403,52,49759604
216136,11,8,2021,9,21,5,3,5,3,2,0,1,0,0,0,1,1,800440,9823,5823172,114,13,42456981,52,47583227
216135,11,3,2021,9,15,3,3,2,3,0,0,1,0,1,0,0,0,801907,3075,5830328,501,13,45258386,52,53916689
216134,11,11,2021,9,2,1,2,0,1,2,0,0,0,0,0,1,0,804645,6681,5831111,365,13,49355319,52,54465939
216133,11,12,2021,9,16,4,2,5,2,0,0,1,0,1,0,0,0,790658,7813,5837395,205,13,29339875,52,60863538
216132,11,5,2021,9,12,1,3,2,6,0,0,1,0,0,0,0,0,783376,5867,5826753,35,13,17705732,52,51706174
216131,11,3,2021,8,19,7,3,2,2,0,0,1,0,0,0,0,0,798057,7643,5837198,798,13,40216771,52,60286846
216130,11,4,2021,9,12,5,3,5,3,0,0,1,0,0,0,0,0,790838,956,5822517,94,13,28301469,52,47516595
216129,11,1,2021,9,18,5,3,2,6,0,1,0,0,0,0,0,0,799539,3081,5828217,565,13,41587139,52,52155245
216128,11,10,2021,9,7,4,3,5,3,0,0,1,0,0,0,0,0,807803,9318,5830768,261,13,53966188,52,53980955
216127,11,1,2021,9,19,4,3,1,5,1,1,1,0,0,0,0,1,798457,761,5829126,76,13,40078355,52,53028943
216126,11,2,2021,8,6,6,3,5,2,0,1,1,0,0,0,0,1,797847,431,5824925,485,13,38805794,52,49296994
216125,11,8,2021,8,21,4,2,6,4,2,0,1,1,0,0,0,1,802573,6481,5823097,778,13,45580718,52,47398875
216124,11,8,2021,9,15,7,3,6,4,0,0,1,1,0,0,0,0,800996,9588,5824224,473,13,43368104,52,48495877
216123,11,4,2021,9,16,5,3,5,3,0,0,1,0,0,0,0,0,794369,1512,5825672,585,13,3376403,52,501554
216122,11,6,2021,9,14,3,3,2,6,0,1,1,0,0,0,0,0,789688,6477,5818446,898,13,262606,52,43927852
216121,11,7,2021,9,14,2,3,3,5,0,1,1,0,0,0,0,0,794318,4868,5822317,164,13,33393304,52,47150179
216120,11,12,2021,9,8,4,2,6,4,0,0,1,1,0,0,0,0,790658,7217,5833703,736,13,29015853,52,57554207
216119,11,1,2021,9,18,2,2,5,3,0,1,0,0,0,0,1,0,799661,7439,5827617,169,13,41712972,52,51610358
216118,11,3,2021,9,16,2,3,5,3,0,1,1,0,0,0,0,0,801160,8655,5831110,539,13,44232016,52,54658939
216117,11,9,2021,8,12,2,2,6,4,0,0,0,1,0,0,1,1,811765,1006,5818261,193,13,58618551,52,42547788
216116,11,10,2021,9,7,6,3,5,3,0,0,1,0,0,0,1,0,813606,4046,5830022,31,13,62423572,52,5298147
216115,11,4,2021,9,7,3,3,5,2,0,0,1,0,1,0,0,0,793769,2676,5826574,909,13,32962445,52,50996618
216114,11,3,2021,9,11,6,3,6,7,0,0,1,1,0,0,0,0,799606,8401,5837865,847,13,42557659,52,60799596
216113,11,1,2021,9,7,4,3,1,5,0,1,1,0,0,0,0,0,797857,6497,5828537,31,13,39144575,52,52533976
216112,11,1,2021,9,11,1,3,5,2,0,1,1,0,0,0,0,0,799223,5735,5828466,357,13,4114556,52,52395585
216111,11,3,2021,8,11,7,3,5,3,0,1,1,0,0,0,0,0,801110,1926,5834987,746,13,44509383,52,58136901
216110,11,2,2021,9,14,5,3,5,3,0,0,1,0,0,0,0,0,799227,691,5825994,657,13,40929366,52,50179845
216109,11,10,2021,9,18,5,2,0,7,1,0,1,0,0,0,0,0,809629,3886,5828544,552,13,56442126,52,51884748
216108,11,1,2021,9,10,4,3,2,6,0,0,1,0,0,0,1,0,799206,9456,5826996,52,13,40988895,52,51078587
216107,11,7,2021,9,16,4,3,0,5,0,0,1,0,1,0,0,1,795000,5234,5825230,311,13,346523,52,49724836
216106,11,1,2021,8,6,6,2,0,1,0,0,1,0,1,0,0,1,796703,6116,5828773,811,13,37469629,52,528089
216105,11,11,2021,8,20,4,2,0,1,2,0,0,0,1,0,0,1,805181,566,5829626,157,13,50006729,52,53104848
216104,11,8,2021,9,19,6,3,5,3,0,0,1,0,0,0,0,0,801569,6284,5822310,197,13,44035801,52,46748473
216103,11,6,2021,9,17,4,3,6,7,0,1,0,1,0,0,0,0,789380,6342,5818128,605,13,25781178,52,43658795
216102,11,1,2021,9,10,3,3,5,2,0,1,1,0,0,0,0,0,794440,9161,5829321,684,13,34192413,52,53422712
216101,11,4,2021,9,16,7,3,0,2,0,1,1,0,0,0,0,1,792718,9983,5825391,82,13,3131523,52,49991813
216100,11,2,2021,9,20,4,3,0,4,2,0,0,1,1,0,0,0,799217,3242,5825992,297,13,40913927,52,50178298
216099,11,11,2021,9,15,2,3,5,3,0,1,1,0,0,0,0,0,803973,5827,5829085,377,13,48181985,52,52687663
216098,11,6,2021,9,9,2,3,6,2,0,0,1,1,0,0,0,0,794004,3897,5821375,715,13,32849267,52,46323124
216097,11,3,2021,8,13,1,3,0,5,0,0,1,0,0,0,1,1,804097,856,5832379,234,13,48664964,52,55632919
216096,11,1,2021,9,1,6,3,5,3,2,1,1,0,0,0,0,0,797943,4495,5828779,418,13,39292362,52,52746306
216095,11,11,2021,9,10,7,3,5,2,0,1,1,0,0,0,0,1,807202,9908,5823907,448,13,5244972,52,47866138
216094,11,9,2021,9,12,5,3,3,6,0,0,1,0,0,0,0,0,810112,3432,5820419,849,13,5639591,52,44576242
216093,11,6,2021,9,16,5,3,5,3,0,0,1,0,0,0,0,0,793278,2193,5818926,75,13,31568335,52,4416611
216092,11,11,2021,8,21,7,3,3,6,2,0,1,0,0,0,0,1,807146,7899,5823740,19,13,52351807,52,47719245
216091,11,1,2021,8,18,4,3,6,7,0,0,1,1,0,0,0,1,793811,4083,5828491,86,13,33193665,52,52712793
216090,11,4,2021,9,15,7,3,2,6,0,0,1,0,0,0,0,0,791385,7084,5827474,884,13,29539094,52,51931281
216089,11,10,2021,9,14,5,2,5,3,0,1,1,0,0,0,0,0,807001,2525,5830429,675,13,52755094,52,53722791
216088,11,2,2021,9,23,4,3,0,7,2,0,1,0,0,0,0,0,799013,1928,5825071,3,13,40531391,52,49363699
216087,11,2,2021,9,21,2,3,0,1,2,0,0,0,1,0,0,0,801440,8258,5826056,282,13,44185519,52,50113275
216086,11,5,2021,9,15,3,3,0,1,0,0,0,0,1,0,1,0,784656,7786,5828624,976,13,19747531,52,53317888
216085,11,11,2021,9,15,3,3,5,3,0,1,1,0,0,0,0,0,806106,803,5830164,905,13,5141606,52,5353581
216084,11,7,2021,8,16,3,2,6,4,0,1,0,1,0,0,0,0,796428,8465,5824892,37,13,36720057,52,49344213
216083,11,2,2021,9,13,6,3,6,2,0,0,1,1,0,0,0,0,801137,368,5828581,401,13,43967823,52,52393359
216082,11,9,2021,9,17,4,3,0,2,0,1,1,0,0,0,0,0,806497,7268,5820066,651,13,51061844,52,44463503
216081,11,1,2021,8,12,2,3,6,7,0,0,0,1,0,0,1,1,797674,2832,5827977,396,13,38824978,52,52042096
216080,11,10,2021,8,16,5,2,5,2,0,0,1,0,0,0,1,0,812385,1544,5824271,746,13,6008965,52,47898666
216079,11,5,2021,9,10,2,3,5,2,0,0,1,0,0,0,0,0,786566,138,5830552,707,13,22721011,52,54946172
216078,11,7,2021,9,16,7,3,1,5,1,1,1,0,0,0,0,1,796616,735,5824313,856,13,36944526,52,48815722
216077,11,9,2021,8,16,3,3,5,2,0,0,1,0,1,0,0,0,807713,4145,5818121,82,13,52665801,52,42651568
216076,11,8,2021,9,14,1,3,2,6,0,0,1,0,1,0,0,0,800883,6035,5824282,4,13,43206868,52,48553692
216075,11,7,2021,8,21,6,3,5,3,2,0,1,0,0,0,1,0,795354,3035,5822247,515,13,34907646,52,47031836
216074,11,2,2021,9,9,5,3,1,5,0,1,1,0,0,0,0,0,797934,1829,5826382,82,13,39064133,52,50598564
216073,11,4,2021,9,16,5,3,6,2,0,0,1,1,0,0,0,0,793992,427,5826148,892,13,3325213,52,50602716
216072,11,3,2021,9,15,4,3,5,3,0,1,1,0,0,0,0,1,799827,6528,5832098,665,13,42361052,52,55618163
216071,11,1,2021,9,8,3,3,5,3,0,1,0,0,0,0,1,0,794013,591,5829169,67,13,33550727,52,53308969
216070,11,9,2021,8,6,5,3,5,3,0,0,1,0,0,0,0,1,808097,3099,5816927,914,13,53118753,52,41560628
216069,11,9,2021,8,13,3,3,0,2,0,1,1,0,0,0,0,0,806413,312,5822980,694,13,51205052,52,47079927
216068,11,4,2021,9,14,6,3,5,2,0,1,0,0,0,0,1,0,790794,2534,5827391,504,13,28662581,52,51888103
216067,11,6,2021,9,17,5,3,0,7,0,1,0,0,0,0,0,0,795099,914,5819450,369,13,34286986,52,4453811
216066,11,3,2021,9,11,2,3,6,7,0,1,0,1,0,0,0,0,799943,858,5829971,726,13,42338726,52,53705367
216065,11,1,2021,9,17,7,3,6,7,0,1,0,1,0,0,0,0,794668,7989,5831155,104,13,34690033,52,5505392
216064,11,8,2021,8,12,3,2,5,2,0,1,1,0,0,0,0,0,800982,8862,5824768,888,13,43396607,52,48984627
216063,11,10,2021,9,9,2,3,5,3,0,1,1,0,0,0,0,0,813262,2283,5830369,392,13,61950597,52,53312524
216062,11,8,2021,9,15,1,3,2,6,0,0,1,0,1,0,0,0,801403,5673,5819275,812,13,43518216,52,44037825
216061,11,9,2021,8,17,7,3,6,4,0,0,1,1,0,0,0,0,810582,2315,5821339,89,13,5717053,52,45373363
216060,11,5,2021,9,8,6,3,5,3,0,0,0,0,0,1,1,0,785212,488,5831830,399,13,20839861,52,56162779
216059,11,8,2021,9,4,7,3,6,2,2,0,1,1,0,0,0,0,800613,6084,5823773,759,13,4276462,52,48113005
216058,11,5,2021,9,20,4,3,3,6,2,0,1,0,0,0,0,1,785299,538,5830007,701,13,20811286,52,54524015
216057,11,5,2021,9,15,4,2,5,3,0,0,1,0,0,0,1,1,783976,8741,5830077,319,13,18872015,52,54655543
216056,11,3,2021,8,13,6,3,5,3,0,0,1,0,0,0,0,1,800030,5203,5832028,863,13,4265308,52,55544427
216055,11,1,2021,9,12,6,3,0,1,0,0,0,0,1,0,0,0,794662,8463,5826050,7,13,34228857,52,5047794
216054,11,1,2021,8,23,4,3,2,6,2,0,1,0,0,0,0,1,794492,7166,5830636,198,13,34385076,52,54598281
216053,11,1,2021,9,12,7,3,3,2,0,0,1,0,0,0,1,0,795321,3107,5826141,991,13,35204316,52,5052474
216052,11,12,2021,9,14,6,2,5,7,0,0,1,0,1,0,0,0,790940,9033,5834310,945,13,29484377,52,5808348
216051,11,6,2021,9,14,4,3,5,3,0,1,1,0,0,0,0,0,796783,526,5817868,54,13,36616408,52,43028573
216050,11,4,2021,9,8,3,3,5,3,0,1,0,0,0,0,0,0,794185,3095,5823228,407,13,33278185,52,47974237
216049,11,7,2021,9,12,5,3,5,3,0,0,1,0,0,0,0,0,797590,2438,5818738,614,13,37876951,52,43765123
216048,11,4,2021,9,10,3,3,1,5,0,1,1,0,0,0,0,0,793474,5909,5824856,861,13,3237807,52,49472324
216047,11,2,2021,9,10,3,3,4,6,0,1,0,0,0,0,0,0,800698,5333,5826439,767,13,43129909,52,50497957
216046,11,5,2021,8,19,2,3,5,3,1,0,1,0,1,0,0,0,784752,3081,5827199,555,13,1976591,52,52034865
216045,11,5,2021,9,16,6,3,0,1,0,0,0,0,1,0,0,1,786929,5727,5830853,365,13,23281516,52,55196598
216044,11,9,2021,9,19,1,3,1,5,1,1,1,0,0,0,0,0,806586,48,5822155,444,13,51383083,52,46330606
216043,11,7,2021,9,14,5,3,5,2,0,0,1,0,0,0,1,0,798677,99,5816001,681,13,39226688,52,41252529
216042,11,9,2021,9,17,5,2,6,4,0,0,1,1,0,0,0,0,811724,3448,5821610,291,13,58871168,52,45551391
216041,11,12,2021,8,12,7,3,5,2,0,1,1,0,0,0,0,0,795770,41,5832572,284,13,36435733,52,562646
216040,11,8,2021,9,5,1,3,1,5,1,0,1,0,0,0,0,0,803707,3527,5817991,836,13,46780475,52,42759557
216039,11,12,2021,9,15,1,3,5,3,0,1,1,0,0,0,0,0,790676,4586,5834314,547,13,29095513,52,58100842
216038,11,11,2021,8,6,3,3,6,7,0,0,1,1,0,0,0,1,803362,5246,5830084,92,13,47375237,52,53617561