OBJECTID,LAND,BEZ,UJAHR,UMONAT,USTUNDE,UWOCHENTAG,UKATEGORIE,UART,UTYP1,ULICHTVERH,IstRad,IstPKW,IstFuss,IstKrad,IstGkfz,IstSonstige,USTRZUSTAND,LINREFX,LINREFY,XGCSWGS84,YGCSWGS84,,,,
216037,11,5,2021,9,9,7,2,0,1,0,0,0,0,1,0,0,1,784636,7555,5828433,3,13,19701655,52,53146835
216036,11,4,2021,9,15,3,3,0,1,0,0,1,0,1,0,0,0,790369,993,5823532,227,13,27701228,52,48450873
216035,11,1,2021,9,7,4,3,6,2,1,0,1,1,0,0,0,1,796852,9448,5832377,332,13,3801115,52,56030916
216034,11,1,2021,9,8,4,3,3,6,0,0,1,0,1,0,0,0,795235,6914,5826697,897,13,35127841,52,51027701
216033,11,7,2021,8,15,2,3,5,2,0,0,1,0,1,0,0,0,799129,116,5821712,391,13,40400344,52,46346785
216032,11,12,2021,9,18,6,3,5,3,0,0,1,0,0,0,0,0,795732,9278,5837041,997,13,36779987,52,60273247
216031,11,12,2021,8,14,2,3,2,6,0,0,1,0,0,0,0,1,792549,4024,5835165,5,13,31926911,52,58762859
216030,11,1,2021,8,3,6,2,0,1,2,1,0,0,0,0,0,1,798309,232,5826981,135,13,39668694,52,51114382
216029,11,2,2021,9,19,2,3,0,1,0,1,0,0,0,0,0,0,802386,3775,5827080,926,13,45667318,52,50979348
216028,11,9,2021,9,8,7,2,5,3,0,1,1,0,0,0,0,1,805794,606,5821825,33,13,50191585,52,46079086
216027,11,2,2021,9,16,6,3,5,3,0,1,0,0,1,0,0,0,799814,8809,5825748,444,13,41769667,52,49926921
216026,11,3,2021,9,21,4,3,2,6,2,0,1,0,0,0,0,1,800043,7182,5837236,681,13,43143852,52,60211571
216025,11,9,2021,9,11,5,3,4,7,0,0,0,0,0,1,1,0,816966,5563,5812344,293,13,65683161,52,36947087
216024,11,12,2021,8,11,7,3,5,3,0,0,1,0,0,0,0,0,796724,4433,5833270,855,13,37902058,52,56838859
216023,11,12,2021,8,10,4,3,0,3,0,0,1,0,1,0,0,0,791632,9786,5837857,14,13,30815176,52,61225352
216022,11,4,2021,9,8,2,3,5,2,0,0,1,0,0,0,0,0,791663,7428,5830679,279,13,30228892,52,54789094
216021,11,7,2021,9,15,7,3,0,1,0,0,0,0,1,0,0,0,796539,8998,5815877,306,13,36082679,52,41257227
216020,11,4,2021,9,16,3,2,6,7,0,0,1,1,0,0,0,0,792259,6282,5827273,348,13,30805705,52,51703842
216019,11,9,2021,9,6,3,3,5,3,1,0,1,0,0,0,0,0,816000,7967,5813252,322,13,64354857,52,37816502
216018,11,1,2021,9,10,3,3,1,5,1,0,1,0,1,0,0,1,797632,9834,5831885,853,13,39114366,52,5554779
216017,11,9,2021,8,6,2,3,2,6,1,1,1,0,0,0,0,1,810583,167,5822176,11,13,57249541,52,46123425
216016,11,12,2021,9,9,6,3,6,4,0,0,1,1,0,0,0,0,793217,9693,5832480,422,13,32673524,52,5632029
216015,11,3,2021,9,9,4,3,1,7,0,0,1,0,0,0,0,0,798751,7237,5834117,796,13,40960587,52,57487133
216014,11,1,2021,8,8,2,3,0,6,0,0,1,0,1,0,0,1,799618,996,5828264,804,13,41708493,52,5219321
216013,11,7,2021,8,16,6,3,5,3,0,0,1,0,0,0,0,0,794776,904,5822868,581,13,34114967,52,47619773
216012,11,7,2021,9,18,2,3,2,6,0,1,1,0,0,0,0,0,796542,1285,5814369,881,13,35952461,52,39905806
216011,11,1,2021,9,16,7,3,2,6,0,0,1,0,0,0,0,1,795209,5382,5826603,85,13,35081075,52,5094481
216010,11,5,2021,9,12,4,3,3,6,0,0,1,0,0,0,0,0,782335,2775,5827298,243,13,16221497,52,52249042
216009,11,3,2021,9,21,7,3,0,4,1,0,0,1,0,0,1,0,800134,793,5828994,605,13,42532302,52,52818989
216008,11,1,2021,8,8,6,3,0,1,0,0,0,0,1,0,0,1,795283,7559,5826060,101,13,35141884,52,50453364
216007,11,9,2021,9,17,5,3,2,6,0,0,1,0,0,0,0,0,805704,9195,5818766,3,13,49780074,52,43342435
216006,11,4,2021,9,11,6,3,1,5,0,1,1,0,0,0,1,0,791550,856,5826698,52,13,29713727,52,51226035
216005,11,12,2021,9,15,4,3,2,1,0,0,1,0,1,0,0,1,794328,495,5832562,848,13,34313768,52,56334284
216004,11,2,2021,9,21,3,3,0,1,2,0,0,0,1,0,0,0,801906,633,5826424,863,13,44902239,52,50417918
216003,11,12,2021,8,13,5,3,2,6,0,0,0,0,0,0,1,1,794219,3812,5832592,342,13,34156532,52,56366595
216002,11,1,2021,8,9,3,3,2,6,0,1,1,0,0,0,0,0,797598,4638,5828437,143,13,387547,52,52458342
216001,11,5,2021,9,18,6,3,0,1,0,1,0,0,0,0,0,0,788720,3624,5830528,368,13,25887139,52,54810598
216000,11,10,2021,9,7,5,3,5,2,0,1,1,0,0,0,0,0,809655,861,5830269,153,13,56640471,52,53428807
215999,11,3,2021,9,0,2,3,6,6,2,0,1,1,0,0,0,0,799855,9752,5838496,27,13,42981578,52,613507
215998,11,7,2021,9,17,2,2,5,3,0,1,1,0,0,0,0,0,794247,2716,5822046,585,13,33264897,52,46911454
215997,11,3,2021,9,15,5,3,5,7,0,0,1,0,1,0,0,0,800074,6997,5833884,49,13,42885872,52,57205235
215996,11,5,2021,9,20,2,3,6,2,2,0,1,1,0,0,0,0,784595,532,5829197,301,13,19706496,52,53834234
215995,11,6,2021,9,14,1,3,3,6,0,1,1,0,0,0,0,0,779479,4458,5815580,909,13,11041554,52,41889208
215994,11,1,2021,8,15,7,3,2,6,0,0,1,0,1,0,0,0,793648,736,5828121,19,13,32921833,52,52389272
215993,11,9,2021,9,7,6,3,5,3,0,1,0,0,0,0,0,0,810855,5168,5822503,436,13,57679818,52,46401266
215992,11,4,2021,9,12,7,3,5,3,0,0,1,0,0,0,0,0,791911,8384,5828206,76,13,30376477,52,52558641
215991,11,6,2021,9,21,4,3,0,1,2,0,1,0,0,0,0,1,793766,708,5821150,623,13,32479675,52,46134155
215990,11,5,2021,9,14,6,2,5,3,0,1,1,0,0,0,0,0,784966,55,5829500,898,13,20277294,52,54087076
215989,11,5,2021,9,15,5,3,5,2,0,1,1,0,0,0,0,0,789214,861,5829280,646,13,26504603,52,536658
215988,11,6,2021,8,10,6,3,0,1,0,0,0,0,1,0,0,1,788483,479,5821526,106,13,2475794,52,46752265
215987,11,10,2021,8,17,4,3,6,4,0,0,1,1,0,0,0,0,809790,6682,5827263,234,13,56559785,52,50727322
215986,11,1,2021,9,7,1,2,1,5,0,0,1,0,1,0,0,0,798922,754,5829590,844,13,40803593,52,5342006
215985,11,5,2021,9,6,6,3,5,2,2,0,1,0,0,0,0,0,784845,1668,5829238,91,13,20077136,52,53858498
215984,11,11,2021,9,11,4,3,0,4,0,0,0,1,1,0,0,0,804920,7732,5831377,13,49784129,52,54688623,
215983,11,1,2021,9,9,2,3,5,2,0,1,1,0,0,0,0,0,797152,151,5826447,791,13,37921118,52,50699452
215982,11,11,2021,8,9,2,3,3,6,0,0,1,0,0,0,1,0,806696,6075,5826908,119,13,51982635,52,50583871
215981,11,12,2021,9,6,3,3,5,3,2,0,1,0,1,0,0,0,789631,3596,5839732,341,13,2803155,52,63013606
215980,11,1,2021,9,13,2,3,6,4,0,0,1,1,0,0,0,0,797390,7417,5827736,1,13,38386746,52,51841273
215979,11,7,2021,8,13,2,3,5,3,0,1,1,0,0,0,0,1,797358,934,5821918,607,13,37820812,52,46628256
215978,11,3,2021,9,12,6,3,5,3,0,1,1,0,0,0,0,0,800688,4116,5831584,178,13,43580274,52,55109566
215977,11,4,2021,9,13,1,3,5,2,0,0,1,0,0,0,0,0,793340,975,5829718,481,13,32610463,52,53837732
215976,11,1,2021,9,6,5,3,5,2,0,1,1,0,0,0,0,1,797636,4572,5829558,167,13,38910896,52,53461128
215975,11,9,2021,8,17,2,3,5,7,0,0,1,0,0,0,0,1,812717,4843,5819918,169,13,60169609,52,43978311
215974,11,1,2021,10,19,6,3,5,2,2,1,1,0,0,0,0,0,796970,1737,5826731,366,13,37679083,52,50963555
215973,11,4,2021,8,23,7,3,5,3,2,0,1,0,0,0,0,1,793189,7338,5827892,9,13,32227031,52,52208595
215972,11,4,2021,9,14,2,3,6,7,0,0,1,1,0,0,0,0,791594,5383,5827341,98,13,29834268,52,51800182
215971,11,11,2021,9,16,7,3,6,7,0,1,0,1,0,0,0,1,803809,8967,5826178,903,13,47676097,52,500918
215970,11,1,2021,9,17,5,3,0,1,0,1,0,0,0,0,0,0,798787,7051,5829682,631,13,40614333,52,53509702
215969,11,2,2021,9,16,6,3,5,3,0,1,0,0,0,0,1,0,797588,4115,5825938,605,13,38516491,52,50219247
215968,11,1,2021,10,11,6,3,0,2,0,0,1,0,1,0,0,0,797102,5446,5828833,92,13,38061333,52,52841053
215967,11,9,2021,9,15,3,3,5,3,0,0,1,0,0,0,0,0,813761,909,5821737,227,13,61871926,52,45548564
215966,11,3,2021,9,12,3,2,6,4,0,0,1,1,0,0,0,0,802704,1781,5831821,254,13,46565792,52,5521041
215965,11,12,2021,9,10,4,2,5,3,0,1,1,0,0,0,0,1,794421,8442,5836081,869,13,34764295,52,59483732
215964,11,1,2021,8,7,3,3,0,5,0,1,0,0,0,0,0,0,797469,137,5826804,17,13,38418632,52,5100163
215963,11,1,2021,9,14,6,3,0,1,0,1,0,0,0,0,0,0,797998,2365,5827858,711,13,39290386,52,51918017
215962,11,8,2021,9,18,3,3,5,3,0,1,1,0,0,0,0,0,801400,4962,5824764,401,13,44009403,52,48957565
215961,11,7,2021,9,20,6,3,2,6,2,0,1,0,1,0,0,1,797045,3475,5820430,581,13,37228151,52,4531144
215960,11,12,2021,9,14,4,3,6,4,0,0,1,1,0,0,0,0,790806,503,5838847,178,13,29684397,52,62157317
215959,11,6,2021,9,21,7,3,5,3,2,1,1,0,0,0,0,0,794553,8898,5820101,498,13,3354334,52,45151258
215958,11,12,2021,8,13,1,3,1,5,0,0,1,0,0,0,0,0,791832,478,5836924,901,13,31026144,52,60379068
215957,11,8,2021,9,15,5,3,5,3,0,0,1,0,0,0,0,0,802363,121,5819912,373,13,44983191,52,44555419
215956,11,12,2021,9,14,6,3,2,3,0,0,1,0,0,0,0,0,795512,8586,5832474,362,13,36048712,52,56190787
215955,11,6,2021,9,15,4,3,5,3,0,1,1,0,0,0,0,1,794825,3299,5819323,626,13,33872966,52,44439304
215954,11,3,2021,9,7,4,3,5,3,0,1,1,0,0,0,0,1,800169,3355,5837955,587,13,43393973,52,60849
215953,11,1,2021,8,17,5,3,3,6,0,0,1,0,0,0,0,1,797468,504,5826806,786,13,38417269,52,51004034
215952,11,1,2021,8,12,3,3,5,2,0,1,1,0,0,0,0,0,795702,3048,5828178,286,13,35944965,52,52329469
215951,11,4,2021,9,12,7,3,5,2,0,1,1,0,0,0,0,0,792137,8441,5827327,315,13,30631479,52,51758748
215950,11,11,2021,9,16,5,3,2,6,0,1,1,0,0,0,0,0,804754,822,5831383,255,13,49539643,52,54703556
215949,11,10,2021,9,7,3,3,5,3,0,1,1,0,0,0,0,0,809125,9875,5829716,522,13,5581152,52,52963589
215948,11,1,2021,9,17,7,3,2,6,0,0,1,0,0,0,0,0,795421,9938,5826313,571,13,3536745,52,50673097
215947,11,5,2021,9,20,4,3,1,5,0,1,1,0,0,0,0,0,785909,6582,5831405,973,13,21828964,52,55745686
215946,11,2,2021,9,15,2,3,3,6,0,1,1,0,0,0,0,0,798499,4882,5826515,881,13,39906486,52,50686936
215945,11,1,2021,9,2,1,3,1,5,2,0,1,0,0,0,1,0,797080,2245,5828861,178,13,38030964,52,52866704
215944,11,5,2021,8,1,1,3,2,6,2,0,1,0,0,0,0,0,784766,2685,5828606,109,13,19906895,52,53295253
215943,11,1,2021,9,8,5,3,5,2,0,1,0,0,1,0,0,0,794569,5675,5828335,377,13,34294142,52,52531604
215942,11,8,2021,9,9,6,3,5,2,0,0,1,0,1,0,0,0,802244,8117,5816789,864,13,44527408,52,41763189
215941,11,7,2021,9,18,4,3,0,3,0,1,1,0,0,0,0,1,797866,5012,5822039,121,13,38576518,52,46708637
215940,11,5,2021,9,13,4,3,0,5,0,0,1,0,0,0,0,0,784725,1153,5830333,843,13,19994462,52,54846485
215939,11,1,2021,9,20,5,3,5,3,0,0,1,0,0,0,0,0,797651,3622,5831858,642,13,39138954,52,55522394
215938,11,3,2021,9,12,1,2,5,3,0,0,1,1,0,0,0,0,803626,7286,5838991,648,13,48579202,52,61585559
215937,11,3,2021,8,9,6,3,5,5,0,1,0,0,0,0,1,0,798836,504,5831038,373,13,40807343,52,54722273
215936,11,3,2021,9,18,5,3,5,2,0,1,1,0,0,0,0,0,802071,861,5832782,109,13,45723475,52,56106718
215935,11,12,2021,9,13,6,3,5,3,0,0,1,0,0,0,0,0,791135,4594,5834229,872,13,29763579,52,58000393
215934,11,1,2021,9,7,4,3,5,3,0,1,0,0,0,0,1,0,796656,8481,5830467,81,13,37552111,52,54329931
215933,11,1,2021,9,11,4,2,6,2,0,0,1,1,0,0,0,1,796817,7,5831271,709,13,37859524,52,55041809
215932,11,7,2021,8,11,5,3,0,3,0,1,0,0,0,0,1,1,797196,7633,5818621,285,13,37289381,52,43681343
215931,11,6,2021,8,20,3,2,0,6,2,1,0,0,0,0,1,0,788904,1467,5817938,186,13,25065735,52,43513265
215930,11,10,2021,9,19,7,3,5,2,1,0,1,0,1,0,0,0,809488,8937,5834646,916,13,56804329,52,57361401
215929,11,12,2021,8,14,2,3,0,1,0,1,0,0,0,0,0,1,791331,9561,5834176,406,13,30048053,52,57941944
215928,11,1,2021,9,16,4,2,0,2,0,0,1,0,0,0,1,0,796974,6193,5831910,223,13,38148316,52,55605575
215927,11,6,2021,9,22,2,3,2,6,2,1,1,0,0,0,0,0,795533,2602,5820019,635,13,34973093,52,45025014
215926,11,1,2021,9,4,1,2,8,1,0,0,1,0,0,0,0,0,796225,3992,5828508,57,13,36743135,52,52597143
215925,11,8,2021,9,6,4,3,5,3,0,1,0,0,0,0,0,0,802133,4239,5824453,614,13,4505741,52,48638491
215924,11,5,2021,9,9,2,3,5,3,0,0,1,0,1,0,0,0,784322,3163,5830181,172,13,19388958,52,54730639
215923,11,1,2021,9,13,2,3,5,2,0,1,1,0,0,0,0,0,796719,8918,5830449,515,13,37643168,52,54310099
215922,11,2,2021,8,22,7,3,2,6,2,0,1,0,0,0,0,0,799937,5198,5825743,936,13,41949383,52,49916142
215921,11,5,2021,9,7,5,3,0,5,0,1,1,0,0,0,0,0,787109,3941,5828148,311,13,23312243,52,52761887
215920,11,2,2021,9,21,6,3,5,3,2,1,0,0,1,0,0,0,800728,9386,5825799,655,13,43116763,52,49922531
215919,11,12,2021,9,9,5,3,5,3,0,0,1,0,0,0,0,1,791158,8552,5836365,878,13,29985743,52,59914015
215918,11,1,2021,9,14,6,2,0,1,0,1,0,0,0,0,0,0,794585,8599,5826132,739,13,34123075,52,50556204
215917,11,8,2021,9,15,5,3,2,2,0,0,1,0,0,0,0,0,806252,235,5816366,967,13,50363009,52,41161417
215916,11,1,2021,8,15,6,3,2,6,0,0,1,0,0,0,1,0,796573,4392,5826871,669,13,37108721,52,51110906
215915,11,4,2021,8,21,4,3,0,1,2,0,0,0,0,0,1,1,792422,2264,5824959,957,13,30841436,52,49621231
215914,11,3,2021,9,12,1,3,1,5,0,1,1,0,0,0,0,0,800102,5607,5837591,221,13,43262618,52,60526102
215913,11,4,2021,9,13,6,3,5,2,0,1,1,0,0,0,0,0,792403,289,5826104,758,13,30913761,52,50648547
215912,11,3,2021,9,16,6,3,5,3,0,0,1,0,0,0,0,0,797909,6712,5835184,311,13,39817548,52,5848927
215911,11,7,2021,9,13,3,2,5,2,0,1,1,0,0,0,0,0,795868,3742,5824961,151,13,35903066,52,49436577
215910,11,6,2021,9,18,3,3,3,6,0,1,1,0,0,0,0,0,793861,3821,5820916,52,13,32598949,52,45919166
215909,11,12,2021,9,22,3,2,5,3,2,0,1,0,1,0,0,1,791759,3743,5833980,932,13,30659843,52,57743808
215908,11,2,2021,9,16,3,3,6,4,0,0,1,1,0,0,0,0,803264,5973,5826317,125,13,46887821,52,50246017
215907,11,10,2021,8,14,1,3,5,5,0,0,1,0,0,0,0,1,811731,5994,5828005,695,13,5947984,52,51282113
215906,11,6,2021,9,17,6,3,2,6,0,0,1,0,0,0,0,1,795621,4208,5817015,568,13,34836773,52,42327291
215905,11,1,2021,9,8,5,3,2,6,0,0,1,0,1,0,0,1,795016,7098,5827224,115,13,34852759,52,51511264
215904,11,3,2021,8,7,2,3,2,6,0,0,1,0,1,0,0,1,799092,2746,5833226,493,13,41381244,52,56669519
215903,11,6,2021,8,7,7,3,1,5,0,1,1,0,0,0,0,0,789353,6841,5817321,357,13,2567178,52,42936486
215902,11,5,2021,9,10,2,3,2,6,0,0,1,0,0,0,1,0,785201,653,5831718,56,13,20814308,52,56063074
215901,11,2,2021,9,11,1,3,5,2,0,1,1,0,0,0,0,0,798323,13,5825486,253,13,39554999,52,49773659
215900,11,7,2021,8,16,3,3,5,3,0,1,0,0,0,0,0,0,795205,621,5825643,222,13,34990143,52,50083891
215899,11,12,2021,9,16,6,3,5,3,0,1,1,0,0,0,0,0,790143,5499,5834499,569,13,28327425,52,58295157
215898,11,4,2021,10,18,6,3,2,2,2,0,1,0,0,0,0,0,790472,704,5826692,376,13,28128053,52,51278502
215897,11,3,2021,9,17,3,3,2,6,0,0,1,0,1,0,0,0,801943,705,5829764,736,13,45260668,52,53409371
215896,11,2,2021,9,16,3,3,5,3,0,1,1,0,0,0,0,0,801204,4453,5828639,191,13,44072113,52,52441433
215895,11,4,2021,9,11,3,2,6,2,0,0,1,1,0,0,0,1,793269,9237,5826077,603,13,32184967,52,50577673
215894,11,4,2021,8,11,5,3,2,6,0,1,1,0,0,0,0,1,793291,901,5826150,295,13,32222467,52,506417
215893,11,4,2021,8,11,3,3,5,3,0,1,0,0,0,0,0,0,791946,4784,5826863,357,13,30309548,52,51353067
215892,11,11,2021,9,7,6,3,6,4,0,0,0,1,1,0,0,0,804553,1007,5828412,453,13,48971964,52,5205221
215891,11,12,2021,9,13,4,3,2,2,0,0,1,0,0,0,1,0,794642,9298,5836271,149,13,35106583,52,59641431
215890,11,6,2021,9,16,2,3,1,5,0,1,1,0,0,0,0,0,792554,7885,5818359,11,13,30457421,52,43696582
215889,11,5,2021,9,16,6,3,2,6,0,0,1,0,1,0,0,1,785923,6126,5827989,129,13,21555399,52,5268149
215888,11,12,2021,8,17,3,2,2,6,1,0,1,0,0,0,0,0,794021,9218,5835331,393,13,34108971,52,58832624
215887,11,3,2021,9,10,1,3,2,6,0,0,1,0,0,0,0,0,795961,3999,5835560,703,13,36983974,52,58933001
215886,11,3,2021,8,22,7,3,5,2,2,1,1,0,0,0,0,0,797017,9507,5833776,32,13,38379102,52,5727594
215885,11,11,2021,9,16,5,3,2,6,0,1,1,0,0,0,0,0,805396,4456,5827196,582,13,5009947,52,50915332
215884,11,2,2021,9,13,6,3,5,2,0,1,1,0,0,0,0,0,798173,24,5824840,936,13,39276918,52,4920341
215883,11,3,2021,9,12,4,2,0,1,0,0,0,0,1,0,0,0,800339,9211,5832076,182,13,43112356,52,55569786
215882,11,5,2021,9,11,4,3,5,2,0,0,1,0,0,0,0,1,783696,625,5830177,331,13,18468384,52,54759816
215881,11,12,2021,8,2,6,2,0,7,2,0,1,0,0,0,1,1,791002,5266,5833717,824,13,29523,52,57548463
215880,11,11,2021,9,12,6,3,2,6,0,0,1,0,0,0,0,0,804589,5832,5826368,268,13,48838491,52,50218058
215879,11,8,2021,8,18,4,2,1,5,0,1,1,0,0,0,0,0,801571,7152,5817485,843,13,43603403,52,42424148
215878,11,8,2021,9,21,7,3,0,1,2,0,1,0,0,0,0,0,802417,7451,5820693,887,13,4513407,52,45252879
215877,11,12,2021,9,19,5,3,2,6,2,0,1,0,0,1,0,1,790789,8065,5833709,635,13,29209263,52,57552493
215876,11,7,2021,9,17,3,3,1,7,0,1,0,0,0,0,0,0,796338,783,5822926,753,13,36412037,52,47587438
215875,11,8,2021,9,23,1,3,6,2,2,0,1,1,0,0,0,0,801086,2147,5821958,86,13,43294562,52,46459526
215874,11,9,2021,9,7,4,3,5,2,0,0,1,0,0,0,1,0,808327,5334,5818866,526,13,53634863,52,43285074
215873,11,3,2021,9,18,2,3,2,2,0,0,1,0,0,0,1,0,801055,6806,5832018,432,13,44159683,52,55478506
215872,11,4,2021,9,20,1,3,1,5,2,0,1,0,0,0,0,0,791010,3646,5822449,504,13,28548419,52,47446066
215871,11,9,2021,8,19,2,3,2,6,0,0,1,0,0,0,0,0,807353,6923,5818121,538,13,52138458,52,42672195
215870,11,2,2021,9,21,5,3,5,2,2,1,1,0,0,0,0,0,802065,394,5827160,95,13,45203057,52,51068857
215869,11,2,2021,9,17,6,2,3,6,0,1,1,0,0,0,0,0,803095,1526,5826043,962,13,46614092,52,50010599
215868,11,11,2021,9,18,4,3,5,3,0,0,1,0,0,0,1,0,804833,6122,5827750,264,13,49323441,52,51443049
215867,11,7,2021,8,12,2,3,5,3,0,1,1,0,0,0,0,1,794938,349,5823924,453,13,34444927,52,48557597
215866,11,9,2021,9,12,5,3,2,6,0,0,1,0,0,0,0,0,806619,4643,5822816,665,13,51492933,52,46921337
215865,11,3,2021,8,17,7,3,5,2,0,0,1,0,0,0,0,0,797868,5533,5833056,903,13,39565917,52,56584599
215864,11,5,2021,8,16,4,2,5,7,0,0,1,0,0,0,0,0,787993,884,5830306,291,13,24798298,52,54649995
215863,11,7,2021,9,15,1,3,2,6,0,0,1,0,0,0,0,0,797746,488,5819096,152,13,38137328,52,4407714
215862,11,8,2021,9,14,5,3,5,7,0,0,1,0,1,0,0,0,801310,9206,5819538,87,13,43406047,52,44278719
215861,11,2,2021,9,7,4,3,5,3,0,0,1,0,1,0,0,0,800734,4927,5826518,748,13,43189863,52,50566768
215860,11,7,2021,9,15,2,3,0,3,0,0,1,0,0,0,1,0,797290,5627,5823162,631,13,3783133,52,47747118
215859,11,12,2021,9,14,3,3,2,6,0,0,1,0,0,0,0,0,791727,43,5832945,54,13,30521748,52,56817325
215858,11,9,2021,9,7,2,3,2,6,0,0,1,0,0,0,0,0,810646,5061,5821064,172,13,57239244,52,45123341
215857,11,6,2021,8,16,3,3,1,5,0,1,1,0,0,0,0,0,794766,7152,5820387,292,13,3388084,52,45395986
215856,11,12,2021,9,15,6,2,1,5,0,0,1,0,0,0,1,1,794275,9632,5832920,13,13,3426883,52,56657271
215855,11,8,2021,9,19,4,3,5,2,0,0,1,0,1,0,0,0,801649,1865,5817436,64,13,43712554,52,42375775
215854,11,9,2021,8,20,2,2,4,1,1,0,1,0,0,0,0,1,811680,1133,5819936,666,13,58650143,52,44054103
215853,11,6,2021,8,16,5,3,5,2,0,1,0,0,0,0,1,0,793261,9826,5819096,397,13,31559464,52,4431967
215852,11,4,2021,9,15,2,3,5,2,0,1,1,0,0,0,0,0,792183,1699,5826124,532,13,30592485,52,50678052
215851,11,9,2021,9,15,6,3,6,2,0,0,1,1,0,0,0,1,811388,7082,5820131,98,13,58241015,52,44245733
215850,11,1,2021,8,15,3,3,1,5,0,1,1,0,0,0,0,0,795123,8347,5829971,852,13,35254055,52,53968599
215849,11,7,2021,9,16,7,3,5,3,0,0,1,0,0,0,0,0,797361,3966,5822009,18,13,37832498,52,46709312
215848,11,12,2021,10,14,6,3,6,4,0,0,1,1,0,0,0,0,792691,1009,5833872,81,13,32021355,52,57596849
215847,11,5,2021,9,19,5,2,5,2,2,0,1,0,1,0,0,0,782381,431,5827031,631,13,16266136,52,52007616
215846,11,1,2021,8,15,6,3,2,6,0,0,1,0,0,0,0,1,793756,424,5828496,864,13,3311329,52,52720242
215845,11,12,2021,8,19,4,3,2,6,2,0,1,0,0,0,0,1,788344,9694,5832069,393,13,25468924,52,56212059
215844,11,5,2021,9,22,7,3,5,3,2,0,1,0,0,0,0,0,789681,7791,5829343,739,13,27197729,52,53697523
215843,11,7,2021,9,13,6,3,5,3,0,1,1,0,0,0,0,0,795437,8864,5825668,384,13,35333549,52,50093877
215842,11,6,2021,9,13,6,3,6,4,0,1,0,1,0,0,0,0,796335,4962,5818002,4,13,35971228,52,43172936
215841,11,1,2021,9,18,4,3,5,3,0,0,1,0,0,0,1,0,797158,6641,5826452,63,13,37931118,52,50703435
215840,11,12,2021,9,10,2,3,1,5,0,1,0,0,0,0,1,0,795149,3741,5833221,164,13,35580492,52,56879943
215839,11,4,2021,9,8,3,3,5,2,0,1,1,0,0,0,0,0,792954,77,5825360,476,13,31658872,52,49951724
215838,11,8,2021,9,18,3,2,6,4,0,0,1,1,0,0,0,0,804120,42,5817647,143,13,47354231,52,4242769
215837,11,8,2021,8,9,3,3,5,2,0,0,1,0,0,0,1,0,802263,6586,5818946,23,13,44749891,52,43694761
215836,11,11,2021,9,17,6,3,5,3,0,0,1,0,1,0,0,0,806157,6136,5833347,426,13,51784146,52,56385188
215835,11,6,2021,9,8,4,3,5,2,0,1,1,0,0,0,0,0,795244,322,5818330,624,13,34399496,52,43526542
215834,11,1,2021,8,13,7,3,2,2,0,1,1,0,0,0,0,0,799986,9967,5827428,483,13,42173845,52,51423351
215833,11,9,2021,9,4,2,3,5,3,2,0,1,0,0,0,0,0,808329,2198,5819187,709,13,53666956,52,43572826
215832,11,5,2021,9,8,1,3,5,3,0,0,1,0,0,0,0,0,783702,8194,5830172,911,13,18477117,52,54755531
215831,11,10,2021,8,20,3,3,2,1,2,0,0,0,1,0,1,0,810481,9378,5827962,266,13,57640234,52,51314465
215830,11,1,2021,9,16,6,3,3,6,0,1,1,0,0,0,0,0,797724,4673,5827676,62,13,38871754,52,51769248
215829,11,1,2021,10,2,6,3,5,3,2,0,1,0,0,0,0,0,796681,5775,5830147,539,13,37559868,52,54041497
215828,11,1,2021,9,6,3,3,8,1,1,0,1,0,0,0,0,1,793974,734,5830148,696,13,33580272,52,54189242
215827,11,1,2021,9,13,4,3,6,7,0,1,0,1,0,0,0,0,794621,639,5829031,55,13,34432364,52,53152861
215826,11,6,2021,9,23,3,3,0,7,2,0,1,0,0,0,0,0,791763,4284,5819279,811,13,29376974,52,44564267
215825,11,7,2021,8,10,5,3,5,3,0,1,0,0,0,0,0,0,793967,4966,5822388,59,13,3288431,52,47232632
215824,11,2,2021,8,15,3,3,4,3,0,1,1,0,0,0,0,0,801823,1697,5827935,46,13,44917471,52,51776462
215823,11,6,2021,9,15,6,3,5,3,0,0,1,0,0,0,0,0,791931,3139,5817211,886,13,29442694,52,42701407
215822,11,4,2021,9,14,3,3,1,5,0,1,1,0,0,0,0,0,791677,341,5824849,183,13,29737614,52,49561784
215821,11,7,2021,9,16,3,3,2,6,0,0,1,0,0,0,0,0,798872,7939,5819406,467,13,39817808,52,44293838
215820,11,10,2021,9,11,7,3,0,1,0,1,0,0,0,0,0,0,809337,8189,5832718,38,13,56402307,52,55641722
215819,11,5,2021,9,15,4,3,5,2,0,1,1,0,0,0,0,0,786375,7896,5829163,72,13,22321304,52,53710861
215818,11,7,2021,9,12,1,3,1,5,0,0,1,0,0,0,1,0,794837,6565,5824294,363,13,34330255,52,4889462
215817,11,8,2021,8,20,7,3,1,6,2,1,1,0,0,0,0,0,802329,4281,5823952,484,13,45299738,52,48178476