OBJECTID,LAND,BEZ,UJAHR,UMONAT,USTUNDE,UWOCHENTAG,UKATEGORIE,UART,UTYP1,ULICHTVERH,IstRad,IstPKW,IstFuss,IstKrad,IstGkfz,IstSonstige,USTRZUSTAND,LINREFX,LINREFY,XGCSWGS84,YGCSWGS84,,,,
214930,11,11,2021,9,13,3,3,2,6,0,0,1,0,0,0,0,0,803521,409,5829724,447,13,47575852,52,53285635
214929,11,9,2021,8,8,3,3,3,6,0,0,1,0,1,0,1,0,804411,4312,5821768,495,13,48156869,52,46105369
214928,11,9,2021,9,15,6,2,3,6,0,1,1,0,0,0,0,0,812324,5747,5818399,532,13,59451605,52,42639855
214927,11,8,2021,9,18,4,2,1,5,0,0,1,0,0,0,0,0,801372,5457,5823958,285,13,43895476,52,48236569
214926,11,2,2021,8,8,2,3,3,6,0,0,1,0,0,1,0,1,801961,158,5829032,932,13,45219849,52,52752489
214925,11,4,2021,8,23,6,3,0,7,2,0,0,0,0,0,1,0,792208,8596,5825357,465,13,3056291,52,49989017
214924,11,12,2021,9,10,2,3,5,2,0,1,1,0,0,0,0,0,791512,2026,5838832,675,13,30723299,52,62106473
214923,11,1,2021,9,17,7,3,6,4,1,0,1,1,0,0,0,0,794566,1127,5828409,486,13,34295629,52,52598225
214922,11,2,2021,9,12,7,3,2,6,0,0,1,0,1,0,0,0,801409,304,5828752,605,13,44383031,52,52531782
214921,11,10,2021,10,9,6,3,5,3,0,1,1,0,0,0,0,0,810232,5501,5825015,473,13,56999431,52,48687866
214920,11,3,2021,9,7,3,3,5,2,0,0,1,0,1,0,0,0,799498,2062,5831776,148,13,41847467,52,55347207
214919,11,5,2021,9,21,4,2,6,4,2,0,1,1,0,0,0,0,784802,7755,5828816,372,13,19978588,52,53481867
214918,11,3,2021,9,22,3,2,6,4,2,0,1,1,0,0,0,0,800582,9281,5831846,747,13,4344894,52,55350733
214917,11,7,2021,8,10,5,2,5,2,0,0,1,0,0,0,0,0,798708,726,5816017,768,13,39274485,52,41265223
214916,11,11,2021,8,10,3,3,2,6,0,0,1,0,0,0,0,0,804621,3507,5829927,766,13,49211062,52,534065
214915,11,4,2021,9,9,6,3,0,2,0,0,1,0,1,0,0,0,792971,768,5826022,35,13,31742075,52,50544159
214914,11,9,2021,9,13,5,3,2,6,0,0,1,0,0,1,0,0,809365,269,5821509,894,13,55401167,52,45595444
214913,11,2,2021,9,12,2,3,6,7,0,0,0,1,1,0,0,0,801231,1194,5825169,155,13,43797289,52,49329705
214912,11,4,2021,9,16,2,3,5,2,0,0,1,0,0,0,1,0,791217,3213,5829730,95,13,29489254,52,53962814
214911,11,5,2021,9,16,4,3,5,3,0,0,1,0,1,0,0,0,789288,2097,5829084,115,13,26596476,52,53485671
214910,11,6,2021,9,21,7,3,2,6,2,0,1,0,0,0,0,0,793598,405,5821258,429,13,32243085,52,4623981
214909,11,4,2021,8,14,7,3,2,6,0,0,1,0,0,0,0,0,792375,638,5825090,1,13,30783577,52,49740339
214908,11,2,2021,9,19,5,3,6,4,1,0,1,1,0,0,0,0,803019,5757,5827018,748,13,4659181,52,50888484
214907,11,4,2021,9,22,5,3,1,5,2,0,1,0,0,0,1,0,792860,1833,5823583,314,13,31363728,52,48363627
214906,11,7,2021,9,8,4,3,7,7,0,1,0,0,0,0,0,0,797287,4011,5820741,613,13,37610998,52,4557709
214905,11,2,2021,9,19,4,3,2,7,1,1,1,0,0,0,0,1,801270,558,5825371,105,13,43873466,52,49508539
214904,11,3,2021,8,8,6,3,6,2,0,0,1,1,0,0,0,1,798383,9753,5832742,205,13,40295786,52,56274293
214903,11,1,2021,8,14,4,3,0,2,0,1,1,0,0,0,0,0,794307,432,5827036,337,13,3379394,52,51381253
214902,11,5,2021,9,13,7,3,2,6,0,0,1,0,0,0,0,0,785755,1167,5829284,624,13,21419083,52,53851843
214901,11,4,2021,9,14,5,2,6,3,0,1,0,1,0,0,0,0,793356,8531,5822659,553,13,32011759,52,47508846
214900,11,5,2021,9,16,3,2,1,5,0,0,1,0,0,0,0,0,785421,8458,5832223,213,13,21181661,52,56503997
214899,11,2,2021,9,11,2,3,5,3,0,0,1,0,0,0,0,0,799595,2354,5825833,793,13,41454747,52,50015487
214898,11,1,2021,9,21,4,3,0,7,2,1,0,0,0,0,0,0,794285,9057,5827927,134,13,33841109,52,52180959
214897,11,12,2021,9,8,2,2,6,4,0,1,0,1,0,0,0,0,795729,7395,5833606,516,13,36468655,52,57193875
214896,11,1,2021,9,15,2,2,5,2,0,1,1,0,0,0,0,0,796641,6493,5826646,555,13,37188873,52,50905405
214895,11,1,2021,8,18,2,3,1,5,0,0,1,0,0,0,1,0,793776,7918,5830655,73,13,33334023,52,54653855
214894,11,3,2021,9,23,5,3,0,1,2,1,0,0,0,0,0,0,802751,644,5831642,73,13,46619308,52,55047765
214893,11,1,2021,9,22,6,3,5,3,2,0,1,0,0,0,0,0,795327,6188,5826172,777,13,35216314,52,50551996
214892,11,6,2021,9,12,5,3,1,5,0,0,1,0,0,0,0,1,793439,77,5821031,532,13,31989296,52,46044962
214891,11,10,2021,9,19,5,3,5,3,2,0,1,0,0,0,0,0,807830,1537,5829086,274,13,53848974,52,52472092
214890,11,4,2021,8,22,6,3,5,3,2,0,1,0,0,0,0,0,791989,6316,5829154,108,13,30574085,52,53404362
214889,11,10,2021,8,9,4,3,3,6,0,1,0,0,0,0,0,0,808336,3879,5829269,521,13,54609779,52,52607711
214888,11,6,2021,9,12,1,3,5,3,0,0,1,0,0,0,0,0,785882,34,5816569,939,13,20515388,52,42445284
214887,11,1,2021,9,18,5,3,2,6,0,0,1,0,0,0,0,0,795229,7547,5826723,73,13,35121411,52,5105118
214886,11,4,2021,9,17,6,3,2,6,0,0,1,0,0,0,0,1,790400,3609,5827309,419,13,28076537,52,51835504
214885,11,6,2021,9,17,3,3,2,6,0,0,1,0,1,0,0,0,792785,294,5816407,168,13,30624269,52,41934368
214884,11,1,2021,9,10,3,3,3,6,0,1,1,0,0,0,0,0,798534,4131,5829058,16,13,40185912,52,52963702
214883,11,4,2021,9,16,2,3,3,6,0,0,1,0,1,0,0,0,789473,5061,5826653,691,13,26657342,52,51296908
214882,11,4,2021,8,14,3,3,0,3,0,0,0,0,0,0,1,0,794001,4091,5826161,736,13,33267025,52,50613725
214881,11,1,2021,9,17,6,3,1,5,0,0,1,0,1,0,0,1,799563,3619,5826663,94,13,41482544,52,5076058
214880,11,2,2021,9,7,4,3,3,6,0,1,0,0,1,0,0,0,797346,1547,5825744,753,13,38143335,52,50058687
214879,11,4,2021,8,12,2,3,5,2,0,1,0,0,0,0,1,1,793967,1922,5826165,538,13,33217092,52,50618977
214878,11,6,2021,8,16,6,3,4,6,0,0,1,0,0,0,0,0,789662,6072,5818733,888,13,26247273,52,44186529
214877,11,6,2021,9,11,2,3,0,7,0,0,0,0,1,0,0,0,795408,9498,5820882,519,13,34867036,52,45805254
214876,11,12,2021,9,20,6,2,6,4,2,0,1,1,0,0,0,1,793274,6009,5832570,725,13,32764813,52,56398191
214875,11,12,2021,8,15,3,3,2,6,0,1,0,0,0,0,0,0,786255,941,5838962,304,13,2299013,52,62502228
214874,11,2,2021,9,22,5,3,5,7,2,1,1,0,0,0,0,0,801640,3257,5826064,616,13,44479284,52,50109721
214873,11,11,2021,9,12,7,2,6,4,0,0,1,1,0,0,0,1,803816,2545,5829074,115,13,47949761,52,52686338
214872,11,8,2021,8,7,6,3,2,2,0,0,1,0,1,0,0,1,801256,324,5822416,887,13,43585194,52,46861402
214871,11,7,2021,9,12,4,3,5,3,0,1,1,0,0,0,0,0,794486,7191,5824815,88,13,33860987,52,49381072
214870,11,3,2021,9,11,6,3,2,6,0,0,1,0,1,0,0,0,796584,103,5833988,873,13,37759679,52,57490132
214869,11,2,2021,9,12,4,3,3,6,0,0,1,0,1,0,0,0,801979,3753,5829063,77,13,45249359,52,52778499
214868,11,2,2021,9,7,4,3,5,3,0,1,1,0,0,0,0,0,803120,1279,5825688,378,13,46618412,52,49690507
214867,11,2,2021,8,12,5,3,5,3,0,1,1,0,0,0,0,0,799522,9691,5824927,98,13,41267159,52,49207527
214866,11,2,2021,8,15,3,3,2,2,0,1,1,0,0,0,0,0,797693,8061,5825817,705,13,38660495,52,50105126
214865,11,2,2021,9,15,6,3,6,4,0,1,0,1,0,0,0,0,798078,3717,5824551,469,13,39112056,52,48949106
214864,11,9,2021,8,10,6,3,1,5,0,1,1,0,0,0,0,0,807171,6738,5822033,979,13,52231265,52,46188857
214863,11,7,2021,8,6,2,2,5,2,0,1,1,0,0,0,0,0,796846,9437,5822343,485,13,37107161,52,47036961
214862,11,5,2021,8,8,5,2,5,2,0,1,1,0,0,0,0,0,787974,983,5830384,863,13,24778485,52,54721395
214861,11,8,2021,7,15,2,3,1,1,0,0,1,0,0,0,0,0,800480,4069,5822022,113,13,42411276,52,46550264
214860,11,3,2021,8,14,4,3,2,6,0,0,1,0,0,0,0,0,796995,173,5838822,625,13,38797914,52,61800547
214859,11,2,2021,7,22,4,3,5,3,2,1,1,0,0,0,0,0,799282,4992,5826219,381,13,41030067,52,50378271
214858,11,3,2021,7,23,5,3,1,5,2,1,1,0,0,0,0,0,799548,438,5831035,335,13,41853926,52,54680449
214857,11,2,2021,8,15,4,3,5,3,0,1,1,0,0,0,0,0,799282,395,5826219,419,13,41029918,52,50378311
214856,11,5,2021,8,19,3,2,1,5,1,0,1,0,0,0,1,0,787253,5669,5828102,618,13,23520232,52,52713325
214855,11,4,2021,7,10,2,3,2,2,0,0,1,0,0,0,0,0,791017,4689,5824870,57,13,28770233,52,49616182
214854,11,5,2021,8,10,2,3,0,5,0,1,1,0,0,0,0,0,784947,4729,5829186,614,13,20223087,52,5380626
214853,11,11,2021,8,18,7,3,3,6,0,1,0,0,0,0,0,0,805509,4692,5824399,62,13,50008921,52,48401744
214852,11,12,2021,7,11,2,3,5,2,0,1,1,0,0,0,0,0,793270,2092,5832583,48,13,32759442,52,56409475
214851,11,7,2021,8,6,2,3,5,3,0,1,1,0,0,0,0,0,796927,1002,5823749,218,13,37349978,52,48292709
214850,11,8,2021,8,7,6,3,6,7,0,1,0,1,0,0,0,0,801733,9536,5821224,942,13,44178859,52,45766663
214849,11,7,2021,7,15,6,2,5,3,0,1,1,0,0,0,0,0,794901,3196,5823938,149,13,34392226,52,48571858
214848,11,6,2021,7,18,6,3,5,2,0,0,1,0,0,0,0,0,794829,2968,5819322,546,13,33878691,52,44438122
214847,11,2,2021,8,13,4,3,4,6,0,1,0,0,0,0,0,0,801052,9692,5825475,431,13,43563356,52,49614056
214846,11,4,2021,7,15,4,3,5,2,0,0,1,0,0,1,0,0,789023,186,5827022,89,13,26027676,52,51651787
214845,11,4,2021,8,19,5,3,0,7,1,0,1,0,0,0,0,0,794291,2747,5824927,876,13,33583832,52,49492012
214844,11,11,2021,8,13,5,3,5,2,0,1,1,0,0,0,0,0,805454,2007,5833347,162,13,5074962,52,56424458
214843,11,7,2021,8,15,3,3,2,5,0,0,1,0,1,0,0,0,799255,705,5816320,206,13,40103326,52,41506449
214842,11,9,2021,8,10,1,3,2,6,0,0,1,0,0,0,1,0,810232,3683,5819649,947,13,56500473,52,43879468
214841,11,5,2021,7,15,3,3,2,6,0,0,1,0,0,0,0,0,785395,6018,5830543,584,13,20998616,52,54999449
214840,11,8,2021,8,17,3,3,4,6,0,0,1,0,0,0,0,0,800751,7749,5821324,497,13,4274667,52,45910033
214839,11,3,2021,8,8,7,3,0,7,0,0,1,0,0,0,0,0,798561,221,5834880,988,13,4074875,52,58181683
214838,11,4,2021,7,18,6,3,0,5,0,0,0,0,1,0,0,0,792591,1368,5821941,98,13,30824577,52,46905839
214837,11,11,2021,7,15,5,3,4,6,0,0,1,0,0,0,1,0,806783,1686,5826963,391,13,52114863,52,5062854
214836,11,7,2021,8,11,6,3,5,2,0,0,1,0,0,1,0,0,796922,4814,5822282,776,13,37212635,52,46978436
214835,11,3,2021,8,12,2,3,0,7,0,0,1,0,0,0,1,0,802624,844,5832968,603,13,4655263,52,56243207
214834,11,3,2021,8,20,6,2,9,1,1,0,1,1,0,0,0,1,799882,5164,5831727,81,13,42408169,52,55282082
214833,11,11,2021,8,11,3,2,6,7,0,1,0,1,0,0,0,0,806600,4583,5827769,559,13,51920765,52,51361314
214832,11,12,2021,8,9,2,2,2,6,0,0,1,0,1,0,0,0,793302,4772,5835187,92,13,33037348,52,58742848
214831,11,9,2021,7,8,5,3,5,2,0,0,0,0,1,0,1,0,809104,26,5815179,113,13,54432859,52,39936591
214830,11,4,2021,7,22,5,3,5,2,2,0,1,0,0,0,0,0,793340,975,5829718,481,13,32610463,52,53837732
214829,11,4,2021,8,11,3,3,1,5,0,1,1,0,0,0,0,0,791351,4385,5822468,686,13,29050839,52,47445079
214828,11,1,2021,7,14,3,3,5,2,0,1,1,0,0,0,0,0,796634,7004,5831062,69,13,37572677,52,54864381
214827,11,2,2021,7,12,7,3,2,6,0,0,1,0,0,0,0,0,802963,4107,5826072,872,13,46423239,52,50043826
214826,11,5,2021,8,14,6,3,2,6,0,0,1,0,0,0,0,0,785217,2239,5831693,916,13,20835098,52,56040163
214825,11,2,2021,8,15,2,3,1,5,0,1,1,0,0,0,0,0,797606,4449,5825468,817,13,38500999,52,49797153
214824,11,7,2021,7,8,3,3,5,3,0,0,1,0,0,0,0,0,797027,4848,5823564,218,13,37480886,52,48121415
214823,11,3,2021,8,10,6,3,5,3,0,0,1,0,1,0,0,0,804032,8217,5841261,513,13,49385913,52,63597189
214822,11,9,2021,7,18,3,3,5,2,0,1,1,0,0,0,0,0,807019,3687,5821152,938,13,51926775,52,45407803
214821,11,8,2021,8,16,4,2,2,2,0,1,1,0,0,0,0,0,800304,2035,5816752,992,13,4167918,52,41836959
214820,11,10,2021,7,22,5,3,5,3,2,1,1,0,0,0,0,0,806466,7141,5830187,254,13,51947088,52,53535614
214819,11,6,2021,7,19,6,3,2,7,0,0,1,0,1,0,0,0,792557,2729,5816965,21,13,30339096,52,4244666
214818,11,12,2021,8,11,4,3,5,3,0,0,1,0,0,0,0,0,786947,237,5836345,141,13,23782833,52,60119319
214817,11,1,2021,8,9,4,3,5,3,0,1,1,0,0,0,0,0,797146,9243,5827764,823,13,38031039,52,5188031
214816,11,8,2021,7,15,4,3,5,2,0,1,1,0,0,0,0,0,800485,6611,5823552,391,13,42556831,52,47921627
214815,11,11,2021,8,14,4,2,5,3,0,0,1,0,1,0,0,0,805109,243,5832643,36,13,50177577,52,55813029
214814,11,9,2021,8,13,4,3,2,3,0,1,1,0,0,0,0,0,812053,7818,5821340,552,13,59329217,52,45290871
214813,11,12,2021,8,13,2,3,6,2,0,0,0,1,0,0,1,0,796379,9224,5832783,61,13,37351699,52,56420867
214812,11,9,2021,8,13,7,3,2,6,0,0,1,0,1,0,1,0,809221,8288,5822867,88,13,5531654,52,46820568
214811,11,11,2021,7,17,3,3,5,3,0,1,1,0,0,0,0,0,805770,5876,5827900,358,13,50713695,52,51525125
214810,11,1,2021,8,8,3,3,2,6,0,0,1,0,0,0,0,0,796496,3713,5831965,246,13,37449874,52,55680954
214809,11,1,2021,8,22,1,3,6,2,2,0,1,1,0,0,0,1,796984,4965,5831506,948,13,38126765,52,55243548
214808,11,3,2021,7,17,7,3,5,3,0,0,1,0,1,0,0,0,800119,6248,5831394,776,13,42726797,52,54971168
214807,11,4,2021,7,20,7,2,3,6,0,0,1,0,1,0,0,0,793162,61,5826887,28,13,32097795,52,51309087
214806,11,8,2021,8,13,5,3,2,6,0,0,1,0,1,0,0,0,801863,7619,5823608,12,13,44584919,52,47895483
214805,11,4,2021,7,14,6,3,5,2,0,1,1,0,0,0,0,0,791455,5803,5825075,93,13,29431652,52,49776158
214804,11,11,2021,7,5,6,3,5,3,0,1,1,0,0,0,0,0,805138,8363,5832559,169,13,50213355,52,55735916
214803,11,8,2021,8,18,5,3,6,7,0,0,0,1,0,0,1,0,801799,3524,5824371,778,13,44559506,52,48583617
214802,11,4,2021,8,18,4,2,5,7,0,0,1,0,1,0,0,0,792056,6002,5828689,146,13,30631683,52,52983948
214801,11,8,2021,8,12,3,3,5,2,0,1,0,0,0,0,1,0,800982,3482,5824769,19,13,43395844,52,48984928
214800,11,1,2021,8,14,1,3,0,1,0,0,0,0,1,0,0,0,799974,5795,5826920,745,13,42109837,52,50968928
214799,11,7,2021,7,14,4,2,0,2,0,0,1,0,0,0,1,0,797633,2155,5821349,71,13,38172639,52,46103366
214798,11,5,2021,8,18,1,2,5,3,0,0,1,0,0,0,0,0,785812,3965,5831736,12,13,21714311,52,56046696
214797,11,5,2021,7,9,3,2,2,6,0,0,1,0,0,0,1,0,785994,1468,5829208,49,13,21763965,52,53770648
214796,11,5,2021,7,13,1,3,2,5,0,0,1,0,0,0,0,0,785631,7344,5832198,92,13,21488309,52,56470466
214795,11,1,2021,8,21,3,2,5,3,1,1,1,0,0,0,0,0,795408,2282,5825817,631,13,35303224,52,50229271
214794,11,1,2021,8,22,7,3,5,2,2,1,1,0,0,0,0,1,798586,4258,5829511,122,13,40303057,52,53366999
214793,11,4,2021,7,21,5,3,7,7,1,0,0,0,1,0,0,0,793802,3693,5826075,27,13,3296696,52,50546717
214792,11,8,2021,7,21,6,3,5,2,2,1,1,0,0,0,0,0,800392,847,5823330,56,13,4239943,52,47727486
214791,11,9,2021,8,13,4,3,0,2,0,1,1,0,0,0,0,0,809337,736,5818509,287,13,55083023,52,42907889
214790,11,12,2021,7,5,4,3,5,3,1,1,1,0,0,0,0,0,795574,225,5833235,859,13,36206523,52,56870076
214789,11,4,2021,7,18,6,3,5,3,0,1,1,0,0,0,0,0,791187,2685,5826044,288,13,29122279,52,5065936
214788,11,4,2021,8,18,5,3,5,2,0,0,1,0,0,0,1,0,790164,1868,5825420,246,13,27564749,52,50154409
214787,11,2,2021,8,15,5,3,5,2,0,0,1,0,0,0,1,0,797518,931,5824029,373,13,38243935,52,48511623
214786,11,12,2021,8,9,3,3,2,6,0,0,1,0,0,0,0,0,793296,5749,5832608,966,13,32800519,52,56431289
214785,11,9,2021,8,12,1,2,3,6,0,1,1,0,0,0,0,0,811993,4113,5821531,453,13,59258499,52,4546539
214784,11,2,2021,7,10,4,3,5,3,0,1,0,0,1,0,0,0,797353,618,5825743,723,13,38153388,52,50057387
214783,11,11,2021,8,15,2,2,5,2,0,1,1,0,0,0,0,0,807180,434,5823769,567,13,52403337,52,47743857
214782,11,8,2021,7,0,6,2,1,6,2,1,1,1,0,0,0,0,800373,783,5824153,99,13,42446792,52,48467019
214781,11,11,2021,7,17,6,3,0,2,0,1,1,0,0,0,0,0,804460,8961,5826383,59,13,48650844,52,50238496
214780,11,2,2021,7,19,2,3,1,5,0,1,1,0,0,0,0,0,799931,1208,5825970,203,13,41960362,52,50119306
214779,11,9,2021,8,6,6,3,5,2,1,1,1,0,0,0,0,0,803786,4292,5823284,969,13,47377849,52,47499338
214778,11,8,2021,8,11,2,3,5,3,0,0,1,0,0,0,0,0,806244,1903,5816361,202,13,50350691,52,411567
214777,11,4,2021,7,17,3,3,1,5,0,0,1,0,0,1,0,0,791581,2906,5830689,292,13,30108519,52,54802485
214776,11,1,2021,8,19,6,3,0,3,0,1,1,0,0,0,0,0,798651,3968,5828813,734,13,40335907,52,5273833
214775,11,4,2021,7,4,2,3,1,5,0,0,1,0,1,0,0,0,793438,8942,5827293,208,13,32540383,52,51658322
214774,11,4,2021,8,16,4,3,2,6,0,0,1,0,0,0,0,0,794178,4094,5825442,434,13,33463508,52,49959369
214773,11,3,2021,7,16,4,3,0,3,0,1,1,0,0,0,0,0,802758,3297,5839056,652,13,47306435,52,61692268
214772,11,1,2021,7,17,6,3,0,1,0,0,0,0,0,0,1,0,796702,4336,5827823,952,13,37383156,52,51957514
214771,11,3,2021,8,10,3,3,3,6,0,0,1,0,1,0,0,0,801744,4265,5830054,654,13,44994087,52,53680261
214770,11,1,2021,7,23,3,3,6,7,2,0,1,1,0,0,0,0,796846,5576,5831561,13,3792875,52,55299519,
214769,11,4,2021,7,19,7,3,5,3,0,1,1,0,0,0,0,0,792382,7152,5826902,768,13,30954019,52,5136503
214768,11,1,2021,8,21,6,3,0,1,2,1,0,0,0,0,0,0,799202,5751,5828255,35,13,41095719,52,52207601
214767,11,5,2021,8,7,2,3,4,6,1,0,1,0,1,0,0,0,786162,1362,5827762,9,13,21886565,52,52466143
214766,11,4,2021,8,8,6,3,0,6,0,0,0,0,1,0,1,0,793986,9281,5826152,329,13,3324492,52,50606072
214765,11,1,2021,7,17,2,3,1,5,0,1,1,0,0,0,0,0,797534,5084,5828334,467,13,38651523,52,52369796
214764,11,11,2021,7,16,5,3,5,2,0,1,1,0,0,0,0,1,803556,2679,5829757,193,13,47630075,52,53313042
214763,11,11,2021,7,12,7,3,2,6,0,0,1,0,0,0,0,0,803768,8878,5827709,515,13,47755539,52,51465929
214762,11,1,2021,8,21,4,2,1,5,2,1,1,0,0,0,0,0,794693,229,5830792,712,13,346938,52,54727743
214761,11,1,2021,8,17,3,3,6,4,0,0,0,1,0,0,1,0,798694,6447,5828339,634,13,40356883,52,52310998
214760,11,8,2021,7,20,4,3,1,5,0,1,1,0,0,0,0,0,801834,6903,5824422,394,13,44615973,52,48627032
214759,11,6,2021,8,16,5,3,0,1,0,0,1,0,1,0,0,0,792723,6184,5818228,134,13,30693602,52,43570131
214758,11,2,2021,8,12,4,3,3,6,0,1,0,0,0,0,0,0,801530,7417,5827226,335,13,44423554,52,51157041
214757,11,11,2021,8,7,2,3,3,6,0,1,1,0,0,0,0,0,806883,7981,5832600,773,13,52783069,52,55675155
214756,11,12,2021,8,10,7,3,2,7,0,0,1,0,1,0,0,0,796492,3744,5833299,165,13,3756319,52,5687688
214755,11,1,2021,7,13,3,2,5,3,0,0,1,0,1,0,0,0,794347,7034,5828631,398,13,33994265,52,52808951
214754,11,8,2021,8,8,3,3,1,5,0,0,1,0,0,0,0,0,806453,5906,5818000,38,13,50807671,52,42613787
214753,11,9,2021,8,20,1,3,5,3,0,0,1,0,0,0,0,0,810304,46,5819728,742,13,56613503,52,43945993
214752,11,9,2021,7,10,6,3,5,3,0,0,1,0,0,0,1,0,816420,1844,5817596,669,13,65379177,52,41685151
214751,11,6,2021,7,20,7,3,1,5,0,0,1,0,1,0,0,0,790861,291,5818171,543,13,27956518,52,43618764
214750,11,4,2021,8,13,5,3,5,3,0,0,1,0,0,0,0,0,790030,6216,5823219,601,13,27176971,52,48188588
214749,11,8,2021,7,17,5,3,5,7,0,0,1,0,1,0,0,0,801285,2321,5821453,533,13,43541082,52,4599631
214748,11,6,2021,8,11,6,3,2,2,0,0,1,0,0,0,0,0,790157,9492,5815456,87,13,26689623,52,41221606
214747,11,9,2021,7,15,3,3,5,2,0,1,1,0,0,0,0,0,806229,3141,5822177,306,13,50861704,52,463702
214746,11,5,2021,8,13,5,3,5,2,0,1,1,0,0,0,0,0,783351,623,5827673,65,13,17747471,52,52532918
214745,11,6,2021,8,13,3,3,5,2,0,0,1,0,1,0,0,1,795190,949,5818762,52,13,34359737,52,43916158
214744,11,2,2021,8,19,2,2,0,1,0,1,0,0,0,0,0,1,802385,489,5827081,402,13,4566541,52,50979849
214743,11,7,2021,7,1,5,3,0,1,2,0,0,0,0,0,1,0,796494,3385,5824318,799,13,36765233,52,48826801
214742,11,12,2021,8,14,1,3,5,2,0,0,1,0,1,0,0,0,785040,5175,5836438,763,13,20983219,52,60303556
214741,11,3,2021,7,9,3,3,5,2,0,0,1,0,0,0,1,0,802826,21,5832948,798,13,46847816,52,56214228
214740,11,1,2021,7,15,2,3,0,1,0,1,0,0,0,0,0,0,796322,2394,5828075,798,13,368469,52,52203943
214739,11,1,2021,7,11,2,3,2,6,0,1,1,0,0,0,0,0,797574,1935,5828584,204,13,38732191,52,52591489
214738,11,9,2021,8,17,6,3,7,7,0,1,0,0,0,0,0,0,807396,8215,5820682,829,13,52437232,52,44965267
214737,11,12,2021,8,17,1,2,0,7,0,1,0,0,0,0,0,1,793044,6888,5832193,79,13,32393309,52,56072668
214736,11,9,2021,8,15,5,3,5,2,0,0,1,0,0,0,0,0,807685,7156,5817728,977,13,52589128,52,42301711
214735,11,4,2021,8,14,3,3,3,6,0,0,1,0,0,0,0,0,793331,8257,5826657,961,13,32327051,52,51094611
214734,11,10,2021,7,12,4,2,8,1,0,0,1,0,0,0,1,0,811398,8818,5830686,479,13,59242151,52,53703441
214733,11,10,2021,7,11,5,2,5,3,0,0,1,0,1,0,0,0,811995,8325,5826854,346,13,59760045,52,50235257
214732,11,8,2021,8,23,3,3,5,3,2,0,1,0,0,0,0,0,801081,7988,5823993,529,13,43471808,52,48284198
214731,11,2,2021,8,16,2,3,0,1,0,0,0,0,1,0,0,0,801266,743,5827425,264,13,44052745,52,51349968
214730,11,1,2021,7,22,4,2,5,2,2,1,1,0,0,0,0,0,799884,1766,5826481,38,13,41937449,52,50580077
214729,11,8,2021,7,12,6,1,5,2,0,0,0,0,1,0,1,0,806240,7892,5816372,873,13,50346773,52,4116735
214728,11,5,2021,7,16,2,3,2,6,0,0,1,0,1,0,0,0,785196,4927,5831543,843,13,20791701,52,55906695
214727,11,12,2021,8,23,2,3,1,1,2,0,1,0,0,0,0,0,791076,9592,5833586,377,13,29620988,52,57426643
214726,11,1,2021,8,18,7,3,5,3,0,0,1,0,0,0,0,0,797835,9966,5830459,337,13,39284984,52,5425801
214725,11,7,2021,8,15,3,2,6,4,0,0,1,1,0,0,0,0,795160,984,5823907,931,13,34770842,52,48530739
214724,11,8,2021,8,22,6,2,5,3,2,1,0,0,0,0,1,1,801403,868,5820237,134,13,43604229,52,44899516
214723,11,12,2021,7,11,2,2,2,6,0,0,1,0,1,0,0,0,792976,2593,5837569,68,13,32767899,52,60894984
214722,11,2,2021,8,9,6,3,5,3,0,1,1,0,0,0,0,0,798538,411,5825351,279,13,39858715,52,49640915
214721,11,5,2021,8,7,2,3,2,6,0,0,1,0,0,0,0,0,785457,2455,5829266,716,13,20979546,52,53851399
214720,11,8,2021,8,9,6,3,5,3,0,0,1,0,1,0,0,0,807340,167,5816536,62,13,51973062,52,412525
214719,11,4,2021,7,15,2,3,2,6,0,0,1,0,0,0,0,0,793834,6215,5826258,87,13,33030499,52,50709083
214718,11,3,2021,8,19,4,3,5,3,0,0,1,0,0,0,1,0,798829,8516,5830177,351,13,40720773,52,53950835
214717,11,8,2021,7,12,4,3,3,2,0,0,1,0,0,0,1,0,805757,3043,5816789,902,13,49676248,52,41568142
214716,11,8,2021,7,17,5,3,2,1,0,0,1,0,0,0,1,0,799917,6958,5823635,933,13,41730546,52,4802773
214715,11,9,2021,8,11,2,3,0,3,0,1,1,0,0,0,0,0,812357,3913,5820086,344,13,59657295,52,44149595
214714,11,9,2021,7,15,2,3,5,2,0,0,1,0,0,0,0,0,808643,2432,5819165,427,13,54125369,52,43535147
214713,11,1,2021,8,14,6,3,5,3,0,1,1,0,0,0,0,0,798252,4922,5829020,169,13,39768158,52,52945209
214712,11,12,2021,8,19,3,3,5,2,0,0,1,0,0,0,0,0,790411,71,5839296,422,13,29142034,52,62581181
214711,11,1,2021,8,18,6,3,3,6,0,1,0,0,0,0,0,0,792149,993,5831134,843,13,30982716,52,55171485
214710,11,6,2021,7,13,5,3,2,6,0,0,1,0,0,0,0,0,792378,5798,5821172,98,13,30445258,52,46228612
214709,11,12,2021,7,17,6,3,5,3,0,1,1,0,0,0,0,0,796683,4053,5833002,302,13,37817668,52,56600369