OBJECTID,LAND,BEZ,UJAHR,UMONAT,USTUNDE,UWOCHENTAG,UKATEGORIE,UART,UTYP1,ULICHTVERH,IstRad,IstPKW,IstFuss,IstKrad,IstGkfz,IstSonstige,USTRZUSTAND,LINREFX,LINREFY,XGCSWGS84,YGCSWGS84,,,,
214265,11,10,2021,7,13,2,3,5,3,0,1,1,0,0,0,0,0,809226,1951,5827213,861,13,55726158,52,50715097
214264,11,8,2021,8,7,6,3,5,3,0,1,1,0,0,0,0,0,802521,7358,5823710,178,13,45560072,52,47950646
214263,11,11,2021,8,8,2,3,5,3,0,1,1,0,0,0,0,0,804634,7026,5827820,665,13,49037673,52,51517259
214262,11,1,2021,8,19,6,3,6,4,0,1,0,1,0,0,0,1,798472,6848,5828386,367,13,40034897,52,52365042
214261,11,1,2021,7,8,2,2,3,6,0,0,0,0,1,0,1,1,798692,6739,5827088,529,13,40241664,52,51189663
214260,11,8,2021,8,20,4,3,5,3,1,1,1,0,0,0,0,0,803157,67,5823054,984,13,46434047,52,47328137
214259,11,8,2021,7,15,4,3,1,5,0,0,1,0,0,0,0,0,801276,6221,5821936,534,13,43572044,52,46429713
214258,11,2,2021,7,6,5,3,3,6,0,0,1,0,1,0,0,0,800425,79,5827970,688,13,42866432,52,51885234
214257,11,2,2021,8,17,4,3,5,3,0,1,1,0,0,0,0,0,802837,159,5826935,85,13,46316028,52,50823636
214256,11,11,2021,8,7,3,3,5,3,0,1,1,0,0,0,0,0,804467,6141,5826398,957,13,48662164,52,5025237
214255,11,2,2021,7,13,3,3,5,3,0,1,1,0,0,0,0,0,802813,4223,5827294,136,13,46314036,52,51146759
214254,11,11,2021,7,15,2,3,5,2,0,1,1,0,0,0,0,0,804278,7829,5828519,515,13,48578706,52,52163479
214253,11,10,2021,8,14,2,3,5,2,0,1,1,0,0,0,0,0,809893,5119,5831578,572,13,57112979,52,54588695
214252,11,2,2021,8,12,7,3,0,1,0,1,0,0,0,0,0,0,803093,1163,5828294,118,13,46816003,52,52027492
214251,11,6,2021,8,19,3,3,0,1,1,1,0,0,0,0,0,0,784164,4956,5816189,417,13,17963988,52,42193565
214250,11,7,2021,8,20,7,3,6,7,1,0,0,1,0,0,1,0,799849,4969,5813796,788,13,40747878,52,39212034
214249,11,1,2021,7,14,5,3,0,1,0,1,0,0,0,0,0,0,793537,5527,5828160,87,13,32761859,52,52430128
214248,11,11,2021,7,17,6,3,6,4,0,1,0,1,0,0,0,0,807472,539,5824977,148,13,5294331,52,48809675
214247,11,10,2021,8,7,5,3,6,4,0,0,1,1,0,0,0,0,809586,1254,5824154,253,13,55970497,52,47952755
214246,11,11,2021,7,14,5,3,2,6,0,0,1,0,0,0,0,0,806117,1814,5826681,959,13,51110813,52,50413718
214245,11,4,2021,7,17,6,3,5,7,0,0,1,0,1,0,0,0,792112,4268,5825992,599,13,30476974,52,50563565
214244,11,7,2021,8,19,5,3,1,5,0,0,1,0,1,0,0,0,794459,3912,5824194,425,13,33765931,52,48825447
214243,11,12,2021,8,12,4,3,0,1,0,0,0,0,1,0,0,0,793404,1067,5832502,145,13,32949258,52,56329736
214242,11,5,2021,8,17,3,3,5,3,0,0,1,0,0,0,1,0,783417,6524,5828629,384,13,17926018,52,53386418
214241,11,7,2021,8,16,1,3,5,2,0,1,1,0,0,0,0,0,799796,6288,5813977,808,13,4068661,52,39377189
214240,11,4,2021,7,15,3,3,1,5,0,1,1,0,0,0,0,0,794002,2636,5826056,336,13,33258972,52,50519193
214239,11,6,2021,8,17,3,3,3,6,0,1,0,0,0,0,0,0,793463,372,5820237,281,13,31954648,52,45331654
214238,11,2,2021,8,2,7,3,5,3,1,0,1,0,0,0,0,0,801614,3807,5827358,899,13,4455844,52,51271236
214237,11,11,2021,8,14,6,3,5,2,0,1,1,0,0,0,0,0,808717,565,5834239,762,13,5563187,52,57040328
214236,11,11,2021,8,14,2,3,5,3,0,1,1,0,0,0,0,0,806861,3519,5827222,298,13,52253559,52,5085618
214235,11,11,2021,8,21,6,3,0,1,2,0,0,0,0,0,1,1,804239,7147,5828690,568,13,48536948,52,52318966
214234,11,4,2021,7,18,5,3,3,6,0,1,1,0,0,0,0,0,789228,5636,5824032,88,13,26069772,52,48960264
214233,11,1,2021,7,17,6,2,0,2,0,0,1,0,0,0,1,0,795124,3067,5827084,541,13,34998481,52,51380326
214232,11,1,2021,8,9,3,3,0,2,0,0,1,0,1,0,0,1,795452,9621,5827761,342,13,35541485,52,5196923
214231,11,10,2021,8,5,3,3,5,3,0,1,1,0,0,0,0,0,806466,5574,5830188,41,13,5194693,52,53536329
214230,11,1,2021,7,9,5,3,0,5,0,0,1,0,1,0,0,0,796449,7523,5830321,119,13,37234533,52,5420971
214229,11,7,2021,7,14,7,3,5,2,0,1,1,0,0,0,0,0,796040,9672,5825375,48,13,36193331,52,49798242
214228,11,5,2021,8,13,5,3,5,2,0,0,1,0,0,0,0,0,786568,5353,5830554,28,13,22724673,52,54947457
214227,11,1,2021,8,12,4,3,2,6,0,0,1,0,1,0,0,0,794515,7438,5827926,421,13,3417882,52,5216791
214226,11,5,2021,8,7,2,2,5,3,0,1,1,0,0,0,0,0,782816,6565,5830408,63,13,17193779,52,55012454
214225,11,1,2021,8,19,7,3,0,5,0,1,0,0,0,0,0,0,798181,1632,5828426,209,13,39610058,52,52416705
214224,11,2,2021,7,7,3,3,5,3,0,0,1,0,0,0,1,0,798295,4536,5825313,233,13,39499028,52,49620075
214223,11,5,2021,8,11,3,3,5,2,0,1,1,0,0,0,0,0,785395,2705,5830309,692,13,20978027,52,54789762
214222,11,12,2021,8,21,7,3,9,1,2,0,1,0,0,0,0,1,787376,8016,5837646,903,13,24528393,52,61263707
214221,11,5,2021,7,13,6,2,5,2,0,1,1,0,0,0,0,0,789209,6915,5829268,977,13,26497126,52,53655571
214220,11,2,2021,7,6,7,3,0,1,0,1,0,0,0,0,0,0,800461,3396,5825792,757,13,42723119,52,49931088
214219,11,8,2021,8,12,4,3,1,5,0,0,1,0,0,0,1,0,801157,408,5823783,8,13,43563803,52,48091397
214218,11,2,2021,7,22,5,2,3,6,2,1,1,0,0,0,0,0,801378,7647,5825248,382,13,44021269,52,49392567
214217,11,7,2021,8,16,6,3,5,2,0,1,0,0,0,1,0,0,799757,829,5814505,433,13,40675867,52,39852304
214216,11,4,2021,8,2,4,2,0,7,2,1,0,0,0,0,0,0,792854,7004,5827007,451,13,31656766,52,51433553
214215,11,1,2021,8,14,3,3,0,2,0,1,0,0,1,0,0,1,799732,8762,5826579,562,13,41724039,52,50676396
214214,11,7,2021,8,20,1,3,5,2,1,0,1,0,0,0,0,0,799258,5525,5816264,106,13,40102484,52,41456007
214213,11,7,2021,7,20,5,2,5,2,0,0,1,0,0,0,1,0,794986,808,5823817,493,13,3450708,52,4845908
214212,11,6,2021,8,13,1,3,5,2,0,1,1,0,0,0,0,0,794768,813,5820916,51,13,33929526,52,45869916
214211,11,1,2021,7,7,6,2,5,3,0,0,0,0,1,1,0,0,800064,1422,5826416,747,13,4219598,52,50512249
214210,11,5,2021,7,7,7,3,5,3,0,0,1,0,0,0,0,0,782012,9512,5828344,409,13,15836418,52,53203765
214209,11,6,2021,8,12,6,3,1,5,0,1,1,0,0,0,0,0,796234,3514,5818262,528,13,35845972,52,43411954
214208,11,6,2021,8,7,2,3,5,7,0,1,1,0,0,0,0,0,790316,2,5820303,203,13,27342284,52,4555881
214207,11,1,2021,8,17,5,3,2,6,0,0,1,0,0,0,0,1,795182,531,5826944,205,13,35070881,52,51251401
214206,11,1,2021,7,9,2,3,2,6,0,0,0,0,1,0,1,1,798922,7108,5826715,969,13,40546166,52,50843115
214205,11,12,2021,8,8,5,2,3,6,0,0,1,0,0,0,0,0,793354,9054,5832953,952,13,32916833,52,56737406
214204,11,1,2021,7,12,4,3,5,2,0,1,0,0,0,1,0,0,798520,163,5829055,719,13,40164761,52,52962423
214203,11,1,2021,7,14,5,3,5,2,0,0,0,0,1,0,1,0,798553,6678,5826816,575,13,40013045,52,50953503
214202,11,1,2021,8,10,4,3,5,7,0,1,1,0,0,0,0,0,797100,2606,5828836,709,13,38058225,52,52843678
214201,11,2,2021,8,14,3,3,6,4,0,0,1,1,0,0,0,0,802055,1668,5828609,209,13,45319516,52,52367499
214200,11,8,2021,7,14,3,3,6,7,0,0,1,1,0,0,0,0,799826,56,5816520,306,13,4095735,52,41654601
214199,11,1,2021,7,7,3,3,5,2,0,1,1,0,0,0,0,0,796638,989,5829799,978,13,37464919,52,53732314
214198,11,2,2021,8,11,2,3,2,6,0,0,0,0,1,0,1,0,797758,7819,5826056,915,13,38777323,52,50316004
214197,11,1,2021,8,20,7,3,5,3,1,1,1,0,0,0,0,0,792953,4227,5828564,682,13,31938985,52,52824248
214196,11,4,2021,7,17,2,3,3,6,0,0,1,0,0,1,0,0,789814,7973,5826334,683,13,27131075,52,50992788
214195,11,3,2021,8,17,2,3,5,3,0,1,1,0,0,0,0,0,803750,7631,5839280,864,13,487884,52,61837836
214194,11,1,2021,8,4,7,2,8,1,2,0,0,0,1,0,0,1,798590,6986,5828393,435,13,4020896,52,52364915
214193,11,7,2021,7,14,6,3,2,6,0,0,1,0,1,0,0,0,799362,4546,5820325,39,13,40618387,52,45090432
214192,11,9,2021,7,12,6,2,4,6,0,0,1,0,0,0,0,0,809743,6007,5819918,3,13,55808604,52,44147663
214191,11,9,2021,8,13,5,3,1,5,0,1,1,0,0,0,0,0,810880,3913,5820632,398,13,57542124,52,44723107
214190,11,2,2021,7,7,5,3,0,2,0,1,0,0,0,0,0,0,799116,7849,5826272,677,13,4079144,52,5043513
214189,11,5,2021,8,15,5,3,3,6,0,0,1,0,0,1,0,0,783562,6504,5828905,8,13,18162798,52,53626715
214188,11,3,2021,8,14,5,3,2,6,0,0,1,0,0,1,0,0,800053,6732,5833606,558,13,42829794,52,56957277
214187,11,2,2021,8,15,3,3,0,3,0,1,0,0,0,0,0,1,799500,1922,5824932,354,13,41234104,52,49212697
214186,11,4,2021,8,16,1,3,2,6,0,0,1,0,1,0,0,0,793993,2561,5824433,369,13,33102485,52,49064771
214185,11,8,2021,7,12,3,3,5,2,0,1,1,0,0,0,0,0,799998,2518,5816604,159,13,41217302,52,41720329
214184,11,11,2021,8,11,3,3,5,3,0,0,1,0,0,0,0,0,804627,22,5829088,991,13,49142512,52,52654431
214183,11,3,2021,8,13,7,3,0,3,0,0,1,0,1,0,0,0,800940,6552,5833554,261,13,44129819,52,5686144
214182,11,12,2021,7,11,6,2,6,4,0,0,1,1,0,0,0,0,794833,6165,5836299,782,13,3538984,52,59656763
214181,11,3,2021,8,9,5,3,6,7,0,1,0,1,0,0,0,0,802131,88,5829111,102,13,45477843,52,52813094
214180,11,2,2021,7,19,6,3,2,6,0,0,1,0,0,0,0,0,802564,4058,5825971,22,13,45827979,52,49974676
214179,11,1,2021,8,19,6,3,1,5,0,0,1,0,0,0,1,0,794693,8221,5831185,575,13,34729536,52,55079881
214178,11,4,2021,8,8,2,3,6,4,0,0,1,1,0,0,0,0,791463,695,5824349,29,13,2938007,52,49125046
214177,11,8,2021,8,4,5,3,5,3,1,0,1,0,0,0,0,0,800672,7807,5824167,39,13,42886992,52,48462573
214176,11,1,2021,8,14,3,3,5,3,0,1,1,0,0,0,0,0,798480,228,5826665,996,13,39891653,52,50822548
214175,11,5,2021,8,9,2,2,3,6,0,0,1,0,0,1,0,0,784773,7831,5828714,292,13,19927212,52,53391857
214174,11,6,2021,7,20,4,2,5,2,0,1,1,0,0,0,0,0,788979,8289,5816096,141,13,25017596,52,41857772
214173,11,4,2021,8,22,1,3,1,5,2,0,1,0,0,0,0,1,793004,7658,5822098,227,13,31445549,52,47024531
214172,11,6,2021,7,18,2,2,9,1,0,0,1,0,0,0,0,0,782952,6126,5815942,345,13,16165707,52,42034825
214171,11,12,2021,8,15,6,3,5,3,0,1,0,0,1,0,0,0,790525,204,5835342,286,13,28963023,52,59030275
214170,11,4,2021,7,14,6,3,6,4,0,0,0,1,1,0,0,0,794438,2979,5825792,489,13,33876205,52,50259157
214169,11,6,2021,7,13,6,3,5,3,0,0,1,0,0,0,0,0,791786,661,5817475,713,13,2925357,52,42945647
214168,11,7,2021,8,18,5,3,5,2,0,1,1,0,0,0,0,0,794965,8881,5825571,457,13,34631641,52,50032522
214167,11,1,2021,8,17,4,3,5,3,0,0,1,0,0,0,0,0,797961,1417,5826980,238,13,39157212,52,51132602
214166,11,9,2021,8,18,4,2,5,2,0,1,1,0,0,0,0,0,806814,1949,5821997,972,13,51703437,52,46176668
214165,11,2,2021,8,8,2,3,5,2,0,1,0,0,0,0,0,0,797379,7689,5826176,41,13,38231258,52,50443787
214164,11,1,2021,7,2,5,3,1,1,2,0,1,0,0,0,1,0,796502,707,5829242,479,13,37215211,52,53239977
214163,11,8,2021,8,12,2,3,2,6,0,0,1,0,0,0,0,0,801493,4911,5817768,641,13,43514201,52,42681941
214162,11,11,2021,7,16,1,2,1,5,0,0,1,0,0,0,1,0,805275,8896,5827776,761,13,49975604,52,51442062
214161,11,6,2021,8,12,6,3,2,6,0,0,1,0,0,0,0,0,795337,46,5818429,273,13,34544577,52,43609956
214160,11,3,2021,8,13,2,3,5,7,0,0,1,0,1,0,0,0,799075,1598,5830207,372,13,41084097,52,53964286
214159,11,11,2021,8,8,5,3,5,3,0,1,0,0,0,0,0,0,804141,5207,5826811,577,13,48220923,52,50640373
214158,11,9,2021,7,15,3,3,5,2,0,1,1,0,0,0,0,0,809638,3683,5821500,289,13,55800911,52,45571372
214157,11,12,2021,8,10,5,3,5,2,0,1,1,0,0,0,0,0,796723,5319,5833261,719,13,378999,52,56830719
214156,11,9,2021,7,9,4,3,0,7,0,1,0,0,0,1,0,0,808457,457,5819018,6,13,53839345,52,43413555
214155,11,1,2021,7,10,5,3,5,2,0,0,1,0,0,0,1,0,797272,943,5832225,784,13,38615316,52,5587216
214154,11,1,2021,8,16,4,3,5,2,0,1,1,0,0,0,0,0,796968,8041,5826857,684,13,37688341,52,51076861
214153,11,6,2021,8,17,2,3,5,2,0,1,1,0,0,0,0,0,790210,211,5815096,697,13,2673509,52,40896629
214152,11,1,2021,7,19,4,3,1,5,0,1,1,0,0,0,0,0,798354,363,5829301,712,13,39943152,52,53192
214151,11,12,2021,8,11,4,3,5,2,0,1,1,0,0,0,0,0,787205,7466,5837998,731,13,24307003,52,61588175
214150,11,6,2021,7,15,2,3,2,2,0,0,1,0,0,0,0,0,784861,9393,5817653,862,13,19111591,52,4347036
214149,11,2,2021,8,19,2,3,0,2,0,1,0,0,0,0,1,0,799050,9506,5824575,344,13,40542353,52,48917317
214148,11,11,2021,8,10,7,2,5,2,0,1,1,0,0,0,0,0,807323,9619,5824796,993,13,52709282,52,48656555
214147,11,11,2021,7,17,2,3,5,3,0,1,1,0,0,0,0,0,804256,3389,5827060,241,13,48412298,52,50856839
214146,11,1,2021,8,18,2,3,1,5,0,1,1,0,0,0,0,0,799146,6156,5828584,256,13,41043071,52,52505487
214145,11,2,2021,8,10,7,3,3,6,0,1,1,0,0,0,0,0,799955,3243,5826105,77,13,4200806,52,5023887
214144,11,11,2021,7,17,5,3,0,7,0,1,1,0,0,0,0,1,804455,3098,5828170,673,13,48806154,52,51840974
214143,11,1,2021,7,14,6,3,5,2,0,1,1,0,0,0,0,0,797257,9484,5829087,605,13,38312422,52,53059981
214142,11,1,2021,8,12,4,3,0,2,0,1,1,0,0,0,0,0,795476,1379,5829574,914,13,3573671,52,53593687
214141,11,8,2021,7,14,4,3,2,6,0,0,1,0,0,0,0,0,804207,217,5818439,976,13,47554151,52,4313345
214140,11,7,2021,8,22,5,3,5,3,2,1,1,0,0,0,0,0,794929,5799,5825540,796,13,34575593,52,50006999
214139,11,11,2021,8,19,5,2,6,4,0,0,1,1,0,0,0,0,807242,6886,5824134,91,13,52528947,52,4806776
214138,11,11,2021,8,15,3,3,1,5,0,0,1,0,0,0,0,0,804047,7421,5828916,364,13,4827551,52,52532047
214137,11,11,2021,8,18,1,3,1,5,0,1,1,0,0,0,0,0,803893,9559,5831292,932,13,48266841,52,54670649
214136,11,11,2021,7,17,4,3,5,3,0,1,1,0,0,0,0,0,804648,1879,5831123,52,13,49360138,52,54476692
214135,11,1,2021,8,4,2,3,8,1,1,0,1,0,0,0,0,0,796464,4317,5831649,17,13,37374657,52,55399228
214134,11,11,2021,8,17,1,2,6,4,0,0,1,1,0,0,0,0,806402,5824,5833724,561,13,52179242,52,567094
214133,11,3,2021,7,15,6,3,5,2,0,0,1,0,1,0,0,0,800519,205,5841100,966,13,4419497,52,63648871
214132,11,2,2021,8,10,5,3,2,6,0,0,1,0,0,0,0,0,801836,36,5825746,498,13,4473785,52,49813769
214131,11,2,2021,7,14,5,3,1,5,0,1,1,0,0,0,0,0,797726,7967,5825775,992,13,38705224,52,50065934
214130,11,6,2021,8,7,6,3,5,2,0,0,1,0,0,0,0,0,794734,7812,5820068,143,13,33805815,52,45111607
214129,11,9,2021,8,16,2,3,6,7,0,0,1,1,0,0,0,0,806427,3513,5818737,376,13,50836761,52,43276093
214128,11,1,2021,8,17,6,3,6,7,0,0,0,1,0,0,1,0,799243,625,5828219,486,13,41152815,52,52173202
214127,11,7,2021,7,7,7,3,8,1,0,0,1,0,0,0,0,0,796346,3102,5824888,964,13,36598569,52,49345941
214126,11,1,2021,8,21,4,3,5,2,2,1,0,0,0,0,0,0,797680,8768,5831315,245,13,39133638,52,55033697
214125,11,9,2021,8,10,2,3,0,1,0,0,1,0,0,0,0,0,808645,9485,5815247,518,13,53768007,52,40023729
214124,11,8,2021,7,5,5,2,5,2,0,1,0,0,0,0,1,0,804102,244,5817517,22,13,47316327,52,4231223
214123,11,1,2021,7,17,5,3,4,6,0,0,1,0,0,0,0,0,794210,4224,5828541,592,13,33784538,52,52735856
214122,11,8,2021,8,13,3,2,6,4,0,0,1,1,0,0,0,0,802409,644,5823033,72,13,45333334,52,47350574
214121,11,8,2021,7,13,4,3,5,3,0,1,1,0,0,0,0,0,802276,2266,5822845,251,13,45121277,52,47188999
214120,11,2,2021,7,21,7,3,0,1,1,0,0,0,1,0,0,0,801740,7985,5826789,547,13,44692547,52,50753929
214119,11,1,2021,8,20,6,2,3,6,1,1,0,0,0,0,0,0,799723,2902,5827709,321,13,41811702,52,51689576
214118,11,1,2021,8,16,3,3,5,3,0,1,1,0,0,0,0,0,799645,669,5827049,772,13,41637378,52,5110269
214117,11,12,2021,8,22,6,3,8,1,2,0,1,0,0,0,0,1,793303,1777,5832563,102,13,32806177,52,56389818
214116,11,7,2021,7,20,3,2,5,3,1,1,1,0,0,0,0,0,797844,7457,5822041,914,13,38544836,52,46712326
214115,11,7,2021,8,10,4,3,1,5,0,1,1,0,0,0,0,0,795454,5525,5824070,702,13,35216341,52,48660772
214114,11,5,2021,7,14,5,3,5,2,0,0,1,0,0,0,0,0,783941,4701,5828984,132,13,18726507,52,53677225
214113,11,5,2021,7,17,7,3,5,2,0,1,1,0,0,0,0,0,786086,118,5829145,207,13,21893788,52,53709477
214112,11,4,2021,8,18,4,2,6,4,0,0,1,1,0,0,0,0,791482,4568,5829459,625,13,29855281,52,537054
214111,11,4,2021,8,11,4,3,5,7,0,0,1,0,0,0,0,0,793563,718,5827766,991,13,32765618,52,52076328
214110,11,6,2021,7,20,4,3,1,5,1,0,1,0,0,0,1,0,794326,6847,5820601,35,13,33253992,52,45611308
214109,11,2,2021,8,9,4,3,5,3,0,1,1,0,0,0,0,0,802588,9899,5827779,649,13,46028483,52,51594374
214108,11,3,2021,8,16,3,3,5,7,0,1,1,0,0,0,0,0,798228,5794,5832288,958,13,40026486,52,55876536
214107,11,2,2021,8,21,2,3,6,2,2,0,0,1,0,0,1,1,801626,3374,5828319,585,13,44663099,52,52131646
214106,11,5,2021,8,20,7,3,0,1,1,0,0,0,1,0,0,0,789462,5983,5829340,923,13,2687523,52,53706645
214105,11,7,2021,7,11,4,3,5,2,0,1,1,0,0,0,0,0,799275,186,5816272,853,13,4012765,52,41462937
214104,11,12,2021,8,22,3,3,5,2,1,0,1,0,0,0,0,1,791167,9437,5834020,894,13,29793028,52,5781131
214103,11,4,2021,8,9,7,2,5,2,0,1,1,0,0,0,0,0,791905,1561,5827432,304,13,30298745,52,51865328
214102,11,12,2021,7,14,7,3,5,3,0,1,1,0,0,0,0,0,794029,325,5838135,29,13,34368894,52,61345695
214101,11,2,2021,7,10,7,3,1,5,0,1,1,0,0,0,0,0,797928,8471,5826416,462,13,39059305,52,5062901
214100,11,6,2021,8,13,5,3,6,4,0,0,0,1,0,0,1,0,789483,859,5817610,6,13,25886567,52,43188476
214099,11,1,2021,8,15,3,3,0,1,0,0,0,0,1,0,0,0,798730,1172,5829565,848,13,40519186,52,53408179
214098,11,1,2021,8,15,7,3,0,2,0,1,1,0,0,0,0,0,796635,3528,5826670,841,13,37181786,52,50927518
214097,11,4,2021,7,19,3,2,0,1,0,0,0,0,0,0,1,0,793789,6465,5825826,187,13,32926311,52,50324329
214096,11,1,2021,8,7,4,3,5,2,0,1,0,0,0,0,0,0,798797,3019,5829185,931,13,4058379,52,53063956
214095,11,7,2021,7,18,4,3,5,3,0,1,1,0,0,0,0,0,796414,1173,5824875,605,13,36696963,52,49330284
214094,11,7,2021,7,11,5,3,5,7,0,0,1,0,0,0,1,0,797079,863,5815605,879,13,36850143,52,40984639
214093,11,4,2021,8,19,3,3,1,5,0,1,1,0,0,0,0,0,792550,9886,5825545,66,13,3108196,52,50138866
214092,11,11,2021,8,17,2,2,6,4,0,0,1,1,0,0,0,0,805848,5237,5832345,584,13,51237249,52,55504688
214091,11,9,2021,7,8,4,2,5,2,0,0,1,0,1,0,0,0,809065,9387,5818189,452,13,54654981,52,42636614
214090,11,1,2021,8,10,4,3,5,3,0,0,1,0,1,0,0,0,795260,4665,5830714,677,13,35520954,52,54627077
214089,11,8,2021,7,12,3,3,6,2,0,0,1,1,0,0,0,0,801563,1961,5820649,607,13,4387635,52,45260398
214088,11,3,2021,8,13,2,3,1,5,0,1,1,0,0,0,0,0,799466,8513,5831032,364,13,41734281,52,54682249
214087,11,3,2021,8,17,7,2,5,7,0,1,1,0,0,0,0,0,799222,7674,5838175,452,13,42020169,52,61098258
214086,11,11,2021,7,13,3,3,5,2,0,1,1,0,0,0,0,0,805532,163,5830048,844,13,50560819,52,53464035
214085,11,5,2021,8,16,3,2,5,2,0,0,1,0,1,0,0,0,783247,673,5830290,215,13,17816808,52,54884424
214084,11,3,2021,8,17,1,3,6,4,0,0,1,1,0,0,0,0,803902,1006,5839613,801,13,49041848,52,62127766
214083,11,1,2021,7,19,5,3,0,2,0,1,1,0,0,0,0,1,795501,6161,5828373,914,13,35667408,52,52515713
214082,11,1,2021,7,1,6,2,0,1,2,1,0,0,0,0,0,0,793686,4421,5828141,747,13,32979066,52,52405669
214081,11,8,2021,8,9,4,3,2,6,0,0,1,0,0,0,0,0,801996,1559,5823274,566,13,44749074,52,47589291
214080,11,1,2021,7,17,6,2,0,1,0,1,0,0,0,0,0,0,797136,4792,5827820,236,13,38020641,52,51930551
214079,11,12,2021,7,13,6,3,5,3,0,1,0,0,1,0,0,0,796654,968,5833325,511,13,37804741,52,56891638
214078,11,3,2021,8,15,5,3,2,6,0,1,1,0,0,0,0,0,801252,5794,5831813,38,13,4443062,52,5528383
214077,11,10,2021,8,9,5,3,2,3,0,1,1,0,0,0,0,0,813015,8101,5831217,9,13,61668333,52,54086225
214076,11,4,2021,8,13,3,3,5,3,0,0,1,0,1,0,0,1,791220,1559,5824087,93,13,2899947,52,48902984
214075,11,1,2021,7,16,7,3,3,6,0,0,1,0,0,0,0,0,797045,2621,5831893,486,13,38250711,52,55586719
214074,11,8,2021,8,12,1,3,5,3,0,0,1,0,0,0,0,0,799907,8181,5816245,149,13,41052556,52,4140348
214073,11,4,2021,7,22,4,3,5,2,2,0,1,0,0,0,0,0,794480,413,5825855,631,13,3394311,52,50313507
214072,11,8,2021,8,15,1,3,2,6,0,0,1,0,1,0,0,0,802723,4477,5818752,115,13,45406647,52,4349553
214071,11,5,2021,7,15,6,3,5,3,0,0,1,0,0,0,0,0,786012,6131,5829295,37,13,21798606,52,5384767
214070,11,7,2021,8,12,5,3,6,4,0,1,0,1,0,0,0,0,796206,614,5824231,807,13,36334179,52,48764469
214069,11,12,2021,7,18,1,3,6,7,0,0,1,1,0,0,0,1,791872,2994,5838189,252,13,31196938,52,61510342
214068,11,7,2021,8,7,6,3,2,2,0,1,1,0,0,0,0,0,795411,226,5824986,15,13,35233879,52,49483748
214067,11,6,2021,8,21,1,3,5,3,2,1,1,0,0,0,0,1,794713,8148,5821563,387,13,33907045,52,46453145
214066,11,2,2021,8,16,6,3,8,1,0,0,0,0,0,0,1,0,800527,8596,5826894,38,13,42920249,52,50914845
214065,11,8,2021,7,7,2,3,6,4,0,0,1,1,0,0,0,1,801092,1917,5823811,608,13,43470637,52,48120564
214064,11,1,2021,8,7,4,3,0,7,0,1,1,0,0,0,0,0,794676,3537,5826179,417,13,34260148,52,50593162
214063,11,11,2021,7,10,5,3,5,3,0,1,1,0,0,0,0,0,807185,5161,5823813,502,13,52415416,52,47782924
214062,11,11,2021,7,15,5,3,6,4,0,0,0,1,0,0,1,0,805214,5167,5828177,794,13,49922231,52,5180492
214061,11,5,2021,8,11,3,3,2,6,0,0,1,0,0,0,0,0,787788,87,5829403,297,13,24419739,52,53851213
214060,11,1,2021,7,7,4,3,5,2,0,1,1,0,0,0,0,0,797576,6408,5831889,949,13,39031873,52,55554541
214059,11,6,2021,7,9,2,3,2,7,0,1,1,0,0,0,0,0,792446,689,5818815,296,13,30337861,52,44111364
214058,11,3,2021,8,22,6,3,6,4,2,0,1,1,0,0,0,0,799442,6121,5838263,817,13,42351874,52,61165355
214057,11,6,2021,8,10,2,3,5,2,0,1,1,0,0,0,0,0,787513,785,5816890,419,13,22935029,52,4264716
214056,11,4,2021,8,10,6,3,2,6,0,0,1,0,0,0,0,0,792931,4997,5825530,487,13,31639644,52,50105383
214055,11,4,2021,7,17,5,3,5,7,0,0,1,0,1,0,0,0,794540,321,5825962,503,13,34041114,52,50406057
214054,11,7,2021,7,16,6,3,1,5,0,1,1,0,0,0,0,0,800060,6259,5813307,16,13,41013389,52,38761585
214053,11,11,2021,8,11,4,3,1,5,0,1,1,0,0,0,0,0,808133,96,5825376,44,13,53951939,52,49129849
214052,11,12,2021,8,11,3,3,2,6,0,0,1,0,0,0,1,0,793958,9328,5833467,404,13,33850955,52,57165097
214051,11,5,2021,7,19,5,2,5,3,0,1,1,0,0,0,0,0,779992,1118,5830307,606,13,13030541,52,55068307
214050,11,2,2021,7,10,7,3,5,3,0,1,0,0,0,0,1,0,800480,385,5828223,902,13,42970568,52,5210915
214049,11,4,2021,8,11,5,3,5,3,0,0,1,0,0,0,0,0,792203,8685,5824081,113,13,30443628,52,48845059
214048,11,12,2021,8,16,4,3,6,2,0,0,1,1,0,0,0,0,793353,243,5832940,497,13,32912876,52,56725446
214047,11,1,2021,8,13,2,3,4,5,0,1,0,0,0,0,1,0,794314,4923,5828157,229,13,33903482,52,52385682
214046,11,1,2021,8,6,7,3,0,1,0,1,0,0,0,0,0,0,799647,2923,5828695,539,13,41788882,52,52577741
214045,11,8,2021,7,17,4,3,1,5,0,1,1,0,0,0,0,0,800464,737,5823634,33,13,42532524,52,4799626