OBJECTID,LAND,BEZ,UJAHR,UMONAT,USTUNDE,UWOCHENTAG,UKATEGORIE,UART,UTYP1,ULICHTVERH,IstRad,IstPKW,IstFuss,IstKrad,IstGkfz,IstSonstige,USTRZUSTAND,LINREFX,LINREFY,XGCSWGS84,YGCSWGS84,,,,
214044,11,1,2021,8,8,3,3,5,3,0,1,0,0,0,0,1,0,799899,3251,5826525,54,13,41963636,52,50618391
214043,11,7,2021,8,0,1,2,0,3,2,1,0,0,1,0,0,1,796257,79,5823954,758,13,3638447,52,48513351
214042,11,7,2021,7,16,6,3,5,3,0,1,1,0,0,0,0,0,798071,7948,5814227,608,13,38181477,52,39695237
214041,11,5,2021,7,17,7,3,0,5,0,0,1,0,0,0,0,0,780689,6329,5829143,35,13,13958152,52,53988177
214040,11,5,2021,8,7,4,3,0,1,0,0,1,0,1,0,0,0,786442,3675,5830474,722,13,22532246,52,54882764
214039,11,6,2021,7,17,5,3,1,1,0,0,1,0,1,0,0,1,792653,5584,5821314,192,13,30861226,52,46340486
214038,11,2,2021,8,12,6,3,5,7,0,0,1,0,0,0,1,0,801131,8076,5825069,786,13,43642471,52,49246117
214037,11,4,2021,8,17,5,3,0,6,0,0,1,0,1,0,0,1,791453,932,5828302,94,13,29711924,52,52669977
214036,11,9,2021,8,15,3,3,0,1,0,0,0,0,1,0,0,0,809049,4155,5819175,753,13,54721907,52,43521468
214035,11,6,2021,8,16,1,3,6,7,0,1,0,1,0,0,0,0,793804,8092,5821022,576,13,32525259,52,46017283
214034,11,6,2021,7,10,4,2,1,7,0,0,1,0,0,0,0,0,793286,4234,5820759,306,13,31741342,52,45809115
214033,11,4,2021,8,16,1,2,8,1,0,1,0,0,0,0,0,1,788286,669,5826920,484,13,24936406,52,51598958
214032,11,12,2021,7,11,3,3,5,2,0,0,1,0,0,0,1,0,795065,4169,5832467,607,13,35389955,52,56208997
214031,11,10,2021,7,6,6,3,8,1,0,0,0,0,1,0,0,0,806736,5248,5830280,929,13,52352277,52,5360439
214030,11,5,2021,7,5,2,2,5,2,0,0,1,0,1,0,0,0,783949,9326,5826591,51,13,18534628,52,51531525
214029,11,9,2021,7,11,1,3,5,2,0,0,1,0,0,0,0,0,804385,7086,5821738,33,13,48116348,52,46079499
214028,11,10,2021,8,22,6,2,5,7,2,1,0,0,0,0,1,0,806792,5108,5830324,581,13,52438591,52,5364036
214027,11,8,2021,8,10,2,3,8,1,0,0,0,0,1,0,0,0,805426,682,5817272,818,13,492348,52,42019456
214026,11,1,2021,8,19,6,3,0,1,0,1,0,0,1,0,0,1,798987,1716,5828832,112,13,40831039,52,52736399
214025,11,1,2021,7,0,1,2,0,7,2,0,0,0,0,0,1,0,794253,87,5829270,563,13,33912923,52,53386987
214024,11,7,2021,7,11,6,3,5,2,0,1,1,0,0,0,0,0,796134,2938,5815933,292,13,35493031,52,41329371
214023,11,2,2021,8,18,5,2,0,7,0,1,0,0,0,0,0,0,802563,704,5827389,369,13,45954917,52,51246007
214022,11,3,2021,8,8,5,3,0,3,0,1,0,0,1,0,0,0,804063,3094,5839912,313,13,49306702,52,62386284
214021,11,1,2021,8,6,3,3,5,3,0,0,1,0,1,0,0,0,800473,1898,5826684,246,13,4282097,52,50729506
214020,11,10,2021,8,14,7,3,5,2,0,1,1,0,0,0,0,0,807500,9481,5829177,511,13,53373699,52,52572434
214019,11,11,2021,7,11,4,2,5,7,0,0,1,0,0,0,1,0,807259,2956,5824366,744,13,52574689,52,482746
214018,11,1,2021,8,4,1,3,1,5,2,0,1,0,0,0,1,0,797032,2374,5828919,783,13,37965669,52,52921851
214017,11,7,2021,7,8,1,3,5,2,0,1,1,0,0,0,0,0,795243,269,5822270,82,13,34746722,52,4705873
214016,11,5,2021,7,11,2,3,2,6,0,0,1,0,0,0,0,0,784053,4997,5827184,802,13,187375,52,52058086
214015,11,12,2021,8,8,6,3,2,6,0,1,1,0,0,0,0,0,789100,8885,5840188,662,13,27289891,52,63450958
214014,11,9,2021,8,13,2,3,5,2,0,1,1,0,0,0,0,0,813766,4822,5821746,257,13,61879482,52,45556393
214013,11,1,2021,8,13,6,3,3,2,0,0,1,0,0,0,0,0,796974,44,5827042,638,13,37712543,52,51242367
214012,11,7,2021,7,18,2,2,5,7,0,1,1,0,0,0,0,0,795282,4422,5825402,331,13,35081627,52,49863793
214011,11,5,2021,8,1,4,3,0,1,2,0,0,0,0,0,1,1,786993,1211,5830135,176,13,23312914,52,54549352
214010,11,3,2021,7,10,4,3,4,5,0,1,1,0,0,0,0,0,800655,4435,5831074,772,13,43485678,52,54654797
214009,11,7,2021,7,8,5,3,2,2,0,1,1,0,0,0,0,0,795216,2091,5823199,434,13,34789196,52,47892633
214008,11,11,2021,8,17,2,3,5,3,0,1,1,0,0,0,0,0,805035,3975,5830436,264,13,49866266,52,53839081
214007,11,4,2021,7,12,3,3,5,2,0,0,0,0,1,0,1,1,792208,8334,5828619,337,13,30849322,52,52913208
214006,11,11,2021,7,14,2,3,6,4,0,0,0,1,0,0,1,0,805820,2516,5832299,696,13,51191451,52,55465149
214005,11,3,2021,8,23,6,2,9,1,2,0,1,0,0,0,0,0,799760,4202,5833788,45,13,42414844,52,57136468
214004,11,2,2021,8,19,3,3,3,6,0,0,1,0,1,0,0,0,801453,2412,5826046,53,13,44202871,52,50103848
214003,11,1,2021,8,21,6,3,0,1,2,1,0,0,0,0,0,1,798679,7307,5829463,114,13,40435891,52,53318855
214002,11,5,2021,7,15,5,3,5,3,0,0,1,0,0,0,0,0,787940,4067,5830041,989,13,2469791,52,54415822
214001,11,2,2021,7,17,6,3,2,1,0,0,1,0,0,0,0,0,800560,8188,5827024,98,13,4298046,52,51030089
214000,11,2,2021,8,3,5,3,5,2,2,0,1,0,0,0,0,0,798598,3849,5825578,664,13,39967723,52,49841434
213999,11,11,2021,7,12,5,3,1,5,0,1,1,0,0,0,0,0,803806,5179,5827751,317,13,47814638,52,51501299
213998,11,4,2021,7,15,7,3,1,5,0,1,0,0,0,0,1,0,790183,7014,5829822,631,13,27977502,52,54100149
213997,11,1,2021,8,15,5,3,2,6,0,0,1,0,0,0,0,0,796775,6115,5828816,313,13,37579245,52,52843079
213996,11,6,2021,8,16,4,3,5,3,0,0,1,0,0,0,0,0,789298,2011,5816083,361,13,25483337,52,41829494
213995,11,1,2021,8,17,3,3,5,2,0,1,0,0,0,0,1,0,796939,8385,5828909,33,13,37828902,52,52917249
213994,11,3,2021,8,10,1,3,0,1,0,1,1,0,0,0,0,0,796127,3753,5836570,617,13,37318555,52,59829241
213993,11,9,2021,7,12,4,3,3,6,0,0,1,0,1,0,0,0,811419,3436,5820140,284,13,58286716,52,4425143
213992,11,1,2021,8,18,3,3,3,6,0,1,1,0,0,0,0,0,795498,4946,5828219,487,13,35649098,52,52377451
213991,11,12,2021,8,12,1,2,0,1,0,0,0,0,1,0,0,0,793957,7597,5835301,516,13,34011883,52,58809309
213990,11,9,2021,7,12,7,3,6,4,0,0,1,1,0,0,0,0,814274,7015,5821931,971,13,62642438,52,45693615
213989,11,5,2021,7,14,1,2,9,1,0,1,0,0,0,0,0,0,785082,3084,5829425,398,13,20441841,52,540133
213988,11,1,2021,8,14,5,3,5,7,0,0,1,0,0,0,0,0,794558,2689,5827507,997,13,34204264,52,51790525
213987,11,7,2021,7,14,6,2,6,4,0,0,1,1,0,0,0,0,797980,96,5819783,295,13,38541915,52,44680342
213986,11,7,2021,8,19,5,3,0,1,0,0,0,0,1,0,0,0,794763,2558,5825631,203,13,34339283,52,5009703
213985,11,9,2021,8,16,5,3,5,3,0,1,1,0,0,0,0,0,816646,7761,5817431,712,13,6569564,52,41524237
213984,11,2,2021,8,16,4,2,5,2,0,1,1,0,0,0,0,0,796813,2806,5823979,519,13,37203367,52,48505339
213983,11,6,2021,8,20,2,3,2,6,2,0,1,0,0,0,0,1,794097,9248,5819501,8,13,32821432,52,44637492
213982,11,9,2021,7,14,4,2,6,4,0,0,1,1,0,0,0,0,804554,5438,5822498,96,13,48433517,52,46752089
213981,11,2,2021,8,20,1,3,1,7,1,0,1,1,0,0,0,0,801245,4069,5825972,867,13,43890955,52,50049299
213980,11,10,2021,7,15,1,3,4,1,0,1,0,0,0,0,0,0,812379,3956,5824090,429,13,60064214,52,47736513
213979,11,4,2021,8,22,6,3,5,2,2,1,1,0,0,0,0,0,793346,8252,5823084,35,13,32034405,52,47890201
213978,11,4,2021,8,15,2,2,5,2,0,1,1,0,0,0,0,0,791789,6026,5826098,99,13,30011941,52,5067542
213977,11,2,2021,8,15,6,3,5,2,0,1,1,0,0,0,0,0,801470,7316,5826044,79,13,44228402,52,50101322
213976,11,6,2021,7,16,2,3,1,5,0,0,1,0,0,0,1,0,788743,5143,5820142,69,13,25020626,52,45498204
213975,11,6,2021,8,9,5,3,1,5,0,1,1,0,0,0,0,0,794800,7346,5821009,597,13,33985706,52,45952013
213974,11,11,2021,7,22,4,3,5,3,2,0,1,0,0,0,0,0,804575,1476,5831042,677,13,4924535,52,5440832
213973,11,4,2021,7,14,5,2,0,6,0,0,1,0,1,0,0,0,793642,6589,5827967,82,13,3289936,52,5225211
213972,11,1,2021,8,0,4,3,0,1,2,1,0,0,0,0,0,0,794655,3333,5826066,733,13,34219295,52,50493283
213971,11,1,2021,8,17,2,3,6,7,0,1,0,1,0,0,0,0,796703,4795,5831647,904,13,37726107,52,55385214
213970,11,6,2021,7,12,6,3,0,6,0,0,1,0,1,0,0,0,795251,1361,5817502,282,13,34336773,52,42783595
213969,11,4,2021,7,15,2,3,3,6,0,0,1,0,1,0,0,0,791005,3102,5826324,579,13,28879448,52,5092035
213968,11,2,2021,8,8,2,3,5,3,0,0,1,0,0,0,1,0,800280,9176,5826091,469,13,42485067,52,50208765
213967,11,1,2021,8,20,7,3,5,2,1,1,1,0,0,0,0,0,799651,2417,5827045,792,13,41646091,52,51098784
213966,11,10,2021,7,11,2,3,5,2,0,0,1,0,0,0,0,0,811288,6004,5831560,788,13,59161992,52,54493232
213965,11,8,2021,8,18,2,3,5,2,0,1,1,0,0,0,0,0,800944,4966,5822300,867,13,43117498,52,46774579
213964,11,4,2021,8,15,6,3,5,7,0,1,1,0,0,0,0,0,792725,1,5826102,48,13,31386565,52,5062885
213963,11,12,2021,7,0,6,3,8,1,2,0,1,0,0,0,0,0,793547,4123,5836903,72,13,33549878,52,60267152
213962,11,2,2021,7,20,6,3,5,2,1,1,1,0,0,0,0,0,801765,3262,5826249,693,13,44679646,52,50268697
213961,11,6,2021,8,12,5,3,3,6,0,0,1,0,1,0,0,0,793149,187,5817665,558,13,31268257,52,43043008
213960,11,4,2021,7,17,4,2,1,1,0,0,1,0,1,0,0,0,788328,3027,5827899,799,13,25082481,52,52474754
213959,11,5,2021,8,15,5,3,2,2,0,0,1,0,0,0,1,0,784560,1971,5829789,936,13,197053,52,54367436
213958,11,12,2021,8,14,3,3,5,3,0,1,1,0,0,0,0,0,790625,4505,5835955,499,13,29164394,52,59574654
213957,11,1,2021,7,6,4,3,5,2,0,0,1,0,0,0,0,0,799246,9565,5828469,31,13,41180163,52,52396699
213956,11,3,2021,7,13,5,3,5,2,0,0,1,0,0,0,0,0,800101,7154,5833875,534,13,42924805,52,57195717
213955,11,2,2021,8,20,3,3,5,2,1,1,1,0,0,0,0,1,797958,5536,5826222,137,13,39085553,52,504532
213954,11,1,2021,8,20,2,3,3,6,0,0,1,0,0,0,0,0,799277,6377,5828512,442,13,41229157,52,52433926
213953,11,1,2021,7,8,4,2,5,2,0,1,1,0,0,0,0,0,795468,3867,5827765,588,13,35564528,52,519722
213952,11,8,2021,7,19,6,3,5,3,0,1,1,0,0,0,0,0,801107,8493,5823533,917,13,43468547,52,47870799
213951,11,5,2021,7,18,2,2,5,2,0,0,1,0,0,0,0,0,780865,8489,5828328,661,13,14148464,52,53248877
213950,11,1,2021,8,9,2,3,3,6,0,0,1,0,1,0,0,0,796900,441,5828886,852,13,37769015,52,52899512
213949,11,12,2021,8,15,7,3,0,2,0,0,1,0,1,0,0,0,787914,1391,5836258,344,13,25199,52,59990388
213948,11,12,2021,8,19,2,3,8,1,0,0,1,0,0,0,0,0,794957,4637,5839058,364,13,35818044,52,62122847
213947,11,11,2021,8,15,6,3,6,7,0,0,0,1,0,0,1,0,805986,49,5826310,68,13,50883982,52,50087775
213946,11,12,2021,7,9,6,3,2,2,0,0,1,0,0,0,0,0,790625,9,5835958,367,13,29163995,52,59577248
213945,11,7,2021,7,8,6,3,1,5,0,0,1,0,0,0,0,0,798445,7757,5816906,725,13,38968302,52,4207642
213944,11,11,2021,8,5,4,3,0,7,0,0,0,0,1,0,0,0,805519,7022,5830054,868,13,50543058,52,53470133
213943,11,12,2021,7,14,5,3,2,6,0,0,1,0,0,0,0,0,794175,3141,5835403,446,13,34341137,52,5888892
213942,11,9,2021,7,16,7,3,5,2,0,1,1,0,0,0,0,0,811456,9733,5821168,832,13,58437785,52,45171019
213941,11,8,2021,8,10,5,3,5,3,0,1,1,0,0,0,0,0,800393,8504,5823322,784,13,42401367,52,4772087
213940,11,4,2021,8,17,3,3,0,3,0,0,1,0,1,0,0,0,792256,3024,5830681,918,13,31100513,52,54759702
213939,11,5,2021,8,14,3,3,5,2,0,1,1,0,0,0,0,1,783979,1491,5830107,246,13,1887792,52,54682256
213938,11,3,2021,8,16,7,3,1,5,0,0,1,0,0,0,0,0,797995,1948,5833054,935,13,39752027,52,56575904
213937,11,4,2021,7,16,3,3,1,5,0,1,1,0,0,0,0,0,792107,7281,5827787,65,13,30627646,52,5217304
213936,11,5,2021,8,6,3,3,5,3,0,0,1,0,0,0,1,0,782816,7465,5830408,383,13,17193939,52,55012737
213935,11,8,2021,8,14,7,3,2,6,0,0,1,0,0,0,0,0,800698,2152,5822922,714,13,42812093,52,47345525
213934,11,6,2021,7,15,6,3,1,1,0,1,1,0,0,0,0,0,792080,3235,5816497,153,13,29598819,52,42052695
213933,11,1,2021,7,23,5,3,5,2,2,0,1,0,0,0,0,0,799248,351,5828469,191,13,41182226,52,52396765
213932,11,1,2021,8,21,5,3,6,2,1,0,1,1,0,0,0,0,798658,55,5828820,48,13,40347026,52,52743985
213931,11,8,2021,8,16,5,3,5,3,0,0,1,0,1,0,0,1,803032,5161,5818606,981,13,4584674,52,43348333
213930,11,1,2021,8,18,4,3,3,6,0,1,0,0,0,0,0,0,797155,7471,5827713,407,13,38039411,52,51833741
213929,11,10,2021,8,18,2,3,6,4,0,0,1,1,0,0,0,0,812605,2084,5830464,949,13,60994124,52,53435872
213928,11,9,2021,7,16,4,3,6,7,0,1,0,1,0,0,0,0,811025,9991,5821821,89,13,57866378,52,45780079
213927,11,10,2021,8,13,1,3,0,1,0,0,0,0,1,0,0,0,809586,27,5824135,781,13,55968994,52,47936193
213926,11,9,2021,7,7,6,3,5,3,0,0,1,0,0,0,1,0,809469,2927,5819066,753,13,5532749,52,43400046
213925,11,9,2021,7,22,1,3,8,1,2,0,1,0,0,0,0,0,807861,9538,5818113,761,13,52882897,52,42636652
213924,11,7,2021,8,15,6,3,1,5,0,1,1,0,0,0,0,0,795798,8778,5824312,3,13,35743397,52,48858702
213923,11,1,2021,8,20,2,3,5,2,1,1,1,0,0,0,0,1,795541,821,5828196,459,13,35710727,52,5235446
213922,11,9,2021,8,15,7,3,5,2,0,1,1,0,0,0,0,0,811395,6627,5821164,189,13,58347422,52,45170351
213921,11,2,2021,7,13,2,3,0,3,0,0,1,0,0,0,1,0,797965,4261,5824895,725,13,38976986,52,49263857
213920,11,4,2021,8,16,4,3,5,2,0,1,1,0,0,0,0,0,790797,6792,5827378,319,13,28666463,52,518761
213919,11,1,2021,7,13,4,3,5,2,0,1,1,0,0,0,0,0,799606,792,5827991,155,13,41665912,52,51948597
213918,11,11,2021,7,21,5,3,5,2,0,1,1,0,0,0,0,0,803744,3482,5829272,426,13,47862209,52,52868084
213917,11,3,2021,8,15,4,2,6,4,0,0,1,1,0,0,0,0,803672,703,5839096,993,13,48655638,52,61677441
213916,11,4,2021,8,11,3,2,2,6,0,0,1,0,1,0,0,0,792020,7834,5824050,829,13,30172099,52,48827706
213915,11,4,2021,7,12,4,3,5,3,0,0,1,0,0,0,1,0,793308,5822,5826154,555,13,3224854,52,50644579
213914,11,1,2021,7,22,6,3,5,3,2,1,1,0,0,0,0,0,797044,6328,5829327,236,13,38020296,52,53286411
213913,11,1,2021,8,14,4,3,3,6,0,1,0,0,0,0,0,0,794758,7343,5830894,641,13,34799169,52,5481557
213912,11,4,2021,7,9,3,3,3,6,0,0,1,0,0,0,0,0,790277,4871,5826014,14,13,27782962,52,50680703
213911,11,3,2021,8,7,2,3,2,6,0,1,1,0,0,0,0,0,802323,667,5829859,76,13,45826896,52,53473511
213910,11,5,2021,8,17,7,3,5,2,0,0,1,0,0,0,1,0,784663,843,5829704,516,13,19849288,52,54285474
213909,11,8,2021,7,17,3,3,5,3,0,0,1,0,0,0,0,0,801179,7485,5820596,796,13,4330902,52,45234202
213908,11,1,2021,8,10,3,3,5,2,0,1,0,0,0,0,1,0,797396,384,5829170,384,13,38523303,52,53126631
213907,11,9,2021,8,19,1,3,2,6,0,0,1,0,0,0,0,0,806402,4756,5823015,152,13,51192725,52,47111401
213906,11,1,2021,7,8,6,3,1,5,0,1,1,0,0,0,0,0,795657,6208,5830628,824,13,36097286,52,54528579
213905,11,7,2021,7,15,6,3,5,3,0,1,1,0,0,0,0,0,799319,467,5819602,931,13,40490001,52,44445534
213904,11,3,2021,8,8,4,3,2,6,0,1,1,0,0,1,0,0,797867,2739,5836017,608,13,39830074,52,59238522
213903,11,6,2021,7,8,5,3,5,2,0,1,1,0,0,0,0,0,791394,5449,5817818,159,13,28708317,52,43273553
213902,11,4,2021,8,13,5,3,5,3,0,0,1,0,0,0,0,0,793020,9868,5823393,322,13,31583151,52,48184678
213901,11,10,2021,8,12,5,3,5,2,0,1,1,0,0,0,0,0,807991,5945,5832316,71,13,54385545,52,55357476
213900,11,1,2021,8,17,3,3,5,3,0,1,1,0,0,0,0,0,795530,4836,5828225,788,13,35696671,52,52381366
213899,11,2,2021,8,12,1,3,1,5,0,0,1,0,0,0,1,0,802368,1161,5828302,797,13,45751525,52,52075518
213898,11,3,2021,7,22,4,3,1,5,2,1,1,0,0,0,0,0,799065,9578,5830190,53,13,41069053,52,53949696
213897,11,4,2021,8,19,2,3,0,2,0,0,1,0,1,0,0,0,793314,861,5826006,57,13,32243588,52,5051162
213896,11,2,2021,7,9,6,3,2,6,0,1,0,0,0,0,0,0,798250,6802,5825811,637,13,39477901,52,50069278
213895,11,2,2021,7,19,6,3,0,1,1,0,0,0,0,0,1,0,800694,8014,5827711,451,13,43239316,52,51638008
213894,11,5,2021,7,19,5,3,5,3,0,1,0,0,0,0,0,0,785148,9102,5828325,392,13,20445394,52,53023559
213893,11,10,2021,8,18,6,3,1,5,0,1,1,0,0,0,0,0,810011,235,5824747,516,13,56649619,52,48460303
213892,11,12,2021,8,13,2,3,6,7,0,0,1,1,0,0,0,0,795576,6869,5833237,808,13,36210617,52,56871678
213891,11,11,2021,8,16,6,3,0,3,0,1,1,0,0,0,0,0,803227,5961,5830239,613,13,47191028,52,53763717
213890,11,4,2021,8,17,3,3,0,2,0,1,1,0,0,0,0,0,793202,2246,5824545,857,13,3195066,52,49208158
213889,11,2,2021,7,6,5,3,5,3,0,1,1,0,0,0,0,0,802517,8379,5827266,908,13,45877336,52,51138754
213888,11,2,2021,7,14,5,3,2,6,0,0,1,0,0,0,0,0,803650,7885,5827406,436,13,47554383,52,51200863
213887,11,5,2021,8,5,4,3,2,6,1,0,1,0,0,0,0,1,782349,2269,5827040,8,13,16220147,52,52017485
213886,11,12,2021,8,11,3,3,6,7,0,0,0,1,0,0,1,0,791630,392,5838486,762,13,30866368,52,61790053
213885,11,4,2021,8,19,1,3,0,1,0,1,0,0,0,0,0,0,793404,6673,5823926,637,13,32193461,52,48642173
213884,11,11,2021,7,16,3,3,2,7,0,1,0,0,0,0,1,0,803650,6054,5830098,651,13,47799921,52,53613826
213883,11,4,2021,8,11,3,3,5,7,0,1,1,0,0,0,0,0,789908,422,5826703,83,13,273008,52,51318759
213882,11,4,2021,8,10,1,3,5,2,0,0,1,0,1,0,0,0,791992,2329,5823184,74,13,30054244,52,48052198
213881,11,8,2021,7,22,6,3,2,6,2,0,1,0,0,0,0,1,800767,5212,5822742,78,13,428976,52,47180428
213880,11,2,2021,7,18,5,3,5,3,0,0,1,0,0,0,1,0,798346,1573,5825564,155,13,39595969,52,49842224
213879,11,2,2021,8,18,6,3,1,5,0,1,1,0,0,0,0,0,802465,357,5827411,254,13,45812886,52,5127106
213878,11,4,2021,8,10,2,3,2,6,0,0,1,0,0,0,0,0,790858,5535,5824640,174,13,2851669,52,49418103
213877,11,8,2021,8,13,6,3,5,3,0,0,1,0,1,0,0,0,805345,2704,5817327,629,13,49121357,52,4207309
213876,11,4,2021,8,14,3,2,0,7,0,1,0,0,0,0,0,0,791408,797,5827478,343,13,29572275,52,51933187
213875,11,4,2021,8,19,2,3,5,3,0,0,1,0,0,0,0,1,791968,5986,5824746,139,13,30156389,52,49453833
213874,11,12,2021,7,20,4,3,1,1,0,1,0,0,0,0,1,0,791638,992,5835050,788,13,30575525,52,587094
213873,11,8,2021,8,23,1,3,1,5,2,0,1,0,0,0,0,1,801803,1797,5821111,17,13,44270149,52,45660864
213872,11,10,2021,7,12,4,2,9,1,0,0,1,0,0,0,0,0,808508,3799,5831158,717,13,55037846,52,54291039
213871,11,12,2021,7,16,2,3,5,2,0,1,1,0,0,0,0,0,787285,743,5837905,432,13,24415746,52,61500337
213870,11,3,2021,8,13,6,2,5,2,0,1,1,0,0,0,0,0,799873,238,5836930,401,13,42864826,52,59946464
213869,11,1,2021,8,14,2,3,2,6,0,1,1,0,0,0,0,0,796217,9461,5832202,364,13,37061549,52,55908657
213868,11,1,2021,8,13,7,3,1,5,0,1,1,0,0,0,0,0,795555,9475,5830712,304,13,35955218,52,54608928
213867,11,3,2021,7,19,3,2,2,6,0,0,1,0,1,0,0,0,798770,79,5830341,315,13,40648692,52,54101044
213866,11,1,2021,8,13,4,3,3,6,0,0,1,0,1,0,0,0,799554,4431,5827578,321,13,41551819,52,51581431
213865,11,4,2021,7,16,4,3,5,3,0,1,1,0,0,0,0,0,792912,1243,5824395,826,13,31511408,52,49089234
213864,11,4,2021,7,11,5,3,0,6,0,0,1,0,0,0,1,0,791663,9424,5825126,78,13,29742241,52,49811363
213863,11,4,2021,8,10,4,2,3,6,0,0,0,0,1,0,1,0,789366,3444,5822911,491,13,2617478,52,479476
213862,11,6,2021,8,16,2,3,2,3,0,1,1,0,0,0,0,0,796241,3386,5818273,471,13,3585719,52,43421386
213861,11,4,2021,7,19,5,3,5,3,0,0,1,0,0,0,1,0,790679,5539,5829741,196,13,28699463,52,54000714
213860,11,7,2021,7,9,6,3,5,2,0,0,1,0,0,0,0,0,795415,2093,5820992,572,13,3488596,52,4590357
213859,11,6,2021,8,7,4,3,1,5,0,0,1,0,1,0,0,0,793196,3177,5818204,143,13,31384857,52,43523305
213858,11,5,2021,8,0,4,2,1,5,2,0,1,0,0,0,1,0,780986,3949,5828559,604,13,14345234,52,53449741
213857,11,1,2021,8,6,2,3,5,3,0,1,0,0,0,0,1,0,797909,1064,5826571,917,13,39044218,52,50769435
213856,11,8,2021,8,11,7,3,5,7,0,0,0,0,1,0,1,0,801924,5405,5821930,548,13,44522324,52,46388586
213855,11,8,2021,7,12,3,3,2,6,0,0,1,0,0,0,1,0,800851,5796,5823834,976,13,43119506,52,48154771
213854,11,4,2021,8,18,3,3,5,2,0,1,0,0,0,0,0,0,794187,39,5823237,94,13,33281439,52,47981933
213853,11,1,2021,8,13,1,3,2,6,0,0,1,0,0,0,0,0,799097,112,5827598,914,13,40881573,52,51624994
213852,11,4,2021,7,13,7,3,5,2,0,1,1,0,0,0,0,0,792091,135,5825297,824,13,30384568,52,49941859
213851,11,6,2021,7,11,7,3,0,7,0,0,1,0,0,0,0,0,794996,1721,5817317,679,13,33946588,52,42631861
213850,11,11,2021,8,7,5,3,1,5,0,0,1,0,0,0,0,0,804205,1628,5829318,724,13,48543642,52,52883885
213849,11,1,2021,7,16,5,3,1,6,0,0,1,0,0,0,1,0,794778,8521,5830356,26,13,34780949,52,54331654
213848,11,4,2021,8,14,5,2,1,7,0,0,1,0,0,0,0,0,791262,6563,5825878,632,13,29218546,52,50506826
213847,11,8,2021,8,12,5,3,2,2,0,1,1,0,0,0,0,0,805564,8917,5817120,783,13,49424423,52,41875443
213846,11,1,2021,8,11,3,3,5,3,0,0,1,0,0,0,0,0,796438,174,5830101,742,13,37197936,52,54013692
213845,11,8,2021,8,13,1,3,5,3,0,1,1,0,0,0,0,0,803954,9449,5822026,434,13,47510543,52,46361964
213844,11,1,2021,7,12,4,3,2,3,0,0,0,0,1,0,0,0,794333,6514,5828947,538,13,340016,52,53093109
213843,11,5,2021,8,5,2,3,6,4,0,0,1,1,0,0,0,1,784035,6121,5829035,851,13,18869355,52,53718691
213842,11,5,2021,7,18,2,3,5,3,0,1,0,0,0,0,1,0,781952,6562,5830973,192,13,15970913,52,55563965
213841,11,7,2021,7,21,1,3,0,1,2,1,0,0,0,0,0,1,798737,9702,5823956,308,13,40027285,52,48379568
213840,11,9,2021,8,7,6,3,2,2,0,1,1,0,0,0,0,0,806067,3297,5823415,202,13,50737572,52,4748873
213839,11,4,2021,8,12,2,3,3,6,0,0,1,0,0,0,0,0,794037,7215,5826118,2,13,33316527,52,5057274
213838,11,10,2021,8,10,5,3,0,3,0,0,1,0,0,0,1,0,809552,3064,5827024,341,13,56187494,52,50526762
213837,11,8,2021,7,17,1,3,5,2,0,1,1,0,0,0,0,0,800176,9878,5823657,656,13,42113163,52,48032955
213836,11,1,2021,8,18,4,3,2,6,0,0,1,0,0,0,0,0,796491,937,5831909,744,13,37438395,52,55631445
213835,11,9,2021,7,10,4,2,0,3,0,1,0,0,0,0,1,1,821559,9261,5819111,681,13,73056376,52,42743056
213834,11,4,2021,7,16,5,3,3,6,0,1,0,0,0,0,1,0,789698,2176,5826433,437,13,26968374,52,51087515
213833,11,4,2021,8,14,3,3,5,2,0,0,1,0,0,0,0,0,790957,6668,5824827,808,13,28678656,52,49581035
213832,11,12,2021,7,12,3,3,5,3,0,0,1,0,1,0,0,0,791133,4903,5833990,532,13,29739661,52,57785935
213831,11,8,2021,7,9,2,3,5,3,0,0,1,0,0,0,0,0,800421,727,5819269,435,13,42077533,52,44086134
213830,11,2,2021,8,19,6,3,5,3,0,1,0,0,0,0,0,0,802686,4931,5828097,246,13,46200628,52,51873623
213829,11,5,2021,8,19,2,3,5,3,0,0,1,0,0,0,0,1,785105,774,5827527,563,13,20313565,52,52310486
213828,11,8,2021,8,18,6,2,0,3,0,1,0,0,0,0,0,0,801850,981,5823335,358,13,44541477,52,47651805
213827,11,4,2021,7,19,5,3,6,7,0,0,0,1,0,0,1,1,793920,2156,5825284,958,13,33070351,52,49832112
213826,11,8,2021,7,15,6,2,1,5,0,1,1,0,0,0,0,0,801332,9523,5821307,541,13,43597928,52,45862822
213825,11,12,2021,8,21,3,3,5,3,2,0,1,1,0,0,0,0,796641,4958,5832413,406,13,37703368,52,56074776
213824,11,9,2021,8,15,4,3,6,7,0,1,0,1,0,0,0,0,820240,6256,5819599,265,13,71169339,52,43257297
213823,11,1,2021,7,15,4,3,0,7,0,1,0,0,0,0,0,0,799678,2428,5828722,299,13,41836779,52,52600026