OBJECTID,LAND,BEZ,UJAHR,UMONAT,USTUNDE,UWOCHENTAG,UKATEGORIE,UART,UTYP1,ULICHTVERH,IstRad,IstPKW,IstFuss,IstKrad,IstGkfz,IstSonstige,USTRZUSTAND,LINREFX,LINREFY,XGCSWGS84,YGCSWGS84,,,,
213822,11,9,2021,7,10,7,3,2,6,0,0,1,0,0,0,0,0,809740,1907,5822045,41,13,56000854,52,46054129
213821,11,8,2021,8,12,5,3,5,3,0,1,1,0,0,0,0,0,801230,5256,5821683,794,13,43481586,52,46205716
213820,11,2,2021,8,13,4,2,5,3,0,1,1,0,0,0,0,0,797542,2168,5824998,87,13,38364689,52,493794
213819,11,10,2021,8,22,2,2,4,1,2,0,1,0,0,0,0,0,810218,5054,5824206,643,13,56903551,52,47963822
213818,11,4,2021,7,18,4,3,5,2,0,1,1,0,0,0,0,0,790515,2979,5826208,741,13,28149357,52,50842618
213817,11,7,2021,7,19,1,3,2,6,0,0,1,0,1,0,0,0,796897,95,5824764,424,13,37397616,52,49204325
213816,11,3,2021,8,14,6,2,5,3,0,0,1,0,1,0,0,0,800089,2842,5837540,295,13,43238455,52,60481189
213815,11,9,2021,8,17,2,3,2,6,1,0,1,0,0,0,0,1,810528,178,5820315,65,13,56996103,52,44459263
213814,11,2,2021,8,12,6,3,5,2,0,0,1,0,0,0,1,0,797323,1764,5826240,534,13,38153853,52,50504351
213813,11,10,2021,7,6,3,3,4,5,0,1,1,0,0,0,0,0,810815,959,5831042,384,13,58417487,52,54055705
213812,11,1,2021,8,8,5,3,0,1,0,1,0,0,0,0,0,0,797684,2261,5832852,215,13,39276408,52,56411205
213811,11,4,2021,7,17,5,3,2,6,0,0,1,0,0,0,0,1,792208,7892,5828619,323,13,30849256,52,52913198
213810,11,7,2021,7,11,7,3,6,4,0,0,1,1,0,0,0,0,796654,6029,5815850,49,13,3624845,52,41226974
213809,11,8,2021,8,1,4,3,1,5,2,0,1,0,0,0,0,0,800386,3716,5816767,35,13,41800929,52,4184532
213808,11,5,2021,8,13,4,2,5,3,0,0,1,0,1,0,0,0,781750,1683,5828440,382,13,1545818,52,5330341
213807,11,1,2021,7,19,5,2,0,1,0,1,0,0,0,0,0,0,794574,3345,5828704,155,13,34333819,52,52861931
213806,11,7,2021,8,8,4,3,4,6,0,1,0,0,0,0,0,0,795620,2329,5824501,44,13,35497803,52,49037573
213805,11,11,2021,8,9,4,3,5,3,0,1,1,0,0,0,0,0,805261,6503,5827711,334,13,49948684,52,5138422
213804,11,11,2021,8,14,2,3,5,2,0,1,1,0,0,0,0,0,804193,4886,5830672,751,13,48650412,52,54098093
213803,11,7,2021,8,11,7,3,3,6,0,0,1,0,1,0,0,0,798225,6896,5823979,492,13,39277204,52,48428353
213802,11,12,2021,7,11,4,3,0,3,0,0,1,0,1,0,0,0,793545,3591,5837395,444,13,33590523,52,60708639
213801,11,3,2021,8,17,3,3,5,2,0,0,0,0,1,0,0,0,800063,2766,5833885,816,13,42869187,52,57207053
213800,11,8,2021,8,21,7,3,2,2,2,0,1,0,0,0,0,1,800725,2016,5823801,521,13,42930953,52,48131745
213799,11,8,2021,7,15,6,3,5,3,0,0,1,0,0,0,0,0,802371,3847,5822703,547,13,452481,52,47056723
213798,11,6,2021,7,4,7,3,0,1,2,0,1,0,1,0,0,0,795821,3109,5819717,801,13,35368994,52,44738862
213797,11,8,2021,8,11,4,3,0,6,0,1,1,0,0,0,0,0,800442,999,5819482,205,13,42126544,52,44275731
213796,11,3,2021,7,17,6,3,0,1,0,0,0,0,1,0,0,0,801327,2499,5833164,998,13,44663133,52,56491158
213795,11,3,2021,7,0,6,3,5,2,2,1,1,0,0,0,0,0,799243,5467,5831771,416,13,41472556,52,55356963
213794,11,3,2021,8,10,5,3,1,5,0,1,1,0,0,0,1,0,800508,1141,5837965,429,13,4389366,52,60839104
213793,11,8,2021,8,16,5,3,5,7,0,0,1,0,0,0,0,0,805209,214,5817320,637,13,48921266,52,42074413
213792,11,4,2021,8,15,3,3,5,2,0,0,1,0,0,0,0,1,793341,4146,5829716,24,13,32610912,52,538357
213791,11,8,2021,8,23,1,2,5,2,2,0,1,0,0,0,0,0,803734,396,5818004,535,13,4682128,52,42769437
213790,11,3,2021,7,10,4,3,0,1,0,0,0,0,1,0,0,0,801135,5109,5833554,526,13,44416472,52,56850902
213789,11,2,2021,8,14,1,3,5,3,0,1,1,0,0,0,0,0,800465,8266,5827611,906,13,42893903,52,51561402
213788,11,10,2021,7,15,2,3,6,2,0,0,1,1,0,0,0,0,809861,8342,5831140,809,13,57025581,52,54198195
213787,11,9,2021,7,12,2,3,0,1,0,1,1,0,0,0,0,0,809268,4329,5819602,638,13,5508255,52,43891661
213786,11,2,2021,8,14,6,3,5,2,0,1,1,0,0,0,0,0,797389,4403,5826181,767,13,38245944,52,50448062
213785,11,4,2021,8,12,2,3,0,1,0,0,0,0,1,0,0,0,793994,1197,5824221,246,13,33085038,52,48874567
213784,11,10,2021,8,14,6,3,5,7,0,1,1,0,0,0,0,0,811123,1119,5828638,372,13,58645234,52,51883816
213783,11,2,2021,7,14,1,3,2,6,0,0,1,0,0,0,0,0,803653,823,5827412,532,13,47559397,52,51206158
213782,11,12,2021,8,17,4,3,0,1,0,1,1,0,0,0,0,0,794958,233,5833112,53,13,35289323,52,56792934
213781,11,7,2021,7,12,4,3,5,2,0,1,1,0,0,0,0,0,793898,6713,5822405,714,13,3278483,52,47252163
213780,11,2,2021,7,10,5,3,3,6,0,1,1,0,0,0,0,0,801367,2517,5825876,977,13,44061232,52,49956625
213779,11,2,2021,8,10,3,3,5,2,0,1,1,0,0,0,0,0,803615,3134,5825610,68,13,47338524,52,49593344
213778,11,11,2021,8,20,2,2,3,6,0,0,1,0,1,0,0,0,804631,224,5832794,487,13,4948851,52,55975236
213777,11,8,2021,7,12,3,3,5,3,0,0,1,0,0,0,0,0,801367,4181,5821958,636,13,43707284,52,46444516
213776,11,8,2021,7,8,3,3,5,3,0,1,1,0,0,0,0,0,806093,9948,5816589,358,13,50151421,52,41369586
213775,11,1,2021,8,8,2,3,1,5,0,1,1,0,0,0,0,0,797421,1114,5826919,789,13,38358407,52,51107888
213774,11,11,2021,8,12,7,2,5,3,0,0,1,0,1,0,0,0,804871,4407,5826264,843,13,49242977,52,50109623
213773,11,2,2021,8,14,2,3,5,2,0,1,0,0,0,0,1,0,797763,85,5826046,3,13,38782671,52,50306012
213772,11,1,2021,8,18,7,3,5,2,0,1,1,0,0,0,0,0,797904,744,5831002,94,13,39434811,52,54741519
213771,11,1,2021,7,15,6,3,5,3,0,0,1,0,1,0,0,0,797717,7343,5828156,265,13,38904838,52,52200058
213770,11,1,2021,7,13,6,3,2,6,0,0,1,0,0,0,0,0,794698,2018,5829992,13,34630075,52,54009695,
213769,11,2,2021,8,9,5,3,5,3,0,0,1,0,0,0,1,0,798318,9359,5824984,689,13,39504095,52,49324294
213768,11,4,2021,7,10,5,3,5,3,0,0,1,0,0,0,1,0,787588,3555,5827969,734,13,24000876,52,52576537
213767,11,1,2021,8,23,5,3,0,1,2,1,0,0,0,0,0,0,799719,9207,5828660,88,13,41892493,52,52542682
213766,11,5,2021,8,17,4,2,0,6,0,0,1,0,0,0,1,0,783905,6144,5828701,123,13,18649607,52,53425344
213765,11,3,2021,8,14,3,3,5,3,0,1,1,0,0,0,0,0,799695,6264,5829224,722,13,41907613,52,53049413
213764,11,4,2021,8,18,1,3,6,7,0,0,1,1,0,0,0,0,792574,5559,5828074,223,13,3133894,52,52404915
213763,11,2,2021,7,18,4,3,3,6,0,0,1,0,1,0,0,0,797968,1037,5824895,48,13,38980857,52,49263104
213762,11,1,2021,8,12,3,3,1,5,0,1,1,0,0,0,0,0,797114,8487,5829245,328,13,38116186,52,53209163
213761,11,7,2021,8,21,7,3,6,2,2,0,1,1,0,0,0,1,794965,962,5824893,375,13,3457043,52,4942471
213760,11,9,2021,7,14,7,3,0,3,0,0,1,0,0,0,1,0,811976,401,5819352,768,13,590296,52,43513974
213759,11,2,2021,8,12,5,3,0,3,0,0,1,0,1,0,0,0,797812,3793,5824588,546,13,38724773,52,48996858
213758,11,4,2021,7,16,6,3,5,3,0,1,1,0,0,0,0,0,791591,1519,5825066,576,13,29630048,52,4976128
213757,11,2,2021,8,19,5,3,6,7,0,1,0,1,0,0,0,0,803101,245,5827718,9,13,46775461,52,51510684
213756,11,1,2021,8,20,4,2,0,1,1,0,0,0,1,0,0,0,798819,234,5828245,443,13,405312,52,52219753
213755,11,11,2021,8,17,4,3,5,3,0,0,1,0,0,0,0,0,804670,6005,5830738,263,13,49357754,52,54130154
213754,11,4,2021,8,16,2,3,0,6,0,0,1,0,0,0,1,0,793782,4144,5826063,116,13,32936593,52,50537113
213753,11,3,2021,7,10,4,3,2,6,0,1,1,0,0,0,0,0,801614,2393,5836183,221,13,45359851,52,59180476
213752,11,2,2021,8,11,2,3,5,3,0,0,1,0,0,0,1,0,797393,2599,5826189,305,13,38252228,52,5045461
213751,11,4,2021,8,13,2,3,5,2,0,0,1,0,0,0,0,0,791469,7196,5828283,586,13,29733433,52,52651781
213750,11,3,2021,8,16,7,3,5,2,0,0,1,0,0,0,1,0,800565,9422,5831408,389,13,43384281,52,54958762
213749,11,11,2021,7,15,3,3,3,6,0,0,1,0,0,0,0,0,804350,7906,5829884,669,13,48809465,52,53382988
213748,11,7,2021,8,1,3,3,0,1,2,0,0,0,1,0,0,0,796075,4265,5822848,696,13,36019522,52,47531711
213747,11,11,2021,8,12,1,2,6,4,0,1,0,1,0,0,0,0,805214,3315,5834352,82,13,50489309,52,57338549
213746,11,12,2021,7,16,6,3,0,1,0,0,0,0,1,0,0,1,792079,6122,5834850,602,13,31207724,52,58506254
213745,11,4,2021,7,19,1,3,6,4,0,0,1,1,0,0,0,1,791272,6516,5824998,497,13,29156247,52,49717256
213744,11,3,2021,8,13,5,2,5,2,0,1,0,0,0,1,0,0,798470,157,5834860,83,13,40613227,52,58168599
213743,11,2,2021,7,11,5,3,5,3,0,1,1,0,0,0,0,0,801251,6609,5827850,98,13,44070112,52,5173234
213742,11,10,2021,7,19,6,3,6,4,0,0,1,1,0,0,0,0,813222,866,5831123,279,13,61963807,52,53990338
213741,11,6,2021,8,19,5,3,3,6,0,0,1,0,1,0,0,0,793289,1002,5817691,731,13,31476,52,43058964
213740,11,8,2021,8,15,5,2,5,3,0,0,1,0,1,0,0,1,802556,2014,5819114,577,13,45194184,52,43829664
213739,11,1,2021,8,17,3,3,5,2,0,1,1,0,0,0,0,1,795335,9489,5826147,945,13,35226349,52,50529284
213738,11,2,2021,8,14,7,3,5,3,0,0,1,0,1,0,0,0,802435,6013,5827419,305,13,45770376,52,51279907
213737,11,6,2021,7,20,5,3,3,6,1,0,1,0,1,0,0,0,795433,159,5820396,679,13,34859576,52,45368421
213736,11,3,2021,8,20,1,3,0,7,1,1,1,0,0,0,0,1,798990,5676,5831815,793,13,41104537,52,55410633
213735,11,5,2021,7,18,7,2,2,6,0,0,1,0,1,0,0,0,785317,8676,5829279,614,13,20775708,52,53870262
213734,11,8,2021,8,11,5,2,5,3,0,0,1,0,0,0,0,0,802673,7243,5820767,607,13,45516295,52,45304788
213733,11,1,2021,8,12,6,3,5,3,0,1,0,0,0,0,1,0,797150,8611,5831087,345,13,38333864,52,54858351
213732,11,5,2021,8,12,2,3,2,6,0,0,1,0,0,0,0,0,784727,238,5828635,305,13,19852011,52,53323469
213731,11,7,2021,8,12,6,3,6,2,0,0,1,1,0,0,0,0,798697,6529,5816021,247,13,39258564,52,41268946
213730,11,7,2021,7,15,1,3,5,2,0,1,1,0,0,0,0,0,794961,5179,5824328,87,13,34515132,52,48918161
213729,11,1,2021,8,17,4,3,0,1,0,1,0,0,0,0,0,0,794971,323,5827987,175,13,34853301,52,52197763
213728,11,1,2021,7,13,4,3,0,7,0,0,1,0,0,0,0,0,794876,2039,5829526,906,13,34850504,52,53583145
213727,11,8,2021,7,9,5,3,3,6,0,1,0,0,0,0,0,0,800504,242,5824471,695,13,42666657,52,48744623
213726,11,10,2021,8,14,4,3,5,2,0,0,1,0,0,0,0,0,809346,536,5834284,202,13,56560394,52,57044474
213725,11,7,2021,8,11,3,3,0,1,0,0,0,0,1,0,0,0,797326,6603,5821848,255,13,37767176,52,46566949
213724,11,9,2021,7,11,2,3,5,3,0,0,1,0,1,0,0,0,810044,494,5819412,893,13,56202984,52,43677678
213723,11,11,2021,8,11,2,3,2,6,0,0,1,0,0,1,0,0,807291,7999,5825401,491,13,52717804,52,49200125
213722,11,4,2021,8,13,7,2,0,1,0,1,0,0,0,0,0,0,793980,235,5825547,147,13,33181344,52,5006393
213721,11,12,2021,7,8,2,3,1,5,0,0,1,0,0,0,1,0,796217,7288,5832374,705,13,37076612,52,56063155
213720,11,1,2021,8,19,3,3,3,3,0,0,1,0,0,0,1,0,797506,7139,5831285,862,13,38874903,52,55016874
213719,11,3,2021,8,22,6,3,5,2,2,1,1,0,0,0,0,1,795812,466,5836444,331,13,36843071,52,59733201
213718,11,2,2021,7,17,5,2,2,6,0,0,1,0,1,0,0,1,803653,823,5827412,532,13,47559397,52,51206158
213717,11,2,2021,7,10,6,3,0,5,0,0,1,0,0,0,0,0,799570,8214,5824507,749,13,41299651,52,48828225
213716,11,1,2021,8,10,5,3,0,1,0,1,0,0,0,0,0,0,796852,2878,5828107,478,13,37628666,52,52203511
213715,11,1,2021,7,6,5,3,0,1,1,1,0,0,0,0,0,0,795331,964,5830378,769,13,35596217,52,54322089
213714,11,6,2021,8,12,5,3,6,4,0,0,1,1,0,0,0,0,792556,4171,5819602,683,13,30568687,52,44811345
213713,11,9,2021,8,17,5,3,5,7,0,0,1,0,0,0,1,0,807285,1328,5821795,389,13,52375776,52,45968648
213712,11,1,2021,8,18,3,3,0,1,0,1,0,0,0,0,0,1,797232,5877,5832076,241,13,38542571,52,55740316
213711,11,1,2021,8,18,1,3,2,6,0,0,1,0,0,0,0,0,798574,661,5830259,339,13,40352989,52,54038313
213710,11,8,2021,7,12,4,3,5,7,0,0,1,0,1,0,0,0,801308,1311,5819536,81,13,4340177,52,44277026
213709,11,10,2021,8,7,3,3,6,4,0,0,1,1,0,0,0,0,810009,8144,5832292,469,13,5735058,52,55221836
213708,11,1,2021,8,3,1,3,0,7,2,0,0,0,0,0,1,1,796204,1594,5831951,515,13,37018884,52,55684547
213707,11,5,2021,7,13,6,3,3,6,0,0,1,0,1,0,0,0,784769,1151,5827082,931,13,1978063,52,51929422
213706,11,6,2021,8,14,5,3,0,5,0,0,1,0,0,0,0,0,791483,2297,5821624,838,13,29170595,52,46681537
213705,11,4,2021,7,10,6,3,5,3,0,1,1,0,0,0,0,0,790492,367,5826123,116,13,28108192,52,50767076
213704,11,4,2021,8,7,6,3,5,2,0,1,1,0,0,0,0,0,790732,5704,5823473,786,13,28229885,52,48379139
213703,11,9,2021,8,11,2,3,2,6,0,0,1,0,1,0,0,0,807714,1472,5818297,934,13,52683145,52,42810026
213702,11,2,2021,8,16,6,2,5,3,0,1,1,0,0,0,0,0,801889,867,5828454,222,13,45062546,52,52237738
213701,11,8,2021,8,12,4,3,1,5,0,1,1,0,0,0,0,0,800569,9648,5824655,6,13,42780064,52,48905834
213700,11,6,2021,8,9,2,3,2,6,0,0,1,0,0,0,0,0,790837,1026,5817587,579,13,2787062,52,430965
213699,11,1,2021,7,15,4,3,0,5,0,1,0,0,0,0,1,0,795063,4678,5828274,87,13,35014599,52,52449955
213698,11,1,2021,8,13,2,3,5,2,0,1,1,0,0,0,0,0,796781,7288,5828830,452,13,37589498,52,52855419
213697,11,8,2021,7,21,6,2,6,2,2,0,1,1,0,0,0,0,800996,199,5822155,497,13,43180003,52,46641441
213696,11,1,2021,7,18,1,3,0,4,0,0,0,1,1,0,0,1,798233,6733,5828407,135,13,39685516,52,52396735
213695,11,2,2021,8,7,6,3,5,3,0,1,1,0,0,0,0,0,797990,6562,5825270,6,13,3904752,52,49598026
213694,11,5,2021,8,15,3,3,2,6,0,0,1,0,1,0,0,0,788780,2614,5830379,209,13,25962259,52,54673698
213693,11,3,2021,8,22,6,3,9,1,2,0,1,0,0,0,0,1,799234,99,5831772,365,13,41460059,52,55358284
213692,11,1,2021,7,16,3,3,0,7,0,1,0,0,0,0,0,0,796869,321,5828791,451,13,37714757,52,5281569
213691,11,9,2021,8,7,4,3,1,5,0,1,1,0,0,0,0,0,810864,527,5820557,859,13,57511226,52,44657238
213690,11,2,2021,7,1,5,3,5,3,2,1,1,0,0,0,0,0,798851,7004,5825115,225,13,40298195,52,49412158
213689,11,9,2021,7,17,5,3,5,3,0,1,1,0,0,0,0,0,811154,7775,5814910,859,13,57412491,52,39580075
213688,11,11,2021,8,15,4,3,5,3,0,0,1,0,0,0,0,0,805819,4464,5825881,62,13,50599985,52,4971262
213687,11,1,2021,8,16,2,3,5,2,0,1,1,0,0,0,0,0,797310,1946,5832297,141,13,38676497,52,55934089
213686,11,11,2021,7,12,4,2,5,3,0,1,0,0,0,0,0,0,805562,4584,5832831,403,13,50861343,52,55956147
213685,11,1,2021,7,8,6,3,2,6,0,0,1,0,0,0,0,0,797446,3377,5829212,236,13,38600472,52,53161421
213684,11,7,2021,8,15,4,2,5,3,0,1,0,0,0,0,0,0,793778,4188,5822836,7,13,32646261,52,47644993
213683,11,12,2021,7,10,3,3,3,6,0,0,1,0,0,0,0,0,793545,4713,5832382,843,13,33146654,52,56215169
213682,11,5,2021,8,19,2,3,0,2,0,0,1,0,1,0,0,1,784621,8895,5830949,367,13,19895406,52,55403756
213681,11,7,2021,8,16,7,2,5,3,0,0,0,0,1,0,1,0,797105,7495,5819476,86,13,3723195,52,44453234
213680,11,1,2021,7,18,3,3,5,3,0,1,1,0,0,0,0,0,798916,6627,5826698,645,13,40535725,52,50827917
213679,11,1,2021,6,14,4,3,0,5,0,0,1,0,0,0,1,0,798931,2538,5828697,284,13,40736737,52,52618612
213678,11,5,2021,5,11,2,3,5,2,0,0,1,0,0,0,0,0,782365,917,5830499,132,13,16538532,52,55117495
213677,11,4,2021,6,14,2,3,2,7,0,0,1,0,1,0,0,0,792744,6672,5826609,582,13,31460081,52,51082784
213676,11,2,2021,7,17,2,3,3,6,0,0,0,0,1,0,1,0,800401,1672,5827979,524,13,42832095,52,51894471
213675,11,3,2021,7,19,6,3,5,2,0,1,1,0,0,0,0,0,802070,7717,5832780,481,13,45721725,52,56105319
213674,11,4,2021,7,13,6,3,6,7,0,0,1,1,0,0,0,1,791318,3472,5822359,719,13,28992738,52,47349155
213673,11,2,2021,6,9,5,3,0,1,0,0,0,0,1,0,0,0,798309,5014,5825284,981,13,39517129,52,49593983
213672,11,4,2021,6,12,5,3,3,6,0,1,0,0,0,0,1,0,790268,8486,5827913,453,13,27935977,52,52384026
213671,11,10,2021,6,12,2,3,5,3,0,1,1,0,0,0,0,0,812926,4104,5830027,661,13,61424964,52,53025589
213670,11,1,2021,5,13,2,3,3,6,0,1,0,0,0,0,0,0,799455,2567,5827562,255,13,41404641,52,51572477
213669,11,2,2021,6,19,6,3,5,2,0,1,0,0,0,0,0,0,800737,969,5826529,821,13,43194689,52,5057655
213668,11,10,2021,6,16,5,3,6,4,0,0,1,1,0,0,0,0,809480,9099,5834221,106,13,56752852,52,56980266
213667,11,1,2021,7,6,6,3,5,2,0,1,1,0,0,0,0,1,793684,327,5828104,47,13,32972665,52,52372366
213666,11,4,2021,6,8,4,3,3,6,0,1,0,0,0,0,1,0,792485,9072,5823597,66,13,30815344,52,48396017
213665,11,6,2021,5,17,6,3,6,4,0,0,1,1,0,0,0,0,791004,4574,5819297,381,13,28264948,52,44620467
213664,11,8,2021,6,19,4,3,5,3,0,1,1,0,0,0,0,0,802397,976,5824036,207,13,45406675,52,48249771
213663,11,12,2021,7,0,2,3,1,5,2,1,1,0,0,0,0,0,793686,7617,5836139,43,13,33687276,52,5957473
213662,11,1,2021,5,13,3,3,2,6,0,0,1,0,0,0,0,1,793660,3233,5828117,137,13,32938506,52,52385014
213661,11,1,2021,6,12,3,3,1,7,0,0,1,0,0,0,0,0,794562,2335,5828887,68,13,34332239,52,53026554
213660,11,5,2021,7,17,2,3,4,3,0,0,1,0,0,0,0,0,786103,6,5829154,931,13,21919457,52,53717309
213659,11,5,2021,7,14,3,3,2,7,0,0,1,0,0,0,0,0,784961,232,5829428,306,13,20264048,52,54022241
213658,11,10,2021,5,21,6,3,0,1,1,0,0,0,1,0,0,1,808580,5,5830116,67,13,55046374,52,53352582
213657,11,4,2021,6,11,4,3,0,6,0,0,0,0,0,0,1,0,793052,8352,5825586,897,13,31822847,52,50149437
213656,11,1,2021,7,17,7,3,5,2,0,1,1,0,0,0,0,0,797159,5286,5827691,301,13,38042994,52,51813719
213655,11,11,2021,6,13,3,3,5,7,0,0,1,0,0,0,1,0,803670,8885,5829504,272,13,47775431,52,53079973
213654,11,4,2021,6,16,6,3,2,6,0,0,1,0,0,0,0,0,793742,6111,5823088,66,13,32615885,52,4787279
213653,11,4,2021,6,9,3,3,5,3,0,0,1,0,0,0,0,0,789878,7223,5826218,88,13,27214918,52,50885571
213652,11,5,2021,6,4,3,3,0,7,1,0,0,0,1,0,0,1,788076,2685,5829041,51,13,24810914,52,53511258
213651,11,5,2021,6,18,7,3,2,6,0,0,1,0,0,0,0,0,785279,746,5829297,226,13,20721165,52,53888049
213650,11,4,2021,6,10,6,3,5,2,0,1,1,0,0,0,0,0,793967,5361,5824934,109,13,33108894,52,49515045
213649,11,4,2021,7,15,6,2,0,1,0,0,0,0,1,0,0,0,792253,2244,5825476,936,13,30638565,52,50093745
213648,11,9,2021,6,12,7,3,5,2,0,0,1,0,0,0,0,0,808643,2493,5819165,42,13,54125377,52,43535141
213647,11,10,2021,5,15,3,1,6,4,0,0,0,1,0,0,1,0,812608,8911,5830318,532,13,60985766,52,53304456
213646,11,8,2021,6,16,4,3,0,1,0,1,0,0,0,0,0,1,800548,1945,5824804,397,13,42761517,52,49040405
213645,11,3,2021,7,15,3,3,5,2,0,0,1,0,1,0,0,0,799829,1278,5831979,991,13,42352503,52,55511712
213644,11,10,2021,7,4,4,3,1,5,1,0,1,0,0,0,0,1,811236,7152,5826738,4,13,58634428,52,50174347
213643,11,9,2021,6,14,5,3,2,6,0,0,1,0,1,0,0,0,807860,2984,5818113,778,13,52880472,52,4263676
213642,11,2,2021,5,17,2,3,5,3,0,1,1,0,0,0,0,0,798427,5585,5824793,411,13,39646482,52,49146899
213641,11,1,2021,6,10,5,3,3,7,0,1,1,0,0,0,0,0,797803,8594,5828823,214,13,39091128,52,52793191
213640,11,9,2021,6,10,5,3,5,2,0,1,0,0,0,0,1,0,806320,4984,5820907,375,13,50878991,52,45226927
213639,11,1,2021,6,16,3,3,1,5,0,1,1,0,0,0,0,0,798351,2011,5828607,352,13,39876195,52,52569773
213638,11,4,2021,6,19,1,3,3,6,0,0,1,0,1,0,0,0,792036,832,5827372,961,13,30485943,52,51805119
213637,11,12,2021,6,7,4,2,5,3,0,1,1,0,0,0,0,0,790704,18,5835380,527,13,2922957,52,59055003
213636,11,10,2021,6,17,4,3,2,6,0,0,1,0,0,0,0,0,809258,8935,5829710,117,13,56006222,52,52950312
213635,11,3,2021,6,15,2,3,6,4,0,0,1,1,0,0,0,0,800634,4926,5832185,125,13,4355541,52,55651181
213634,11,7,2021,7,9,2,3,5,2,0,1,0,0,0,0,1,1,796269,261,5822956,827,13,36313682,52,47618131
213633,11,4,2021,6,23,7,3,5,3,2,0,1,0,0,0,1,0,793528,6141,5825739,717,13,32535225,52,50260861
213632,11,1,2021,6,23,4,2,5,3,2,0,1,0,0,0,1,1,797154,4119,5831919,72,13,38413583,52,55604281
213631,11,4,2021,7,6,5,2,5,2,0,0,1,0,0,0,1,0,791286,3327,5830682,758,13,29674188,52,54812406
213630,11,1,2021,6,13,6,3,6,4,0,0,0,1,1,0,0,0,799723,45,5827459,837,13,41789463,52,51465943
213629,11,4,2021,6,14,2,3,2,2,0,0,1,0,0,0,0,0,791253,2323,5824992,311,13,29127181,52,49712746
213628,11,5,2021,5,15,2,3,1,5,0,0,1,0,0,0,0,0,783997,1288,5830089,705,13,18902864,52,54665592
213627,11,7,2021,6,15,6,2,5,2,0,1,1,0,0,0,0,0,799817,8729,5821320,554,13,41375924,52,45957812
213626,11,6,2021,6,8,6,2,5,3,0,1,1,0,0,0,0,0,787511,329,5817717,569,13,23003583,52,43388857
213625,11,5,2021,6,15,3,3,2,2,0,0,1,0,0,0,0,0,784783,1673,5828813,39,13,19949502,52,53480218
213624,11,2,2021,6,19,6,2,4,6,0,0,1,0,0,0,0,0,800283,764,5825835,612,13,42466177,52,49979274
213623,11,2,2021,6,20,2,3,5,2,0,1,1,0,0,0,0,0,801471,2191,5826031,622,13,44227926,52,50089493
213622,11,1,2021,5,0,5,2,6,4,2,0,0,1,0,0,1,1,797356,9737,5829964,422,13,38536419,52,53840541
213621,11,11,2021,6,10,4,3,5,3,0,1,1,0,0,0,0,0,806163,6857,5826005,164,13,51116894,52,49804545
213620,11,1,2021,7,20,7,3,0,2,0,1,1,0,0,0,0,0,799326,5602,5828429,861,13,41293619,52,52357219
213619,11,4,2021,5,16,2,2,9,1,0,0,0,0,1,0,0,0,790260,4268,5825468,359,13,27710326,52,50192424
213618,11,2,2021,6,20,3,3,4,6,1,1,1,0,0,0,0,1,800873,739,5825772,368,13,43326964,52,49890092
213617,11,1,2021,7,12,3,2,6,7,0,1,0,1,0,0,0,0,793675,6609,5828321,967,13,32979136,52,52567807
213616,11,2,2021,7,16,6,3,0,1,0,0,0,0,1,0,0,1,798396,7343,5824510,813,13,39575911,52,48895271
213615,11,3,2021,6,14,2,3,5,3,0,1,0,0,0,0,0,0,802549,1396,5828594,179,13,46044016,52,52326641
213614,11,1,2021,6,19,5,3,0,1,0,0,0,0,1,0,0,0,799141,175,5828465,348,13,41024148,52,5239921
213613,11,10,2021,6,15,6,3,5,3,0,1,1,0,0,0,0,0,811035,2651,5829169,654,13,58565862,52,52364928
213612,11,7,2021,6,23,5,3,0,3,2,1,1,0,0,0,0,0,796540,775,5823965,152,13,36800934,52,48507305
213611,11,7,2021,6,10,2,3,5,2,0,1,1,0,0,0,0,0,798520,4745,5816819,941,13,3907008,52,41994554
213610,11,4,2021,6,15,3,3,2,6,0,0,1,0,1,0,0,0,790617,7987,5822588,28,13,27984163,52,47591382
213609,11,12,2021,6,3,1,3,8,1,2,0,1,0,0,0,0,0,792920,8071,5832158,75,13,32207991,52,56047922
213608,11,1,2021,6,6,7,3,8,1,0,0,1,0,0,0,0,0,800354,3697,5826498,569,13,42629676,52,5056962
213607,11,2,2021,7,19,7,3,5,5,0,1,1,0,0,0,0,0,800778,7114,5825137,367,13,43130064,52,4932616
213606,11,7,2021,6,7,4,3,1,5,0,1,1,0,0,0,0,0,798339,2214,5821789,876,13,39248045,52,46459425
213605,11,7,2021,6,13,6,3,2,6,0,0,1,0,0,0,1,0,796759,2175,5824801,475,13,37197178,52,49245082
213604,11,1,2021,6,11,4,3,2,6,0,1,1,0,0,0,0,0,797246,3924,5829091,845,13,38295815,52,53064412
213603,11,2,2021,5,16,2,3,2,6,0,0,1,0,0,0,0,0,798440,5839,5826525,607,13,39820827,52,50698877
213602,11,8,2021,6,7,4,3,5,2,0,0,1,0,1,0,0,1,800623,3436,5823112,984,13,42719343,52,47520192
213601,11,10,2021,7,8,2,3,5,3,0,1,0,0,0,0,1,1,812399,9044,5824300,548,13,60113996,52,47923633