OBJECTID,LAND,BEZ,UJAHR,UMONAT,USTUNDE,UWOCHENTAG,UKATEGORIE,UART,UTYP1,ULICHTVERH,IstRad,IstPKW,IstFuss,IstKrad,IstGkfz,IstSonstige,USTRZUSTAND,LINREFX,LINREFY,XGCSWGS84,YGCSWGS84,,,,
213600,11,6,2021,7,16,4,3,1,5,0,1,1,0,0,0,0,0,792040,468,5818992,22,13,29757682,52,44291674
213599,11,1,2021,6,19,4,3,0,5,0,1,1,0,0,0,0,0,793733,892,5830080,696,13,33220149,52,54141272
213598,11,8,2021,5,17,7,3,0,5,0,0,1,0,1,0,0,0,801197,1369,5824083,926,13,43649307,52,48358862
213597,11,11,2021,6,16,5,3,0,1,0,1,0,0,0,0,0,0,805183,5979,5826239,779,13,49699121,52,50069712
213596,11,9,2021,6,7,4,3,3,6,0,0,1,0,0,1,0,0,804609,153,5822071,613,13,48474651,52,46366027
213595,11,1,2021,7,22,6,2,2,6,2,0,1,0,0,0,0,1,797925,2149,5830283,132,13,39400351,52,54095188
213594,11,6,2021,6,11,3,3,5,3,0,1,1,0,0,0,0,0,788377,465,5819115,497,13,24394729,52,44596591
213593,11,4,2021,6,21,1,3,2,6,1,0,0,0,0,0,1,0,793514,8244,5826493,34,13,32581411,52,50937193
213592,11,3,2021,6,6,3,2,1,5,0,1,1,0,0,0,0,0,799730,9682,5830115,354,13,42039875,52,53845776
213591,11,3,2021,6,0,4,3,8,1,2,0,1,0,0,0,0,0,800954,5466,5831228,635,13,43939377,52,54776192
213590,11,1,2021,6,17,2,3,5,3,0,1,1,0,0,0,0,0,798015,3,5826697,59,13,39211076,52,508763
213589,11,5,2021,6,13,1,3,2,6,0,0,1,0,0,0,0,0,787003,3065,5828154,756,13,23156849,52,52773251
213588,11,8,2021,7,23,1,3,5,3,2,0,1,0,1,0,0,0,802484,542,5823140,332,13,45453071,52,47441979
213587,11,2,2021,6,17,7,3,5,2,0,0,1,0,0,0,1,0,800287,4348,5824794,559,13,42377729,52,49045936
213586,11,6,2021,6,12,1,3,5,3,0,1,1,0,0,0,0,0,790932,6776,5818162,939,13,28060869,52,43607239
213585,11,7,2021,5,13,4,3,6,2,0,0,1,1,0,0,0,0,797260,477,5820743,711,13,37571048,52,45580459
213584,11,6,2021,6,14,4,3,2,6,0,0,1,0,0,0,0,1,795435,4757,5818360,148,13,34682901,52,43542671
213583,11,3,2021,7,18,3,3,1,5,0,1,1,0,0,0,0,0,801500,7503,5831218,926,13,44741567,52,54737289
213582,11,6,2021,7,15,5,3,0,2,0,0,0,0,0,0,1,1,794558,1501,5820095,549,13,33549066,52,45145696
213581,11,2,2021,6,8,5,3,5,3,0,1,1,0,0,0,0,0,796823,1573,5826065,56,13,37403685,52,50374279
213580,11,2,2021,5,18,1,3,5,3,0,1,1,0,0,0,0,0,801744,3314,5827421,724,13,44755048,52,51320359
213579,11,11,2021,6,18,5,3,2,6,0,0,1,0,0,0,1,0,803522,2899,5829724,803,13,47577179,52,53285904
213578,11,10,2021,6,13,5,3,5,2,0,0,1,0,1,0,0,1,809653,7464,5826357,59,13,56274473,52,49923487
213577,11,1,2021,6,10,3,3,2,6,0,0,1,0,1,0,0,0,798948,2775,5827851,575,13,40685742,52,51859623
213576,11,11,2021,6,19,6,3,1,1,0,0,1,0,0,0,0,0,804656,5181,5830747,835,13,49337931,52,54139519
213575,11,7,2021,6,20,2,3,5,3,1,1,0,0,0,0,1,0,797139,3227,5819500,231,13,3728328,52,4447236
213574,11,1,2021,5,17,5,3,5,3,0,1,1,0,0,0,0,1,794805,3351,5826009,331,13,34434572,52,50433723
213573,11,9,2021,6,16,4,2,5,2,0,1,1,0,0,0,0,0,808654,316,5819175,127,13,54142501,52,43543216
213572,11,9,2021,5,19,1,3,0,1,0,1,0,0,0,0,0,0,818439,8444,5820578,161,13,68622747,52,44239522
213571,11,7,2021,6,16,2,3,1,5,0,0,1,0,0,0,1,0,795097,3857,5825610,848,13,34828287,52,50060724
213570,11,2,2021,7,21,2,2,2,6,1,1,0,0,0,0,1,0,799881,9783,5825903,753,13,41882199,52,50062446
213569,11,4,2021,7,1,7,3,8,1,2,0,1,0,0,0,0,1,793115,959,5822994,121,13,3168624,52,47821756
213568,11,4,2021,6,10,2,3,1,5,0,1,1,0,0,0,0,0,793149,7338,5825208,982,13,31931924,52,49805446
213567,11,3,2021,6,15,6,3,6,7,0,0,1,1,0,0,0,0,802090,534,5833648,329,13,45829809,52,56882063
213566,11,4,2021,6,14,3,3,6,2,0,0,1,1,0,0,0,0,793331,9056,5823074,445,13,32011628,52,47882123
213565,11,7,2021,6,8,3,2,5,3,0,1,1,0,0,0,0,0,795425,2837,5825488,2,13,35299053,52,49933037
213564,11,6,2021,6,17,7,3,1,5,0,1,1,0,0,0,0,0,793511,1408,5818067,234,13,31834614,52,43383684
213563,11,12,2021,6,13,1,3,5,3,0,1,1,0,0,0,0,0,786051,8279,5839054,137,13,22698606,52,62595268
213562,11,1,2021,7,13,1,3,0,1,0,0,0,0,1,0,0,0,799664,4967,5827043,52,13,41665317,52,51095599
213561,11,2,2021,6,17,6,3,5,2,0,0,1,0,1,0,0,0,801367,1032,5826761,873,13,44141104,52,5074978
213560,11,9,2021,6,11,1,3,5,2,0,1,1,0,0,0,0,0,817076,5957,5812818,33,13,6588901,52,37365228
213559,11,7,2021,5,19,4,3,6,7,0,0,1,1,0,0,0,0,794695,8932,5825759,44,13,34251682,52,50215625
213558,11,2,2021,6,10,4,3,5,2,0,1,1,0,0,0,0,1,798939,8616,5826349,843,13,40538484,52,50513995
213557,11,1,2021,7,14,3,3,5,7,0,1,1,0,0,0,0,0,793446,24,5830049,231,13,32794118,52,54128576
213556,11,3,2021,7,12,4,3,2,7,0,0,1,0,0,0,0,1,801744,906,5836326,14,13,45565165,52,59301212
213555,11,10,2021,6,12,5,3,3,6,0,1,0,0,0,0,1,0,814685,929,5829820,51,13,63990633,52,52738687
213554,11,4,2021,5,21,1,3,3,6,1,0,1,0,1,0,0,0,791136,601,5829164,372,13,29320931,52,53459197
213553,11,12,2021,6,10,5,3,8,1,0,0,1,0,0,0,0,0,795547,7503,5838790,75,13,3666356,52,61850883
213552,11,9,2021,6,17,4,3,5,2,0,1,1,0,0,0,0,0,811415,728,5819575,163,13,5822876,52,43745201
213551,11,4,2021,6,8,3,3,1,5,0,1,1,0,0,0,0,0,789378,6855,5826734,32,13,26525017,52,51374225
213550,11,1,2021,6,18,7,3,2,6,0,1,0,0,0,0,0,0,799402,4937,5828048,554,13,41370882,52,52011266
213549,11,11,2021,6,17,1,3,0,5,0,1,1,0,0,0,0,0,804099,2049,5831522,143,13,48589579,52,54864629
213548,11,6,2021,6,14,3,3,0,7,0,0,0,0,1,0,1,0,793633,7659,5817661,94,13,31978879,52,43013768
213547,11,1,2021,6,17,4,2,5,3,0,1,1,0,0,0,0,0,794221,5571,5828332,188,13,33782375,52,52547538
213546,11,4,2021,6,14,2,3,2,6,0,0,1,0,0,0,0,0,792447,155,5826117,96,13,30979544,52,50658023
213545,11,9,2021,7,20,2,3,8,1,1,0,1,0,0,0,0,0,813823,4832,5821771,285,13,61965447,52,45575549
213544,11,8,2021,6,19,4,2,2,6,0,0,1,0,1,0,0,0,800833,5501,5822568,37,13,42978788,52,47020462
213543,11,1,2021,7,14,5,3,3,6,0,1,1,0,0,0,0,0,797566,1981,5831857,264,13,39013585,52,55525813
213542,11,10,2021,7,16,5,3,5,2,0,0,1,0,0,0,0,1,808498,7597,5831153,223,13,55023195,52,54286661
213541,11,6,2021,6,10,5,3,2,6,0,0,1,0,0,0,0,0,795299,9455,5819938,598,13,34623604,52,44964978
213540,11,4,2021,6,18,5,3,0,3,0,0,1,0,1,0,0,0,793381,9556,5821960,303,13,31987114,52,46880644
213539,11,5,2021,6,15,5,3,3,6,0,0,1,0,0,1,0,0,784838,301,5829568,332,13,20095283,52,54154215
213538,11,7,2021,6,17,2,3,1,5,0,1,1,0,0,0,0,0,793697,5242,5822029,544,13,32456428,52,4692576
213537,11,2,2021,5,8,2,3,5,3,0,1,1,0,0,0,0,0,802888,258,5825965,147,13,46302727,52,49951459
213536,11,1,2021,6,16,6,3,6,4,0,0,1,1,0,0,0,0,795597,52,5830977,937,13,36039301,52,54844813
213535,11,4,2021,6,19,6,3,5,2,0,1,1,0,0,0,0,0,791015,5775,5824859,684,13,28766504,52,49606524
213534,11,1,2021,6,18,3,3,5,2,0,1,0,0,1,0,0,0,799028,1701,5828938,718,13,40900881,52,52829707
213533,11,9,2021,6,19,6,3,5,2,0,1,1,0,0,0,0,0,808471,1623,5819063,128,13,538636,52,43453173
213532,11,2,2021,6,13,1,3,3,6,0,0,1,0,1,0,0,0,797541,3214,5824998,973,13,38363383,52,49379541
213531,11,3,2021,5,7,6,2,5,2,0,1,1,0,0,0,0,0,802349,5985,5838815,127,13,46682482,52,61498553
213530,11,11,2021,6,15,4,3,5,2,0,1,1,0,0,0,0,0,805731,9303,5827192,393,13,50591869,52,50892787
213529,11,11,2021,7,15,7,3,5,3,0,1,1,0,0,0,0,0,805885,1899,5824478,251,13,50567758,52,48451682
213528,11,5,2021,5,16,3,3,5,7,0,0,1,0,0,0,0,0,784347,4334,5828913,644,13,19317405,52,53592858
213527,11,12,2021,6,9,3,3,1,5,0,1,1,0,0,0,0,0,790733,3498,5835392,312,13,29273805,52,59064
213526,11,4,2021,7,14,3,3,2,2,0,0,1,0,0,0,1,0,793126,2816,5825381,926,13,31912697,52,49961743
213525,11,6,2021,7,10,7,2,5,3,0,0,1,0,1,0,0,0,795221,1494,5816182,131,13,34176307,52,41601767
213524,11,1,2021,6,13,2,3,2,2,0,0,1,0,0,0,0,0,797716,728,5832896,218,13,39328164,52,5644887
213523,11,9,2021,6,11,6,3,2,6,0,0,1,0,0,0,1,0,810652,5549,5821072,908,13,57248928,52,45130826
213522,11,7,2021,6,18,5,3,5,2,0,1,0,0,1,0,0,0,797208,3892,5823085,974,13,37703862,52,47682876
213521,11,7,2021,6,14,2,3,5,3,0,0,1,0,1,0,0,0,797765,9232,5819760,572,13,3822569,52,44671642
213520,11,6,2021,6,12,3,2,5,3,0,1,1,0,0,0,0,0,784242,7139,5815863,812,13,18051041,52,41897553
213519,11,1,2021,6,23,7,3,6,7,2,0,1,1,0,0,0,0,798519,2382,5828098,227,13,40077449,52,52104215
213518,11,1,2021,6,12,7,3,0,1,0,1,0,0,0,0,0,0,798107,5212,5827876,886,13,39452601,52,51928335
213517,11,2,2021,7,11,7,3,6,4,0,0,1,1,0,0,0,0,802006,9919,5828946,174,13,45279326,52,52672189
213516,11,3,2021,6,17,4,3,9,1,0,0,0,0,1,0,0,0,802910,881,5837579,15,13,47394637,52,60359465
213515,11,2,2021,6,23,6,3,1,5,2,1,1,0,0,0,0,0,798087,1618,5826490,629,13,39298511,52,50686844
213514,11,10,2021,5,9,4,3,5,3,0,0,1,0,0,0,0,0,811989,1927,5826852,55,13,5975008,52,50233583
213513,11,1,2021,6,14,4,3,1,5,0,1,1,0,0,0,0,1,796935,5628,5831408,683,13,38046017,52,55158132
213512,11,9,2021,7,12,2,2,1,7,0,0,1,0,0,0,0,0,806023,9627,5822295,882,13,50571254,52,46487978
213511,11,6,2021,7,19,4,3,5,3,1,0,1,0,0,0,0,0,796061,807,5819859,232,13,35734363,52,44852626
213510,11,4,2021,6,13,4,2,0,1,0,1,0,0,0,0,0,0,792304,5744,5825238,19,13,30693027,52,49876811
213509,11,11,2021,5,13,7,3,5,3,0,1,1,0,0,0,0,0,806810,1807,5824857,249,13,51960553,52,48739454
213508,11,12,2021,6,11,5,3,9,1,0,1,0,0,0,0,0,0,794246,7362,5835450,475,13,34450438,52,58927215
213507,11,9,2021,6,15,4,3,5,2,0,1,1,0,0,0,0,0,816644,8554,5817429,358,13,65692603,52,41522238
213506,11,11,2021,6,17,4,3,5,2,0,1,1,0,0,0,0,0,805028,6925,5830429,662,13,49855805,52,5383354
213505,11,12,2021,6,13,7,3,5,2,0,1,1,0,0,0,0,0,792080,1366,5832942,465,13,31040389,52,56795655
213504,11,6,2021,6,8,4,3,6,3,0,0,1,1,0,0,0,0,794767,7897,5820487,976,13,33891305,52,45486186
213503,11,1,2021,6,16,3,3,5,3,0,1,1,0,0,0,0,0,796971,373,5830138,873,13,37985141,52,54017943
213502,11,6,2021,6,8,2,3,5,3,0,0,1,0,1,0,0,0,789712,5508,5818427,581,13,26293992,52,43909267
213501,11,4,2021,6,20,1,3,1,5,0,1,1,0,0,0,0,0,793681,9095,5826206,469,13,32801588,52,50671034
213500,11,4,2021,7,12,1,3,1,5,0,0,1,0,0,0,1,0,794330,8376,5825263,844,13,33671626,52,49791055
213499,11,10,2021,6,17,1,3,5,3,0,1,1,0,0,0,0,0,809866,7994,5833923,537,13,57292606,52,56691648
213498,11,8,2021,7,20,5,2,5,3,1,1,1,0,0,0,0,0,801285,3405,5823825,85,13,43755412,52,48121991
213497,11,3,2021,7,21,4,3,6,4,1,1,0,1,0,0,0,0,800370,72,5831673,981,13,43121258,52,55207586
213496,11,11,2021,7,8,4,3,2,6,0,0,1,0,0,0,0,1,805190,5183,5833165,291,13,50345091,52,56276246
213495,11,10,2021,6,13,5,3,9,6,0,0,1,0,0,0,0,0,808496,299,5829483,192,13,54864172,52,52790169
213494,11,3,2021,6,13,5,2,5,2,0,1,0,0,0,0,1,0,799673,444,5831253,871,13,42058021,52,54869434
213493,11,1,2021,5,18,1,3,5,3,0,1,1,0,0,0,0,0,797158,6735,5826452,631,13,37931132,52,50703435
213492,11,2,2021,6,9,6,3,0,3,0,1,1,0,0,0,0,0,797101,2089,5824720,984,13,3769224,52,49154327
213491,11,6,2021,6,15,5,3,2,6,0,0,1,0,0,0,0,0,793681,1313,5820597,27,13,32306314,52,45642441
213490,11,9,2021,6,18,3,3,6,4,0,0,0,1,0,0,1,0,805855,547,5819481,74,13,50066346,52,43974635
213489,11,2,2021,6,10,6,2,3,6,0,0,1,0,1,0,0,0,797736,1056,5824024,47,13,38562376,52,48495389
213488,11,4,2021,6,15,2,3,5,3,0,0,1,0,1,0,0,0,791913,6987,5828214,923,13,30379988,52,52566472
213487,11,3,2021,5,19,5,3,5,3,0,1,1,0,0,0,0,1,801614,7901,5836179,875,13,45360357,52,59177447
213486,11,3,2021,6,17,4,3,3,6,0,1,0,0,0,0,0,0,798581,6263,5830262,945,13,40363553,52,54041164
213485,11,1,2021,5,21,1,3,0,1,1,1,0,0,0,0,0,0,798289,3275,5829368,325,13,39853537,52,53255269
213484,11,8,2021,6,11,2,3,2,6,0,0,1,0,0,0,0,0,801389,8772,5817262,127,13,4331664,52,42233641
213483,11,11,2021,7,7,2,2,5,2,0,0,1,0,1,0,0,0,807655,433,5833603,323,13,54010619,52,56530093
213482,11,2,2021,6,17,5,3,3,6,0,1,1,0,0,0,0,0,798491,247,5824759,411,13,39736962,52,4911294
213481,11,7,2021,7,17,6,3,5,3,0,0,1,0,0,0,0,0,798805,7292,5815847,476,13,39401481,52,41107282
213480,11,1,2021,7,14,6,3,2,6,0,1,1,0,0,0,0,1,797504,2745,5827546,81,13,38536581,52,51664751
213479,11,2,2021,6,7,5,3,1,5,0,0,1,0,0,0,0,0,800694,9532,5827712,415,13,43239626,52,51638864
213478,11,3,2021,6,20,2,3,3,6,0,0,1,0,1,0,0,0,799209,2779,5829255,745,13,41195586,52,53103937
213477,11,5,2021,5,13,2,3,5,2,0,1,1,0,0,0,0,0,783859,3498,5828695,659,13,18581116,52,53422854
213476,11,7,2021,6,15,6,3,6,7,0,1,0,1,0,0,0,0,799203,1635,5812420,969,13,39678094,52,38014105
213475,11,9,2021,6,13,6,2,0,7,0,1,0,0,0,0,0,0,813668,2383,5820769,669,13,61643664,52,44686905
213474,11,12,2021,7,11,6,2,5,3,0,0,1,0,1,0,0,0,792347,8706,5835049,568,13,31620097,52,58670209
213473,11,5,2021,6,5,4,3,0,7,0,0,0,0,1,0,0,0,785262,8084,5829819,612,13,20741115,52,543573
213472,11,5,2021,6,13,6,3,5,7,0,1,1,0,0,0,0,0,785711,7396,5829289,678,13,21355735,52,53858648
213471,11,2,2021,6,12,2,3,1,5,0,1,1,0,0,0,0,0,802623,227,5827855,929,13,46085422,52,51660855
213470,11,4,2021,5,5,6,3,0,2,0,0,0,0,0,0,1,0,793967,6878,5826143,512,13,33215875,52,50599205
213469,11,7,2021,6,14,4,3,0,7,0,0,1,0,1,0,0,0,797939,9452,5818020,154,13,38325844,52,43102058
213468,11,1,2021,7,11,1,3,6,7,0,0,1,1,0,0,0,0,796294,566,5828296,474,13,36825892,52,52403261
213467,11,7,2021,5,15,3,3,5,3,0,1,1,0,0,0,0,0,794823,9411,5823579,788,13,34246907,52,48254788
213466,11,1,2021,6,20,3,3,2,2,1,1,0,0,0,0,0,0,795136,996,5827076,76,13,35016375,52,51372051
213465,11,5,2021,7,15,2,3,2,6,0,0,1,0,0,0,1,0,785380,524,5830642,59,13,20984904,52,55088529
213464,11,3,2021,7,7,3,3,5,3,0,1,1,0,0,0,0,0,803485,5723,5838540,317,13,48329949,52,6118894
213463,11,1,2021,7,17,7,3,2,6,0,1,1,0,0,0,0,0,799124,8789,5828465,585,13,41000453,52,52400309
213462,11,1,2021,6,15,3,2,5,3,0,1,1,0,0,0,0,0,797897,1001,5826570,37,13,39026412,52,50768405
213461,11,6,2021,6,8,6,2,5,2,0,1,1,0,0,0,0,0,781105,7205,5812640,3,13,13179774,52,39168848
213460,11,6,2021,6,11,4,2,0,5,0,1,1,0,0,0,0,0,795392,7249,5820057,343,13,34770231,52,45066413
213459,11,1,2021,7,0,6,3,5,2,2,0,1,0,0,0,0,1,797356,4809,5831199,2,13,38646211,52,54947218
213458,11,4,2021,7,15,6,3,2,6,0,0,1,0,0,0,0,0,791214,6214,5829143,609,13,29433812,52,53436415
213457,11,1,2021,6,12,5,3,0,5,0,1,1,0,0,0,0,0,798628,3236,5828830,764,13,40303526,52,52754859
213456,11,4,2021,6,2,5,2,9,1,2,0,0,0,1,0,0,0,792428,5844,5824110,18,13,30776176,52,48858939
213455,11,2,2021,6,17,2,3,1,5,0,1,1,0,0,0,0,0,800606,2012,5827130,678,13,43056676,52,51122329
213454,11,1,2021,5,13,2,3,2,7,0,0,1,0,1,0,0,0,794549,3136,5828933,183,13,34317334,52,53068591
213453,11,8,2021,6,17,6,3,5,3,0,0,1,0,0,0,0,0,805267,1383,5817251,942,13,48999914,52,42009612
213452,11,7,2021,6,16,6,2,0,2,0,0,1,0,1,0,0,0,797356,965,5822008,998,13,37825977,52,4670939
213451,11,3,2021,6,7,4,3,5,3,0,1,1,0,0,0,0,0,800509,1509,5829712,318,13,43147359,52,5344167
213450,11,10,2021,5,7,6,3,5,3,0,1,1,0,0,0,0,0,810356,852,5827951,529,13,57454373,52,51312005
213449,11,1,2021,6,18,4,3,5,2,0,1,1,0,0,0,0,0,799607,8496,5827989,668,13,41667332,52,51947206
213448,11,5,2021,7,13,1,3,2,6,0,0,1,0,0,0,0,0,785418,635,5830400,616,13,21019364,52,54870089
213447,11,5,2021,5,19,3,2,5,2,0,0,1,0,0,0,0,0,783793,9409,5826303,25,13,18280761,52,51280983
213446,11,4,2021,6,12,3,3,1,5,0,1,0,0,0,0,1,0,793047,4241,5822299,206,13,31525824,52,47202416
213445,11,11,2021,7,14,3,3,5,3,0,1,1,0,0,0,0,0,805772,7795,5834046,32,13,5128257,52,57032917
213444,11,8,2021,7,13,6,3,5,3,0,0,1,0,0,0,0,1,802048,7696,5822746,56,13,44778447,52,47112672
213443,11,12,2021,6,16,2,3,5,3,0,1,1,0,0,0,0,0,790285,469,5840139,228,13,29030402,52,63343475
213442,11,11,2021,6,18,6,3,0,6,0,0,0,0,1,0,1,0,804522,4819,5833372,471,13,49381638,52,56499332
213441,11,3,2021,6,10,3,3,5,2,0,0,1,0,0,0,0,0,800104,2265,5831694,818,13,42731274,52,55240952
213440,11,5,2021,6,13,3,3,0,3,0,0,1,0,1,0,0,0,784796,5899,5828787,655,13,19967032,52,53456443
213439,11,8,2021,6,10,7,2,5,3,0,0,1,0,0,0,0,0,801661,237,5823962,764,13,4431971,52,48224644
213438,11,8,2021,6,19,7,3,0,1,0,1,0,0,0,0,1,0,801842,5642,5824433,672,13,44628555,52,48636705
213437,11,2,2021,7,10,7,3,5,3,0,1,0,0,0,0,0,0,800906,6774,5828049,569,13,43581197,52,51929385
213436,11,6,2021,6,16,6,3,5,3,0,1,1,0,0,0,0,0,792762,237,5821724,11,13,31056699,52,46702147
213435,11,6,2021,6,12,2,3,2,6,0,0,1,0,0,0,0,0,789711,4972,5818424,957,13,26292219,52,43906971
213434,11,11,2021,5,14,4,3,5,3,0,1,1,0,0,0,0,0,806015,1108,5830619,868,13,51323192,52,53948708
213433,11,4,2021,6,12,4,3,5,2,0,1,1,0,0,0,0,1,792534,705,5826113,583,13,3110799,52,50649399
213432,11,1,2021,7,6,2,3,5,2,0,0,1,0,0,1,0,0,795666,1742,5829736,196,13,36030423,52,53727956
213431,11,1,2021,7,11,4,2,6,2,0,0,1,1,0,0,0,1,797707,645,5832885,547,13,39312992,52,56439834
213430,11,2,2021,6,12,4,3,5,3,0,1,0,0,0,0,1,0,800611,6146,5827117,893,13,43063474,52,51110572
213429,11,11,2021,5,15,7,3,1,5,0,1,1,0,0,0,0,0,804760,5465,5831081,46,13,49521456,52,54432712
213428,11,8,2021,6,16,5,3,4,6,0,0,1,0,0,0,1,0,800490,29,5821803,456,13,42406092,52,46353729
213427,11,7,2021,6,8,4,3,5,3,0,1,0,0,0,0,1,0,796014,7606,5824976,449,13,36119418,52,49442354
213426,11,8,2021,6,10,3,3,5,7,0,0,1,0,0,0,1,0,800018,1937,5817056,753,13,41287115,52,42124926
213425,11,9,2021,6,15,7,3,5,2,0,1,1,0,0,0,0,0,806092,1043,5823415,922,13,50774,52,47487986
213424,11,5,2021,6,6,3,2,3,6,0,0,1,0,1,0,0,0,789527,2606,5829288,78,13,26965696,52,53655834
213423,11,10,2021,6,14,4,2,6,4,0,0,1,1,0,0,0,0,811155,3681,5830750,82,13,588903,52,53775007
213422,11,3,2021,6,13,2,3,5,3,0,1,0,0,0,0,0,0,800065,4693,5832610,364,13,42757047,52,56063715
213421,11,1,2021,6,18,1,3,5,3,0,0,1,0,0,0,0,0,797892,6009,5826671,194,13,39028855,52,50859326
213420,11,11,2021,7,1,1,2,0,1,2,1,0,0,0,0,0,0,803862,5353,5826809,165,13,47810921,52,50653756
213419,11,6,2021,6,14,7,3,1,5,0,0,1,0,0,0,0,0,789463,7293,5818435,327,13,25929636,52,43929388
213418,11,8,2021,7,17,5,3,2,6,0,0,1,0,0,0,0,1,803152,7489,5817381,97,13,45911941,52,42242904
213417,11,2,2021,7,17,5,3,3,6,0,1,0,0,0,0,0,0,797149,7765,5823997,444,13,3769905,52,48503105
213416,11,8,2021,6,10,5,3,2,6,0,0,1,0,0,0,0,0,801101,7952,5824131,865,13,4351366,52,4840709
213415,11,2,2021,6,7,2,3,0,1,0,1,0,0,0,0,1,0,800930,2089,5828517,694,13,43658125,52,52347676
213414,11,3,2021,5,18,1,2,5,2,0,0,1,0,1,0,0,0,799646,4324,5837827,91,13,42612443,52,60762676
213413,11,8,2021,6,12,6,3,1,5,0,1,1,0,0,0,0,0,800666,1062,5824338,381,13,42892616,52,48616205
213412,11,8,2021,6,17,4,3,2,6,0,1,1,0,0,0,0,0,803810,7813,5818820,413,13,47007405,52,43496462
213411,11,3,2021,6,9,3,3,6,2,0,0,1,1,0,0,0,0,804233,9505,5841124,908,13,49669624,52,63463496
213410,11,5,2021,6,20,2,3,5,3,0,0,1,0,0,0,0,0,785095,1565,5831659,59,13,20652522,52,56015303
213409,11,9,2021,6,20,2,3,5,3,0,1,0,0,0,0,0,0,815026,707,5821287,114,13,63684702,52,45072482
213408,11,1,2021,5,16,5,2,0,7,0,0,1,0,0,0,0,1,793704,8339,5832236,47,13,33368118,52,56075361
213407,11,1,2021,6,17,4,3,0,6,0,1,1,0,0,0,0,0,798691,8415,5828663,988,13,40381896,52,52601889
213406,11,8,2021,5,14,2,3,5,3,0,1,0,0,0,0,1,0,801509,6203,5823004,358,13,44010467,52,47373977
213405,11,1,2021,6,15,2,3,0,7,0,1,0,1,0,0,0,0,797821,6849,5831789,246,13,39383211,52,5545088
213404,11,4,2021,7,16,2,3,5,3,0,1,0,0,0,0,1,0,794006,7194,5826190,592,13,33277375,52,50639306
213403,11,5,2021,7,19,6,3,5,2,0,0,1,0,1,0,0,0,783241,408,5830279,425,13,17807024,52,54875064
213402,11,8,2021,7,20,6,3,1,5,0,1,1,0,0,0,0,0,801379,1772,5823737,951,13,43885295,52,48038713
213401,11,7,2021,6,10,6,3,5,2,0,0,1,0,0,0,0,0,799793,7792,5813977,341,13,40682393,52,39376926
213400,11,9,2021,6,1,5,2,0,1,2,1,0,0,0,0,0,0,807674,319,5819370,407,13,52723437,52,4377344
213399,11,6,2021,6,13,2,2,0,1,0,1,0,0,0,0,0,0,792382,422,5816558,923,13,30047192,52,4209194
213398,11,2,2021,5,8,2,3,5,2,0,1,1,0,0,0,0,0,803645,5551,5827395,421,13,4754569,52,51191282
213397,11,3,2021,6,13,6,3,6,7,0,0,0,1,0,0,1,0,799855,951,5831851,349,13,42380328,52,55394929
213396,11,9,2021,6,13,6,3,5,2,0,1,1,0,0,0,0,0,808885,6676,5819338,969,13,54496879,52,43676992
213395,11,4,2021,7,7,6,3,5,2,0,1,1,0,0,0,0,1,791122,541,5823173,159,13,28776287,52,48088847
213394,11,1,2021,6,7,4,2,5,7,0,0,1,0,1,0,0,0,799316,441,5827569,3,13,41201316,52,51586411
213393,11,10,2021,6,12,6,2,6,4,0,0,0,1,0,0,1,0,806503,1616,5829455,706,13,51933205,52,5287794
213392,11,6,2021,5,19,6,3,0,7,0,1,0,1,0,0,0,0,796120,6057,5817652,688,13,35625139,52,42871435
213391,11,10,2021,6,6,5,3,5,3,0,1,1,0,0,0,0,0,809121,3125,5829722,373,13,55805194,52,52969099
213390,11,9,2021,7,3,1,2,9,1,2,0,1,0,0,0,0,0,804322,4083,5821631,48,13,48013714,52,45987137
213389,11,2,2021,5,7,3,3,5,3,0,1,0,0,0,0,0,1,800619,4752,5827307,668,13,43092164,52,51280238
213388,11,1,2021,6,15,3,3,5,3,0,0,1,0,0,0,0,0,797903,8802,5826568,723,13,39036254,52,50766857
213387,11,2,2021,7,18,2,3,5,2,0,1,0,0,0,0,1,0,801863,613,5828981,949,13,45071869,52,52712195
213386,11,1,2021,7,10,3,3,1,5,0,0,1,0,0,0,0,0,793537,5826,5828226,124,13,32767732,52,52489325
213385,11,5,2021,5,6,6,3,6,4,0,0,1,1,0,0,0,1,784404,8984,5828664,885,13,19380612,52,53366821
213384,11,7,2021,6,14,4,3,2,6,0,1,1,0,0,0,0,0,794992,879,5823538,837,13,34490174,52,48208997
213383,11,4,2021,7,13,7,2,0,1,0,1,0,0,0,0,0,0,792075,3272,5828590,112,13,3065051,52,52894163
213382,11,4,2021,6,21,2,2,5,2,1,0,1,0,0,0,0,0,791427,5798,5829179,889,13,29750069,52,53457557
213381,11,5,2021,6,15,6,2,6,4,0,0,0,1,1,0,0,0,785151,1808,5829587,507,13,20557031,52,54155041
213380,11,10,2021,6,13,3,3,6,4,0,0,1,1,0,0,0,0,810283,4164,5833624,57,13,57877297,52,56399546