OBJECTID,LAND,BEZ,UJAHR,UMONAT,USTUNDE,UWOCHENTAG,UKATEGORIE,UART,UTYP1,ULICHTVERH,IstRad,IstPKW,IstFuss,IstKrad,IstGkfz,IstSonstige,USTRZUSTAND,LINREFX,LINREFY,XGCSWGS84,YGCSWGS84,,,,
213158,11,2,2021,6,13,2,3,6,4,0,0,1,1,0,0,0,0,796771,18,5826035,917,13,37324497,52,50350994
213157,11,12,2021,6,17,1,3,5,3,0,1,1,0,0,0,0,0,792172,9695,5838105,464,13,31632361,52,61419074
213156,11,1,2021,7,11,1,2,2,6,0,0,1,0,1,0,0,0,799513,1467,5828167,358,13,41544175,52,52111679
213155,11,12,2021,6,20,7,3,6,4,0,1,0,1,0,0,0,0,792553,1711,5833286,925,13,31766705,52,57079047
213154,11,4,2021,7,14,5,3,5,3,0,1,1,0,0,0,0,1,791570,6423,5827494,198,13,2981257,52,51938711
213153,11,4,2021,7,9,4,3,3,6,0,1,0,0,0,1,0,0,793483,6745,5824497,152,13,32359725,52,4914937
213152,11,2,2021,7,20,5,3,1,5,0,1,1,0,0,0,0,0,801141,509,5826588,116,13,43793327,52,5060652
213151,11,10,2021,6,7,5,3,5,3,0,0,1,0,0,0,0,0,807185,9918,5832502,4,13,5321828,52,55569635
213150,11,4,2021,6,15,4,3,2,2,0,0,1,0,0,0,0,0,794473,3186,5825841,627,13,33931995,52,50301316
213149,11,7,2021,6,14,6,2,5,7,0,1,1,0,0,0,0,0,797541,9775,5820777,546,13,37987751,52,45595448
213148,11,4,2021,6,8,2,3,1,5,0,0,1,0,0,0,0,0,790742,2435,5823027,91,13,28205204,52,47978892
213147,11,7,2021,6,12,4,3,5,2,0,1,1,0,0,0,0,0,795251,332,5824247,462,13,34933147,52,48830236
213146,11,7,2021,5,13,3,3,2,6,0,0,1,0,1,0,0,0,794943,606,5824353,945,13,34490316,52,48942338
213145,11,4,2021,6,20,3,3,2,6,0,0,1,0,1,0,0,1,793959,2304,5825920,933,13,33183798,52,5040013
213144,11,8,2021,7,17,2,3,2,6,0,0,1,0,0,0,0,0,802907,3827,5821888,915,13,45960827,52,46296876
213143,11,1,2021,7,9,4,3,3,6,0,0,1,0,0,1,0,1,794824,2366,5827341,972,13,34580385,52,51627322
213142,11,9,2021,6,19,4,3,2,6,0,0,1,0,0,0,0,0,806822,9351,5821995,314,13,51716017,52,46173795
213141,11,4,2021,5,9,7,3,0,6,0,0,1,0,0,0,1,0,791518,7633,5825076,706,13,29524603,52,49774229
213140,11,1,2021,6,13,5,3,5,2,0,1,1,0,0,0,0,0,796678,345,5827953,818,13,37358884,52,52075254
213139,11,7,2021,6,9,4,3,5,2,0,1,1,0,0,0,0,0,798635,4027,5814459,746,13,39028065,52,39872624
213138,11,3,2021,6,7,3,3,5,3,0,0,1,0,0,0,0,0,797872,6934,5836024,572,13,39838677,52,59244467
213137,11,1,2021,6,12,5,3,5,3,0,0,1,0,1,0,0,0,793771,5498,5831863,27,13,33433218,52,55737212
213136,11,9,2021,6,20,7,2,1,1,1,0,1,0,0,0,1,0,804080,2193,5821645,975,13,47659713,52,46013996
213135,11,8,2021,6,16,3,3,5,3,0,0,1,0,0,0,0,0,805276,136,5817241,199,13,49011944,52,41999488
213134,11,7,2021,6,12,4,2,5,2,0,1,1,0,0,0,0,0,794944,6464,5824304,957,13,34488309,52,48898337
213133,11,1,2021,6,17,2,2,5,2,0,1,1,0,0,0,0,0,794570,1888,5828435,23,13,34303901,52,52621082
213132,11,4,2021,6,14,7,3,0,7,0,0,0,0,1,0,0,0,788182,8467,5827833,689,13,24862947,52,52423174
213131,11,8,2021,7,12,7,2,2,6,0,0,1,0,1,0,0,0,799457,3768,5817752,112,13,40527125,52,42778942
213130,11,8,2021,6,16,1,3,1,5,0,0,1,0,0,1,0,0,801542,4845,5819191,776,13,43714387,52,43954844
213129,11,4,2021,5,16,3,3,3,6,0,0,1,0,0,0,0,1,793033,7656,5825373,375,13,31776045,52,49959046
213128,11,2,2021,7,15,5,3,0,7,0,1,0,0,0,0,0,1,801629,2216,5825913,301,13,44449271,52,49974709
213127,11,4,2021,7,21,4,3,1,3,1,1,1,0,0,0,1,0,788528,5762,5826920,488,13,25291912,52,51586169
213126,11,3,2021,7,19,4,3,5,2,0,1,0,0,1,0,0,0,802407,176,5832560,264,13,46196405,52,5588927
213125,11,3,2021,6,22,2,2,0,1,2,1,0,0,0,0,0,0,799278,3828,5830562,45,13,41414798,52,54271038
213124,11,3,2021,6,8,5,3,3,6,0,1,1,0,0,0,0,0,798818,3569,5831512,425,13,40823985,52,55148161
213123,11,9,2021,5,16,2,3,8,1,0,0,0,0,1,0,0,0,814204,55,5820811,873,13,62434165,52,44693932
213122,11,7,2021,6,14,5,3,1,5,0,1,1,0,0,0,0,0,794679,6767,5824257,173,13,34094969,52,48869811
213121,11,12,2021,6,13,5,2,1,1,0,0,1,0,0,0,0,0,786454,5803,5834535,865,13,22900917,52,58523184
213120,11,5,2021,6,8,3,3,2,6,0,0,1,0,1,0,0,0,789395,9704,5828710,288,13,26722356,52,53144807
213119,11,8,2021,6,17,2,3,2,6,0,1,0,0,0,0,1,0,802555,1652,5823099,937,13,45553784,52,47401834
213118,11,1,2021,6,17,2,3,2,2,0,1,1,0,0,0,0,0,795022,7547,5828270,85,13,34954409,52,52448571
213117,11,9,2021,5,21,5,2,5,2,1,0,1,0,0,0,0,0,804394,207,5821741,947,13,48129175,52,46082534
213116,11,1,2021,6,17,4,3,3,6,0,1,0,0,0,0,0,0,794914,7092,5827829,554,13,34756552,52,52059513
213115,11,7,2021,5,15,1,3,1,5,0,0,1,0,0,1,0,0,796904,5651,5821098,886,13,37081012,52,45918162
213114,11,9,2021,6,17,3,3,6,4,0,1,0,1,0,0,0,0,811603,281,5821152,13,13,58650459,52,45147729
213113,11,12,2021,7,23,2,2,5,2,2,0,1,0,0,0,0,0,792900,675,5832166,526,13,32179065,52,56055976
213112,11,12,2021,7,16,6,3,2,6,0,0,1,0,0,0,0,0,792339,9021,5833900,233,13,31506992,52,5764031
213111,11,1,2021,7,19,6,3,3,6,0,0,1,0,0,0,0,1,797112,9147,5831922,549,13,38352807,52,55609081
213110,11,1,2021,6,19,5,3,1,5,0,1,1,0,0,0,0,0,794488,688,5831198,996,13,3442906,52,55103007
213109,11,9,2021,6,21,5,3,5,3,1,1,1,0,0,0,0,0,808196,5907,5817059,473,13,53276384,52,41672944
213108,11,1,2021,6,18,2,3,2,6,0,0,1,0,1,0,0,0,794159,9125,5830312,255,13,33867022,52,54325868
213107,11,7,2021,5,14,2,3,0,7,0,0,1,0,1,0,0,0,798893,9009,5821146,27,13,40004461,52,45852201
213106,11,2,2021,6,19,6,3,5,3,0,1,1,0,0,0,0,0,802351,98,5827086,415,13,45617287,52,50986175
213105,11,1,2021,6,15,6,3,1,5,0,1,0,0,0,0,1,0,797909,1461,5830816,625,13,39424572,52,54574272
213104,11,5,2021,6,7,4,3,5,3,0,0,1,0,0,0,0,0,783882,3678,5828698,377,13,18615192,52,53424093
213103,11,4,2021,6,14,6,3,2,6,0,0,1,0,0,0,0,0,791533,1873,5821987,906,13,29275651,52,47004362
213102,11,6,2021,5,8,6,3,5,3,0,1,1,0,0,0,0,1,794643,1091,5821072,644,13,33759947,52,46017032
213101,11,12,2021,6,13,4,3,2,6,0,0,1,0,0,0,0,0,795228,7458,5833266,532,13,35701299,52,56916308
213100,11,3,2021,7,13,1,3,5,2,0,1,1,0,0,0,0,0,799186,2605,5831223,831,13,41338974,52,54869286
213099,11,11,2021,5,18,3,3,3,6,0,0,1,0,1,0,0,1,807320,7912,5824933,479,13,52717211,52,48779055
213098,11,2,2021,6,8,3,3,5,3,0,0,1,0,0,0,0,0,798296,7402,5824810,952,13,39455945,52,49169773
213097,11,9,2021,7,8,2,2,2,6,0,0,1,0,0,0,0,1,805919,8503,5821832,456,13,50376005,52,46078464
213096,11,12,2021,7,10,3,3,6,4,0,0,1,1,0,0,0,0,790892,2746,5836114,45,13,29571134,52,5970252
213095,11,1,2021,7,16,7,2,2,6,0,1,1,0,0,0,0,0,798100,2854,5830880,524,13,39711341,52,54621093
213094,11,5,2021,6,14,2,3,5,3,0,0,1,0,0,0,0,0,784054,522,5832424,8,13,19186369,52,56755635
213093,11,7,2021,6,12,6,3,5,2,0,1,1,0,0,0,0,0,794988,2926,5822318,931,13,34376695,52,47115633
213092,11,10,2021,6,18,3,3,5,3,0,0,1,0,0,0,0,0,812422,694,5829360,839,13,6062217,52,52456934
213091,11,12,2021,6,11,3,3,5,2,0,0,1,0,0,0,0,0,790689,5822,5835381,476,13,29208427,52,59056625
213090,11,10,2021,6,14,7,3,6,4,0,0,1,1,0,0,0,1,811315,2905,5831726,45,13,59216749,52,54640161
213089,11,4,2021,6,12,6,3,2,2,0,0,1,0,0,0,0,0,794160,2497,5827009,152,13,33575273,52,51364823
213088,11,4,2021,7,11,7,3,5,3,0,0,1,0,0,0,0,0,789830,8149,5827311,564,13,272397,52,51867727
213087,11,7,2021,6,17,6,3,5,2,0,0,1,0,1,0,0,0,795415,659,5820990,329,13,34886422,52,45901535
213086,11,12,2021,5,17,4,3,5,2,0,0,1,0,0,0,0,0,793798,151,5832738,869,13,33549867,52,56520695
213085,11,6,2021,6,16,4,3,2,6,0,0,1,0,0,0,1,1,796003,6985,5817733,679,13,35460864,52,42950364
213084,11,3,2021,7,16,3,2,5,2,0,1,1,0,0,0,0,0,801151,275,5831615,444,13,44263339,52,55112034
213083,11,6,2021,7,8,4,3,5,3,0,0,1,0,0,0,0,1,790557,5814,5820948,448,13,27752943,52,46124449
213082,11,3,2021,6,17,4,3,5,2,0,1,1,0,0,0,0,0,802889,4415,5828631,324,13,46547446,52,5234104
213081,11,3,2021,6,16,2,3,6,4,0,0,1,1,0,0,0,0,803884,6367,5839166,68,13,48974989,52,61727467
213080,11,8,2021,5,13,6,3,6,2,0,0,1,1,0,0,0,1,800375,2307,5825114,345,13,42535477,52,49327742
213079,11,3,2021,6,10,5,3,5,2,0,1,1,0,0,0,0,0,799097,5074,5829119,421,13,41019042,52,52987877
213078,11,8,2021,6,17,4,2,0,3,0,1,0,0,0,0,1,0,799814,2291,5823665,177,13,41581278,52,48059624
213077,11,1,2021,6,9,4,3,6,4,0,0,1,1,0,0,0,0,800064,2572,5826408,192,13,42195378,52,50504575
213076,11,1,2021,6,17,7,3,1,5,0,1,1,0,0,0,0,0,794111,1633,5828464,698,13,33631844,52,52672281
213075,11,12,2021,6,17,3,3,2,6,0,0,1,0,0,0,0,0,794079,371,5835358,311,13,34195916,52,58853648
213074,11,1,2021,6,16,4,3,1,5,0,1,1,0,0,0,0,0,796658,7148,5830467,135,13,37554795,52,54329224
213073,11,11,2021,6,17,2,3,6,4,0,1,0,1,0,0,0,0,804917,8507,5831374,156,13,49779572,52,54686237
213072,11,4,2021,6,3,1,2,0,1,2,1,0,0,0,0,0,0,790697,193,5825012,485,13,28311918,52,49760488
213071,11,4,2021,7,9,1,3,5,2,0,0,1,0,0,0,0,0,794007,2653,5824069,55,13,3309096,52,4873787
213070,11,8,2021,6,13,7,3,3,6,0,1,0,0,0,0,0,0,802572,5296,5823098,616,13,45579152,52,47399688
213069,11,1,2021,7,9,5,3,5,3,0,1,1,0,0,0,0,1,796975,1098,5826858,78,13,37697703,52,51077499
213068,11,4,2021,7,17,5,3,5,3,0,0,1,0,1,0,0,1,793098,9487,5825138,777,13,31851149,52,49745237
213067,11,3,2021,6,13,5,3,5,3,0,1,0,0,0,1,0,0,803206,524,5838017,34,13,47870447,52,60735544
213066,11,6,2021,6,7,5,3,6,2,0,0,1,1,0,0,0,0,795062,3623,5819627,923,13,34247577,52,44699303
213065,11,11,2021,5,19,1,3,1,5,0,1,1,0,0,0,0,0,804751,4625,5825973,581,13,49040122,52,49855279
213064,11,4,2021,6,13,6,3,5,3,0,0,1,0,0,0,0,0,791753,3942,5826431,149,13,29987935,52,5097593
213063,11,9,2021,6,12,5,3,5,3,0,1,0,0,0,0,0,0,811052,9469,5820289,282,13,57763263,52,44405808
213062,11,12,2021,6,10,3,3,2,6,0,0,1,0,1,0,0,0,786193,182,5839017,889,13,22903487,52,62555333
213061,11,3,2021,6,8,2,3,1,5,0,1,1,0,0,0,0,0,800418,6451,5830809,537,13,43113532,52,54430124
213060,11,7,2021,5,15,5,3,5,3,0,0,1,0,0,0,1,1,799075,7331,5821704,927,13,40321333,52,46343017
213059,11,5,2021,6,18,4,3,1,1,0,0,1,0,1,0,0,0,785936,1765,5830336,36,13,2177585,52,54785307
213058,11,1,2021,5,16,2,3,5,3,0,1,0,0,1,0,0,0,794884,3088,5827786,348,13,34708046,52,52022426
213057,11,7,2021,6,22,2,3,1,7,2,0,1,0,0,0,0,0,794971,3457,5825319,297,13,34617324,52,49806183
213056,11,2,2021,7,20,2,2,6,4,0,0,1,1,0,0,0,0,802037,9221,5826154,11,13,45071356,52,50167943
213055,11,9,2021,7,6,6,3,6,4,0,0,0,1,0,0,1,1,810902,375,5820324,3,13,57545698,52,44445752
213054,11,10,2021,7,22,6,3,5,2,2,0,1,0,0,0,0,1,807673,9717,5830165,939,13,53719405,52,53448497
213053,11,10,2021,6,9,6,2,0,7,0,0,1,0,0,0,1,0,812744,7526,5830926,223,13,6124259,52,53841215
213052,11,4,2021,6,17,5,3,6,4,0,0,1,1,0,0,0,0,793319,633,5826693,569,13,32312275,52,51127188
213051,11,3,2021,6,14,2,3,6,4,0,1,0,1,0,0,0,0,802223,95,5831555,852,13,45834253,52,54999247
213050,11,5,2021,5,18,2,3,0,2,0,0,1,0,0,0,1,0,784833,4591,5829015,591,13,20040778,52,53658882
213049,11,6,2021,6,12,6,3,1,5,0,0,1,0,0,0,1,0,794168,137,5820501,707,13,33012399,52,45530807
213048,11,2,2021,6,15,6,3,2,6,0,0,1,0,0,0,0,0,802115,7183,5827735,367,13,45329133,52,51580921
213047,11,3,2021,7,19,6,3,5,3,0,1,1,0,0,0,0,0,800116,3336,5831764,218,13,42755351,52,5530249
213046,11,7,2021,6,8,4,3,5,2,0,0,1,0,0,0,0,0,799790,8225,5813977,59,13,40678035,52,39376836
213045,11,1,2021,6,14,6,3,5,3,0,0,1,0,1,0,0,0,795778,9563,5831021,471,13,36310662,52,54873964
213044,11,6,2021,5,14,1,2,5,3,0,1,1,0,0,0,0,0,791772,4937,5819267,85,13,2938923,52,4455306
213043,11,7,2021,6,8,6,3,6,4,0,0,1,1,0,0,0,0,798415,4418,5819665,683,13,39170073,52,44551173
213042,11,12,2021,6,18,5,3,6,4,0,0,1,1,0,0,0,1,790040,8903,5833682,728,13,28104859,52,57568335
213041,11,1,2021,6,9,3,3,5,2,0,0,1,0,0,0,0,0,796796,261,5829974,663,13,3771303,52,53880287
213040,11,8,2021,6,17,2,3,0,1,0,1,0,0,0,0,0,0,801314,397,5820411,147,13,43489293,52,45060398
213039,11,6,2021,6,19,2,3,1,5,0,1,1,0,0,0,0,0,795301,3773,5818050,705,13,34458881,52,43272515
213038,11,1,2021,5,18,5,3,0,1,0,0,0,0,1,0,0,1,795990,315,5828358,92,13,36384235,52,52475021
213037,11,5,2021,6,15,4,3,5,2,0,1,1,0,0,0,0,0,786160,1554,5829142,33,13,22002376,52,53702745
213036,11,11,2021,5,18,1,2,2,6,0,0,1,1,1,0,0,1,805139,9634,5834436,315,13,50387663,52,5741821
213035,11,11,2021,6,16,2,3,2,6,0,0,1,0,0,0,1,0,803522,1385,5828621,695,13,47476259,52,52297228
213034,11,7,2021,7,11,2,2,5,3,0,0,1,0,0,0,0,1,798376,9328,5818418,132,13,39002203,52,43434986
213033,11,10,2021,7,8,6,3,5,3,0,0,1,0,0,0,0,0,811784,1279,5828726,825,13,59624564,52,51925332
213032,11,1,2021,7,8,6,3,5,2,0,1,1,0,0,0,0,1,797336,7754,5832357,128,13,38720966,52,55986408
213031,11,1,2021,6,18,5,3,0,1,0,1,0,0,0,0,0,0,793343,705,5830146,811,13,32652295,52,54221562
213030,11,12,2021,6,10,2,3,2,6,0,0,1,0,0,0,0,0,793153,9396,5836803,227,13,32961709,52,60198878
213029,11,5,2021,5,14,2,3,5,3,0,1,0,0,1,0,0,0,784841,8629,5830345,947,13,2016721,52,54851234
213028,11,10,2021,6,19,6,3,0,1,0,0,0,0,0,0,1,0,812381,2806,5830464,702,13,60665038,52,53448488
213027,11,12,2021,6,13,6,3,5,7,0,0,1,0,1,0,0,0,790542,4269,5837224,853,13,29153573,52,60717042
213026,11,9,2021,7,19,6,3,2,7,0,0,1,0,0,0,0,0,805241,991,5821798,849,13,49378322,52,46086246
213025,11,6,2021,6,18,3,3,1,6,0,1,1,0,0,0,1,0,786058,6451,5817847,884,13,20883736,52,43581864
213024,11,6,2021,6,7,6,3,2,6,0,0,1,0,0,0,0,1,790605,7268,5815210,514,13,27324795,52,40977689
213023,11,1,2021,5,13,6,3,0,5,0,1,1,0,0,0,0,0,793504,4939,5828516,808,13,32744758,52,5275169
213022,11,4,2021,6,12,4,3,2,6,0,0,1,0,0,0,0,0,792720,4146,5825927,384,13,31364456,52,50472516
213021,11,8,2021,7,10,1,3,0,1,0,0,0,0,1,0,0,0,804761,5148,5817842,267,13,48312469,52,42566887
213020,11,8,2021,5,6,3,3,5,3,0,0,1,0,0,0,1,1,801915,5,5816767,86,13,44041937,52,41760973
213019,11,1,2021,6,13,3,3,5,3,0,0,1,0,0,0,1,0,798164,6308,5827653,54,13,39516458,52,51724576
213018,11,10,2021,7,16,2,3,6,4,0,0,1,1,0,0,0,0,809709,2937,5826232,177,13,56344378,52,49807944
213017,11,4,2021,7,15,3,3,5,2,0,1,1,0,0,0,0,0,792748,4388,5827036,13,13,31503146,52,51464968
213016,11,8,2021,5,11,6,3,1,5,0,0,1,0,0,0,0,0,801240,2463,5823875,131,13,43693732,52,48169336
213015,11,2,2021,6,8,5,3,6,7,0,0,0,1,0,0,1,0,800308,9882,5824556,593,13,42387934,52,48831452
213014,11,7,2021,7,19,7,3,5,2,0,0,1,0,1,0,0,0,799791,486,5813977,81,13,40678369,52,39376843
213013,11,3,2021,6,15,2,3,2,2,0,0,0,0,1,0,0,0,799212,4265,5833859,963,13,4161513,52,57230719
213012,11,7,2021,6,16,6,2,5,2,0,1,1,0,0,0,0,0,797235,626,5820709,561,13,37532173,52,45551174
213011,11,10,2021,6,11,3,2,5,3,0,1,1,0,0,0,0,0,809586,9703,5823957,692,13,55953489,52,47776554
213010,11,8,2021,6,14,3,3,6,4,0,0,0,1,1,0,0,0,801107,1751,5823813,181,13,43492776,52,48121148
213009,11,7,2021,6,16,2,3,5,2,0,1,1,0,0,0,0,0,797336,8725,5818662,131,13,37498516,52,43710343
213008,11,3,2021,6,9,6,3,5,3,0,0,1,0,1,0,0,0,802957,6852,5837664,312,13,47472511,52,60433261
213007,11,8,2021,7,6,7,3,4,6,0,0,1,0,0,0,0,0,803827,5347,5818841,493,13,47033889,52,43514426
213006,11,4,2021,6,17,7,3,1,5,0,1,1,0,0,0,0,0,793264,6381,5822278,518,13,31842877,52,47172213
213005,11,11,2021,5,8,3,3,9,1,0,0,0,0,1,0,0,0,804769,213,5826290,663,13,49095205,52,50138474
213004,11,12,2021,6,13,4,3,2,6,0,0,1,0,0,0,0,1,791445,5022,5836596,791,13,30428095,52,60105664
213003,11,12,2021,7,8,3,3,2,6,0,1,1,0,0,0,0,0,789439,6299,5836227,366,13,27442376,52,59881627
213002,11,11,2021,7,4,4,3,5,3,1,0,1,0,1,0,0,1,804989,5706,5830169,605,13,49774434,52,53602655
213001,11,8,2021,6,23,4,3,1,5,2,1,1,0,0,0,0,0,800643,3907,5823781,112,13,42809006,52,48117957
213000,11,5,2021,6,17,2,3,5,3,0,0,1,0,1,0,0,0,781334,982,5830749,736,13,15043308,52,55395548
212999,11,11,2021,5,17,6,3,5,3,0,0,1,0,0,0,0,0,804596,2041,5829930,447,13,49174349,52,53410308
212998,11,7,2021,6,13,5,3,2,6,0,1,1,0,0,0,0,0,794538,3966,5822539,907,13,33735788,52,47338002
212997,11,9,2021,6,17,5,3,5,3,0,1,1,0,0,0,0,0,809383,4399,5818466,91,13,55146034,52,42866594
212996,11,12,2021,6,8,3,3,0,2,0,1,1,0,0,0,0,0,796676,4016,5832784,407,13,3778788,52,56405434
212995,11,8,2021,6,14,1,3,5,2,0,1,1,0,0,0,0,0,801250,4374,5822221,538,13,43559345,52,46686614
212994,11,4,2021,6,18,3,3,5,2,0,1,1,0,0,0,0,0,792949,8228,5825354,467,13,31651076,52,49946602
212993,11,6,2021,6,15,4,3,2,6,0,0,1,0,0,0,0,0,796211,5984,5819783,826,13,35947442,52,44776917
212992,11,12,2021,6,9,2,3,5,3,0,0,1,0,0,0,0,0,790129,6312,5842628,8,13,29020148,52,65583623
212991,11,3,2021,7,1,1,3,5,2,2,0,1,0,1,0,0,0,804858,8222,5841490,595,13,50623847,52,63756191
212990,11,6,2021,6,10,1,3,5,2,0,0,0,0,1,0,0,0,784858,455,5817527,803,13,19095739,52,43357514
212989,11,2,2021,7,19,5,2,3,6,1,1,0,0,0,0,0,1,801703,5573,5826155,251,13,44580365,52,50187462
212988,11,1,2021,7,13,5,3,5,2,0,1,1,0,0,0,0,0,797763,5978,5829744,365,13,39114469,52,53621086
212987,11,1,2021,6,7,5,3,2,6,0,0,1,0,1,0,0,0,796674,186,5831621,862,13,37680701,52,55363466
212986,11,1,2021,5,6,2,3,1,5,0,0,0,0,0,1,1,0,793910,3526,5830820,231,13,33545034,52,54794704
212985,11,12,2021,6,20,5,3,0,7,0,0,1,0,0,0,0,0,794903,486,5833076,411,13,35205237,52,56763535
212984,11,1,2021,6,18,6,3,3,6,0,1,1,0,1,0,0,0,797256,9974,5826908,53,13,38116246,52,51106314
212983,11,3,2021,6,11,2,3,0,3,0,0,1,0,0,0,0,0,802322,661,5829209,437,13,45767156,52,52890654
212982,11,8,2021,6,8,2,3,5,3,0,1,0,0,0,0,0,0,802763,605,5822963,283,13,45847328,52,47267801
212981,11,10,2021,5,14,5,3,5,2,0,0,1,0,0,0,0,1,808915,3507,5827229,345,13,55271056,52,50746582
212980,11,9,2021,6,17,4,3,5,2,0,0,1,0,0,0,0,0,804384,4715,5821738,559,13,48114581,52,46080039
212979,11,1,2021,5,18,2,3,1,5,0,0,0,0,1,0,1,0,795243,3976,5826043,48,13,35081122,52,50440649
212978,11,7,2021,6,7,2,3,5,2,0,0,1,0,0,0,0,0,797351,6483,5821926,578,13,37810829,52,46635798
212977,11,4,2021,7,11,2,3,9,1,0,0,0,0,0,0,1,1,787910,6465,5827807,497,13,24460577,52,52414072
212976,11,1,2021,7,21,5,3,2,6,1,0,1,0,0,0,0,0,798802,8509,5829063,528,13,40580945,52,52953936
212975,11,1,2021,6,9,6,3,5,3,0,0,1,0,0,0,0,0,796929,8362,5828125,256,13,37744215,52,52215224
212974,11,1,2021,6,15,5,3,5,2,0,0,1,0,0,0,0,0,795188,6245,5825887,483,13,3498683,52,50303773
212973,11,6,2021,6,17,2,2,5,3,0,0,1,0,0,0,1,0,792510,9529,5817481,706,13,30316357,52,42912341
212972,11,8,2021,5,9,2,3,2,6,0,1,1,0,0,0,0,0,800472,1444,5823604,288,13,42541665,52,47968887
212971,11,4,2021,6,13,6,3,5,2,0,0,1,0,0,0,0,0,790318,459,5827616,614,13,27982376,52,52115289
212970,11,8,2021,6,15,7,3,6,4,0,0,1,1,0,0,0,0,801000,9443,5823919,97,13,43346382,52,4822194
212969,11,2,2021,7,15,6,3,2,6,0,0,1,0,0,0,1,0,797786,6493,5825696,585,13,38786036,52,49991489
212968,11,8,2021,6,14,3,3,5,3,0,1,1,0,0,0,0,0,802397,2854,5824036,202,13,4540695,52,48249756
212967,11,2,2021,6,19,6,3,1,5,0,1,1,0,0,0,0,0,801173,7947,5825150,465,13,4371142,52,49316115
212966,11,1,2021,5,8,6,3,5,3,0,1,1,0,0,0,0,0,797754,8126,5827447,2,13,38895845,52,51562282
212965,11,12,2021,6,16,4,3,5,3,0,0,1,0,0,0,0,0,790214,2363,5834031,251,13,28390453,52,57871543
212964,11,5,2021,7,20,7,3,2,6,0,0,1,0,0,0,1,0,782337,6532,5827044,158,13,1620342,52,52021096
212963,11,1,2021,5,17,3,3,2,6,0,0,1,0,0,0,0,1,796732,1634,5831949,259,13,37795228,52,55653782
212962,11,5,2021,6,14,3,3,2,6,0,0,1,0,0,0,0,0,784867,5736,5831121,941,13,20271608,52,55545639
212961,11,9,2021,7,8,2,3,0,1,0,1,0,0,0,0,0,1,808407,4546,5820880,14,13,53937873,52,45085182
212960,11,3,2021,7,12,3,3,0,6,0,1,0,0,0,0,1,0,800990,7288,5831901,14,13,44053536,52,55376966
212959,11,8,2021,5,10,7,3,6,7,0,0,0,1,0,0,1,0,805559,8085,5817389,911,13,49441548,52,42116937
212958,11,11,2021,6,9,5,2,5,2,0,0,1,0,0,0,1,0,805139,8571,5826178,161,13,49629237,52,50016932
212957,11,7,2021,6,14,4,3,5,2,0,0,1,0,1,0,0,1,798352,4972,5822043,579,13,39290211,52,46686116
212956,11,4,2021,7,9,7,3,0,3,0,0,1,0,1,0,0,1,791914,1637,5826220,504,13,30205679,52,5077849
212955,11,8,2021,6,16,2,3,5,3,0,0,1,0,1,0,0,0,804749,4323,5818461,178,13,48351149,52,43122275
212954,11,3,2021,6,14,6,3,5,2,0,1,1,0,0,0,0,0,796025,6948,5835716,358,13,37092513,52,59069029
212953,11,5,2021,6,19,3,3,2,6,0,0,1,0,0,0,0,0,781396,6392,5830734,401,13,15132709,52,55378613
212952,11,4,2021,6,18,3,3,5,3,0,1,1,0,0,0,0,0,791396,2414,5829721,681,13,29751507,52,5394494
212951,11,1,2021,6,17,7,3,0,7,0,1,0,0,0,0,0,0,794723,3701,5830007,721,13,34668473,52,54022427
212950,11,8,2021,6,17,2,3,2,6,0,0,1,0,0,0,0,0,800577,9592,5820561,203,13,42422908,52,45235421
212949,11,10,2021,7,12,7,2,5,7,0,0,1,0,1,0,0,0,807735,8933,5830169,446,13,53810733,52,53448144
212948,11,7,2021,6,14,7,3,3,6,0,0,1,0,1,0,0,0,798723,2905,5814462,197,13,39157077,52,39870029
212947,11,7,2021,5,19,4,2,0,6,0,0,1,0,1,0,0,0,797336,235,5821823,394,13,37778703,52,46544155
212946,11,12,2021,6,17,4,3,1,5,1,0,1,1,0,0,1,1,795496,906,5836396,988,13,36373728,52,59707942
212945,11,8,2021,7,22,3,3,2,7,2,0,1,0,1,0,0,0,800345,7277,5824272,533,13,42416282,52,48574816
212944,11,3,2021,7,20,4,3,7,7,0,0,0,0,1,0,0,0,801967,3923,5831603,408,13,45462609,52,55056052
212943,11,1,2021,6,12,5,3,2,2,0,0,1,0,0,1,0,0,793740,8585,5829955,894,13,33219357,52,54029019
212942,11,1,2021,5,12,1,3,0,1,0,1,0,0,0,0,0,0,796939,735,5830139,655,13,37937725,52,54020404
212941,11,5,2021,6,17,5,3,3,6,0,0,1,0,0,0,1,0,783838,5434,5826424,101,13,18356638,52,51387221
212940,11,3,2021,6,17,5,3,3,6,0,0,1,0,0,0,1,0,799092,683,5833226,935,13,41381884,52,56669892
212939,11,12,2021,5,18,6,3,5,3,0,0,1,0,0,0,1,1,794583,2735,5838578,492,13,35224146,52,61712987
212938,11,1,2021,6,13,5,2,0,3,0,0,1,0,1,0,0,0,797362,5387,5832419,142,13,38764415,52,5604059
212937,11,8,2021,7,15,2,3,3,6,0,0,0,0,0,1,1,0,801482,6062,5817816,774,13,43502579,52,42725684