OBJECTID,LAND,BEZ,UJAHR,UMONAT,USTUNDE,UWOCHENTAG,UKATEGORIE,UART,UTYP1,ULICHTVERH,IstRad,IstPKW,IstFuss,IstKrad,IstGkfz,IstSonstige,USTRZUSTAND,LINREFX,LINREFY,XGCSWGS84,YGCSWGS84,,,,
212936,11,9,2021,5,8,3,3,5,2,0,0,1,0,0,0,1,0,806731,8804,5820285,528,13,51425372,52,44646539
212935,11,5,2021,6,16,3,3,6,4,0,0,1,1,0,0,0,0,788607,216,5829345,734,13,2561799,52,53756326
212934,11,12,2021,7,12,2,3,1,5,0,1,1,0,0,0,0,0,792329,9559,5833701,599,13,31474843,52,57462777
212933,11,1,2021,7,18,3,2,0,7,0,1,0,0,0,0,0,0,795210,6921,5827267,278,13,35141622,52,51539461
212932,11,1,2021,5,12,6,3,5,2,0,0,1,0,0,0,0,0,797902,24,5830301,793,13,3936793,52,54113182
212931,11,10,2021,6,12,5,3,0,6,0,0,1,0,0,0,1,0,809829,2493,5831006,59,13,5696517,52,54079767
212930,11,4,2021,7,21,7,2,5,2,2,0,1,1,0,0,0,0,790311,5873,5829190,282,13,28110295,52,53526434
212929,11,3,2021,6,10,2,2,1,5,0,1,1,0,0,0,0,0,804044,2144,5840900,772,13,49369502,52,63273243
212928,11,8,2021,6,11,6,3,5,2,0,1,1,0,0,0,0,0,801120,938,5821898,433,13,43338898,52,46404189
212927,11,1,2021,6,15,2,3,5,3,0,1,1,0,0,0,0,0,797758,7242,5829748,14,13,39107632,52,53624623
212926,11,2,2021,6,12,3,2,0,7,0,1,0,0,0,0,0,0,797736,1781,5824925,26,13,38642941,52,49302631
212925,11,8,2021,6,10,7,3,0,6,0,0,1,0,0,0,1,0,805744,2599,5816797,784,13,49657848,52,41575935
212924,11,3,2021,6,5,7,2,5,3,0,0,1,0,0,0,0,0,800324,227,5831578,151,13,43043924,52,55124267
212923,11,6,2021,7,14,6,2,5,3,0,1,0,0,0,0,1,0,796295,8063,5819669,305,13,36060828,52,44669695
212922,11,3,2021,6,17,7,3,2,6,0,0,1,0,0,0,0,0,799254,8304,5831770,134,13,41489034,52,55355194
212921,11,11,2021,5,20,4,3,0,1,0,0,0,0,0,0,1,0,804068,623,5828207,819,13,48240596,52,51895871
212920,11,5,2021,6,15,4,3,2,6,0,0,1,0,0,0,0,1,785330,6226,5830784,372,13,20923737,52,5521874
212919,11,2,2021,7,23,3,3,0,1,2,1,0,0,0,0,0,0,802499,1178,5827042,595,13,45829449,52,50938742
212918,11,11,2021,7,13,4,3,0,1,0,0,0,0,1,0,0,1,803661,8769,5828631,544,13,47682489,52,52298276
212917,11,4,2021,6,11,4,3,2,7,0,1,0,0,0,0,1,0,792766,338,5825495,647,13,31393962,52,50083013
212916,11,8,2021,5,11,6,3,1,5,0,1,1,0,0,0,0,0,801218,2271,5824278,301,13,43697835,52,48531922
212915,11,12,2021,6,16,5,3,2,6,0,0,1,0,0,0,0,0,792833,2628,5836817,206,13,32490804,52,6022869
212914,11,2,2021,6,10,5,3,0,2,0,1,0,0,0,1,0,1,798355,588,5825559,954,13,39608667,52,49837971
212913,11,4,2021,6,19,3,3,5,3,0,0,0,0,1,0,1,0,792057,7831,5822449,262,13,30086138,52,47389943
212912,11,1,2021,6,11,6,3,6,2,0,0,0,1,0,0,1,0,798489,493,5828220,178,13,40044683,52,52215155
212911,11,2,2021,6,18,7,2,8,1,0,0,1,0,0,0,0,0,797089,3246,5824712,8,13,37673987,52,49146928
212910,11,3,2021,6,13,1,3,5,3,0,0,1,0,0,0,1,0,799034,9555,5829530,263,13,40964065,52,53359567
212909,11,1,2021,6,3,4,3,3,5,2,0,1,0,0,0,1,0,794466,1357,5827714,363,13,34087142,52,51980493
212908,11,8,2021,6,17,4,2,5,5,0,0,0,0,1,0,1,0,802304,4842,5818950,349,13,44810157,52,43696382
212907,11,3,2021,6,20,2,3,0,1,0,1,0,0,0,0,0,0,799801,6951,5829555,838,13,42093371,52,53340371
212906,11,5,2021,7,12,7,3,2,6,0,0,1,0,0,0,0,0,785994,1673,5829208,38,13,21763994,52,53770637
212905,11,1,2021,6,7,7,3,5,3,0,0,1,0,0,0,0,0,799505,7464,5828828,261,13,4159282,52,52704483
212904,11,4,2021,7,10,5,3,5,3,0,0,1,0,0,0,0,1,793965,8395,5824961,74,13,33108841,52,49539907
212903,11,8,2021,7,14,5,3,2,6,0,0,1,0,1,0,0,0,803631,6423,5817907,663,13,46661825,52,42688315
212902,11,5,2021,6,18,5,2,2,6,0,1,1,0,0,0,0,0,783846,7255,5826214,579,13,1835079,52,51198933
212901,11,8,2021,5,19,2,3,0,7,0,0,1,0,1,0,0,0,802171,801,5823379,1,13,45016362,52,47673183
212900,11,9,2021,6,18,5,3,4,6,0,0,1,0,0,0,1,0,811993,9862,5814756,473,13,58627511,52,39393989
212899,11,3,2021,6,15,6,3,5,3,0,1,1,0,0,0,0,0,798981,9618,5835031,615,13,41381744,52,58293581
212898,11,1,2021,6,10,3,3,5,3,0,0,1,0,0,0,0,0,795051,36,5827187,929,13,34899989,52,51476969
212897,11,7,2021,6,18,2,3,5,2,0,1,1,0,0,0,0,0,793640,8564,5822284,239,13,32395663,52,4715713
212896,11,3,2021,5,10,5,3,5,3,0,1,1,0,0,0,0,0,800216,9414,5831589,528,13,42887497,52,55140366
212895,11,3,2021,6,9,4,3,2,6,0,0,1,0,1,0,0,0,796820,4806,5833937,193,13,38102976,52,57430915
212894,11,1,2021,7,19,7,3,5,2,0,0,1,0,1,0,0,0,799099,8099,5828463,795,13,40963452,52,52400079
212893,11,1,2021,5,18,1,3,6,4,0,0,1,1,0,0,0,0,794707,7781,5828855,681,13,34543392,52,52990551
212892,11,9,2021,6,14,3,3,5,3,0,0,1,0,0,0,0,0,807950,9215,5817687,11,13,52974055,52,42249272
212891,11,5,2021,7,7,3,3,3,6,0,1,1,0,0,0,0,0,782748,4874,5820934,95,13,16288748,52,4652126
212890,11,2,2021,7,15,5,3,5,7,0,1,0,0,0,0,1,1,799285,1421,5826135,54,13,41026413,52,50302975
212889,11,10,2021,6,14,2,3,5,2,0,1,0,0,0,1,0,0,807232,5012,5832488,846,13,53285445,52,55555187
212888,11,8,2021,6,7,6,3,6,4,0,0,1,1,0,0,0,0,805722,8197,5816779,847,13,49624783,52,41561056
212887,11,6,2021,6,21,5,2,0,6,2,0,0,0,0,0,1,0,795340,6918,5818468,48,13,34553411,52,43644516
212886,11,5,2021,6,17,2,3,6,7,0,0,0,1,0,0,1,0,782223,8866,5826573,431,13,15996257,52,51604909
212885,11,10,2021,6,18,3,2,1,5,0,0,1,0,0,0,0,0,809505,9563,5829698,487,13,56368181,52,52925869
212884,11,1,2021,6,13,6,3,1,5,0,1,1,0,0,0,0,0,799013,7468,5827060,494,13,40710852,52,51146943
212883,11,1,2021,6,22,7,3,2,6,2,0,0,0,0,0,1,0,795346,2774,5830557,454,13,3563315,52,54481489
212882,11,1,2021,7,22,6,3,5,7,2,1,1,0,0,0,0,0,797479,15,5831273,351,13,38833032,52,55007173
212881,11,8,2021,6,9,4,3,5,3,0,1,1,0,0,0,0,0,801267,5826,5824580,388,13,43797604,52,48799967
212880,11,12,2021,6,14,6,2,3,7,0,1,0,0,0,0,0,0,789430,1232,5833761,1,13,27212927,52,57671114
212879,11,7,2021,6,12,4,2,5,2,0,0,1,0,0,0,0,0,799270,5108,5816270,394,13,40120577,52,41460989
212878,11,4,2021,5,23,3,3,5,3,2,0,1,0,0,0,0,0,792153,8899,5827387,855,13,30660375,52,5181216
212877,11,2,2021,6,14,4,3,6,7,0,0,0,1,0,0,1,1,801237,2065,5827738,233,13,44038667,52,51632081
212876,11,5,2021,7,14,2,3,5,7,0,0,1,0,0,0,0,0,787943,4041,5829293,799,13,24637471,52,5374488
212875,11,8,2021,7,10,4,3,2,6,0,0,1,0,0,0,0,1,801241,3891,5819672,321,13,43316089,52,44402167
212874,11,1,2021,6,18,4,3,1,5,0,1,1,0,0,0,0,0,795356,4639,5830248,481,13,35620656,52,54203969
212873,11,7,2021,5,17,7,3,5,3,0,0,1,0,0,0,0,0,797105,7928,5820320,998,13,37307092,52,45209924
212872,11,6,2021,6,15,5,3,0,6,0,0,0,0,0,0,1,0,795323,766,5818495,619,13,3453102,52,43670146
212871,11,1,2021,6,21,4,3,5,3,0,1,1,0,0,0,0,0,796932,6182,5830175,818,13,37931467,52,54053173
212870,11,1,2021,7,10,7,3,1,5,0,1,1,0,0,0,0,1,798361,9684,5829288,75,13,39953167,52,53179965
212869,11,7,2021,6,0,4,3,6,4,2,0,0,1,1,0,0,0,797751,2331,5822532,442,13,38451364,52,47157128
212868,11,1,2021,6,23,7,3,5,2,2,1,1,0,0,0,0,0,797160,456,5827688,255,13,38043481,52,51810961
212867,11,10,2021,6,8,4,3,5,2,0,0,1,0,0,0,0,0,808073,2022,5832316,401,13,54505562,52,55353157
212866,11,6,2021,6,7,4,3,5,3,0,1,0,0,1,0,0,0,790602,9623,5816190,27,13,27405786,52,41856
212865,11,10,2021,6,7,2,3,6,4,0,0,1,1,0,0,0,0,811042,168,5830917,682,13,58739331,52,53931007
212864,11,3,2021,6,13,1,3,5,3,0,1,1,0,0,0,0,0,802100,6294,5832474,258,13,45737761,52,55829199
212863,11,3,2021,7,20,1,2,5,3,0,1,1,0,0,0,0,0,800575,825,5832886,901,13,43532693,52,56283432
212862,11,1,2021,6,23,7,3,5,3,2,0,0,0,0,0,1,0,798501,3636,5829050,362,13,4013665,52,52958651
212861,11,2,2021,5,12,3,3,1,5,0,1,1,0,0,0,0,1,799749,363,5826040,446,13,41699242,52,50192274
212860,11,8,2021,6,12,4,3,2,6,0,0,1,0,0,0,1,1,806231,9223,5816378,264,13,50334271,52,41172678
212859,11,1,2021,7,15,3,3,3,6,0,0,1,0,0,0,0,0,797348,928,5831183,668,13,38633731,52,54933885
212858,11,2,2021,7,2,5,3,5,3,2,1,1,0,0,0,0,0,799840,1062,5825700,165,13,4180237,52,49882261
212857,11,9,2021,6,15,5,3,5,3,0,0,1,0,0,0,0,0,811402,1495,5821153,51,13,58355941,52,45160411
212856,11,3,2021,5,20,1,3,0,7,0,1,1,0,0,0,0,0,798505,6135,5831510,254,13,40363906,52,55163362
212855,11,4,2021,6,17,5,3,5,7,0,1,1,0,0,0,0,0,792025,5329,5827293,705,13,30463482,52,51734632
212854,11,5,2021,6,12,5,3,6,4,0,1,0,1,0,0,0,1,781518,8222,5830307,723,13,15276265,52,54989718
212853,11,3,2021,6,10,3,3,3,6,0,0,1,0,0,1,0,0,802818,3046,5831434,809,13,4669836,52,54857705
212852,11,1,2021,6,22,1,3,2,6,2,0,1,0,0,0,0,0,800182,6589,5827344,52,13,42453739,52,51337327
212851,11,12,2021,5,16,5,3,2,6,0,0,1,0,0,0,0,1,793760,1261,5837705,771,13,33934311,52,60975221
212850,11,4,2021,6,18,4,2,5,2,0,0,1,0,1,0,0,0,789497,624,5830629,459,13,27039022,52,54859976
212849,11,5,2021,5,21,1,3,5,3,2,0,1,0,0,0,0,0,786436,2805,5831177,231,13,22583903,52,5551293
212848,11,8,2021,6,17,2,3,2,6,0,1,1,0,0,0,0,0,801146,8413,5824883,462,13,43647707,52,49078281
212847,11,1,2021,7,23,3,2,5,2,2,0,1,0,1,0,0,1,796988,946,5831490,599,13,38130594,52,55228697
212846,11,1,2021,6,14,5,3,0,3,0,1,0,0,0,0,1,0,796613,5166,5825620,218,13,37056108,52,49986925
212845,11,1,2021,7,16,6,2,5,2,0,1,1,0,0,0,0,0,797990,5063,5828910,358,13,39373257,52,52861105
212844,11,2,2021,7,8,4,3,5,2,0,1,1,0,0,0,0,0,800161,4121,5825069,705,13,42217462,52,49299491
212843,11,1,2021,7,15,6,3,5,2,0,0,1,0,1,0,0,1,794316,7214,5828378,127,13,33926308,52,52583583
212842,11,12,2021,6,13,6,3,3,6,0,0,1,0,0,1,0,0,793486,844,5832433,13,13,33064852,52,56263304
212841,11,5,2021,6,13,5,3,5,3,0,0,1,0,0,0,0,0,785732,4466,5828381,442,13,21308097,52,53043255
212840,11,4,2021,6,23,2,2,1,5,2,0,1,0,1,0,0,0,791577,3381,5824846,484,13,29590491,52,49564708
212839,11,7,2021,5,17,2,3,1,5,0,1,1,0,0,0,1,0,796557,3677,5819894,338,13,36464534,52,44857237
212838,11,2,2021,6,17,6,3,5,2,0,0,1,0,1,0,0,0,797276,694,5825534,52,13,38022501,52,498736
212837,11,1,2021,6,18,5,3,1,5,0,1,1,0,0,0,0,0,794145,9501,5828660,58,13,33700257,52,52845533
212836,11,10,2021,6,22,3,3,0,6,2,1,0,0,0,0,1,0,811647,4324,5825429,142,13,59115105,52,48977995
212835,11,7,2021,6,7,6,3,0,3,0,0,0,0,1,0,1,1,798805,6421,5814261,184,13,3925983,52,39685351
212834,11,5,2021,5,15,6,3,6,7,0,1,0,1,0,0,0,0,785050,846,5826304,19,13,20127985,52,51216331
212833,11,1,2021,6,11,4,3,1,5,0,1,1,0,0,0,0,0,799032,8497,5828488,588,13,40867279,52,52425976
212832,11,7,2021,7,19,1,2,5,3,0,0,1,0,0,0,0,0,797358,2972,5822000,408,13,37827167,52,46701617
212831,11,7,2021,5,14,3,3,5,7,0,0,1,0,1,0,0,0,798928,3837,5823915,352,13,40303183,52,48332436
212830,11,4,2021,6,9,3,3,6,7,0,1,0,1,0,0,0,0,791230,936,5829730,91,13,2950803,52,53962096
212829,11,8,2021,7,15,3,3,0,7,0,0,0,0,0,0,1,0,801153,6626,5823781,85,13,43558193,52,48090502
212828,11,3,2021,6,23,3,3,2,6,2,0,1,0,0,0,0,0,802428,7664,5832556,934,13,46227853,52,55885087
212827,11,6,2021,6,9,7,3,1,5,0,0,1,0,1,0,0,0,786520,3693,5818081,794,13,21581136,52,43767418
212826,11,2,2021,6,0,3,3,5,3,2,0,1,0,0,0,0,0,798833,549,5826136,98,13,40363212,52,50329016
212825,11,6,2021,6,21,4,3,1,5,1,0,1,0,0,0,0,0,793792,5346,5816250,175,13,32087744,52,41739636
212824,11,1,2021,6,14,2,3,6,2,0,0,1,1,0,0,0,0,794554,637,5829073,303,13,34337575,52,53193911
212823,11,4,2021,7,19,2,3,0,2,0,1,1,0,0,0,0,0,794334,6467,5824545,163,13,33613723,52,49146592
212822,11,1,2021,6,10,7,3,0,1,0,1,0,0,0,0,0,0,798290,4048,5829368,498,13,39855136,52,53255365
212821,11,4,2021,6,18,4,3,3,6,0,0,1,0,0,0,0,1,790728,4834,5826716,24,13,28506918,52,51286235
212820,11,6,2021,7,16,5,3,0,1,0,0,0,0,1,0,0,1,790619,4709,5815219,83,13,27345688,52,40984642
212819,11,10,2021,6,15,6,2,6,4,0,0,1,1,0,0,0,0,812780,342,5826729,665,13,60900337,52,5007862
212818,11,12,2021,6,17,2,3,0,1,0,0,0,0,1,0,0,0,793968,718,5835306,318,13,34027487,52,58813056
212817,11,2,2021,5,11,2,3,6,2,0,0,1,1,0,0,0,0,802853,5274,5827217,888,13,46366014,52,51076192
212816,11,3,2021,6,15,6,2,1,5,0,1,1,0,0,0,0,0,798646,9978,5833923,864,13,40789042,52,5731905
212815,11,9,2021,6,19,6,3,5,2,1,0,1,0,0,0,0,0,809065,7083,5818189,186,13,54654618,52,42636389
212814,11,9,2021,6,9,3,3,1,5,0,0,1,0,1,0,0,0,808648,4654,5819376,616,13,54152525,52,43724121
212813,11,8,2021,6,20,6,3,6,4,0,0,1,1,0,0,0,0,801322,6665,5821706,795,13,43618874,52,46221252
212812,11,1,2021,6,23,1,2,0,7,2,0,0,0,0,0,1,0,796839,8059,5831562,327,13,37918939,52,55301076
212811,11,4,2021,6,9,2,3,5,2,0,1,1,0,0,0,0,0,791879,274,5826436,316,13,30172981,52,50973842
212810,11,1,2021,5,14,5,3,0,2,0,1,1,0,0,0,0,0,794116,5534,5831499,902,13,33908457,52,55392855
212809,11,5,2021,6,15,4,3,5,2,0,1,1,0,0,0,0,0,784561,249,5828218,304,13,19572262,52,52958254
212808,11,5,2021,7,11,1,3,0,1,0,0,0,0,1,0,0,0,782885,8103,5826891,572,13,16996177,52,51855871
212807,11,3,2021,5,12,2,3,5,3,0,1,1,0,0,0,0,0,799839,407,5830805,392,13,4226102,52,54458336
212806,11,9,2021,6,15,3,3,5,2,0,1,1,0,0,0,0,0,811371,7049,5822784,817,13,58463426,52,46624037
212805,11,1,2021,7,8,3,3,0,7,0,0,1,0,0,0,1,0,795160,778,5829278,664,13,35245771,52,53345249
212804,11,9,2021,7,15,6,3,5,3,0,1,1,0,0,0,0,0,806564,9404,5820150,632,13,51168132,52,44535002
212803,11,12,2021,6,11,2,3,0,7,0,1,0,0,0,0,0,0,792184,17,5834935,815,13,31369125,52,58577029
212802,11,1,2021,6,18,6,3,0,4,0,0,1,1,0,0,0,0,799757,8569,5827207,148,13,41817253,52,51237556
212801,11,7,2021,6,19,5,2,1,5,1,1,1,0,0,0,0,0,795259,39,5824485,217,13,34966485,52,49042914
212800,11,2,2021,6,19,3,3,3,6,0,0,1,0,1,0,0,0,798845,32,5825098,807,13,40287352,52,49397791
212799,11,1,2021,6,6,3,3,0,5,0,0,1,0,0,0,1,0,797290,4295,5832249,207,13,38643133,52,55892201
212798,11,12,2021,6,17,1,2,5,3,0,0,1,0,0,0,0,0,786548,6764,5833207,97,13,22924629,52,57327696
212797,11,4,2021,6,17,7,3,2,6,0,0,1,0,0,0,1,0,793594,661,5825748,83,13,32632986,52,50264807
212796,11,3,2021,7,10,6,3,5,3,0,1,1,0,0,0,0,0,798100,879,5834696,274,13,40055034,52,58041342
212795,11,9,2021,6,16,4,3,0,1,0,1,0,0,0,0,1,0,810372,1421,5820335,185,13,56769076,52,44485628
212794,11,10,2021,6,14,6,3,5,2,0,0,1,0,0,0,0,0,807804,6386,5830768,486,13,53967248,52,53981117
212793,11,9,2021,6,10,2,3,6,7,0,0,1,1,0,0,0,0,804881,8298,5822141,211,13,48881132,52,46413198
212792,11,9,2021,5,7,4,2,0,1,0,1,0,0,0,0,0,0,810782,362,5815159,307,13,56889955,52,39823869
212791,11,3,2021,6,10,4,3,6,3,0,0,1,1,0,0,0,1,799928,6826,5838169,346,13,43059025,52,61053879
212790,11,7,2021,7,18,2,3,5,2,0,0,1,0,1,0,0,0,799260,9785,5816265,382,13,40106155,52,41457017
212789,11,4,2021,7,14,4,2,5,3,0,1,1,0,0,0,0,0,789830,7975,5827311,568,13,27239675,52,51867731
212788,11,2,2021,6,13,4,3,5,3,0,0,1,0,0,0,0,0,798582,4532,5825563,581,13,39942972,52,49828786
212787,11,6,2021,5,15,7,3,5,2,0,1,0,0,0,0,0,0,789901,7178,5815929,767,13,26354984,52,41659856
212786,11,6,2021,6,13,5,3,5,3,0,1,1,0,0,0,0,0,783929,5457,5815911,209,13,17595798,52,41956308
212785,11,5,2021,6,15,4,3,5,3,0,1,0,0,0,0,0,0,785163,4989,5829607,605,13,20576871,52,54172416
212784,11,9,2021,6,6,4,3,1,5,0,0,1,0,1,0,0,0,812141,3538,5816420,282,13,58998416,52,40876616
212783,11,3,2021,6,11,7,3,0,3,0,0,1,0,0,0,1,0,799550,4927,5834227,605,13,42145687,52,57541653
212782,11,11,2021,6,5,4,2,5,3,0,0,1,0,1,0,0,0,805950,7847,5831916,779,13,51348098,52,5511464
212781,11,9,2021,6,11,4,3,5,2,0,1,1,0,0,0,0,0,814202,7385,5821334,29,13,6248062,52,45161939
212780,11,6,2021,6,8,2,3,1,5,0,0,1,0,0,0,1,0,793004,9061,5817899,29,13,31077355,52,43260032
212779,11,7,2021,6,21,7,3,1,7,2,1,0,0,0,0,1,0,799843,3174,5815223,261,13,4086649,52,40491024
212778,11,9,2021,7,14,1,3,2,6,0,0,1,0,0,0,0,0,809929,469,5821638,908,13,56240815,52,45679101
212777,11,1,2021,6,22,7,3,1,5,2,0,1,0,0,0,0,0,795753,4982,5831167,702,13,36286251,52,55006428
212776,11,5,2021,6,12,1,3,0,1,0,1,0,0,0,0,0,0,785611,1,5828057,371,13,21101712,52,52759063
212775,11,5,2021,7,18,5,3,1,5,0,1,1,0,0,0,0,0,784961,7746,5829180,239,13,2024357,52,53799797
212774,11,12,2021,7,13,3,3,2,6,0,0,1,0,0,0,0,0,786708,4008,5838533,456,13,23620787,52,62093842
212773,11,7,2021,7,15,5,2,5,3,0,1,1,0,0,0,0,1,794142,6981,5822089,978,13,33115222,52,46955985
212772,11,10,2021,6,13,5,3,5,2,0,1,1,0,0,0,0,0,811333,973,5831846,49,13,59255422,52,54746268
212771,11,8,2021,5,16,2,3,5,2,0,1,1,0,0,0,0,0,805041,6253,5817549,805,13,4869648,52,42289153
212770,11,1,2021,6,8,6,2,0,1,0,1,0,0,0,0,0,0,796338,9157,5830721,604,13,37107304,52,54574732
212769,11,3,2021,6,15,5,3,2,6,0,1,1,0,0,0,0,1,801729,459,5829185,146,13,44892552,52,5290177
212768,11,4,2021,6,13,2,3,5,3,0,1,1,0,0,0,0,0,790966,8817,5829723,739,13,29120399,52,53969728
212767,11,7,2021,6,16,2,3,0,7,0,1,0,0,0,0,0,0,794558,4823,5822193,747,13,33734708,52,47026606
212766,11,1,2021,5,13,5,3,5,2,0,0,1,0,0,0,1,0,795484,9523,5828418,821,13,35646907,52,52556871
212765,11,2,2021,6,9,4,3,3,6,0,1,0,0,0,1,0,0,798281,3592,5824721,648,13,39425364,52,49090563
212764,11,9,2021,5,17,1,2,4,6,0,0,1,0,0,0,0,0,809289,4257,5822760,531,13,55405782,52,46720538
212763,11,8,2021,6,17,3,3,5,3,0,1,0,0,0,0,1,0,801335,795,5824528,944,13,43893109,52,48750092
212762,11,2,2021,7,11,2,2,5,2,0,1,0,0,0,0,1,1,800115,1265,5825741,418,13,42210007,52,49904121
212761,11,8,2021,6,0,4,3,5,3,2,0,1,0,0,0,0,0,801267,746,5822410,527,13,43600825,52,46855093
212760,11,5,2021,7,9,6,3,1,7,0,0,1,0,0,0,0,0,789661,4476,5829113,631,13,27147779,52,53492309
212759,11,10,2021,7,15,6,3,5,3,0,1,1,0,0,0,0,0,807186,3217,5829215,119,13,52914869,52,52623874
212758,11,2,2021,6,18,5,3,5,3,0,1,1,0,0,0,0,0,800285,593,5827635,978,13,42631268,52,51592904
212757,11,3,2021,6,11,5,2,0,1,0,1,0,0,0,0,0,0,800064,6186,5837442,437,13,43193271,52,60394839
212756,11,11,2021,6,20,2,3,5,3,0,0,1,0,0,0,0,0,806302,447,5832237,161,13,51894684,52,55382008
212755,11,3,2021,5,9,2,3,0,1,0,1,0,0,0,0,0,0,798314,1737,5831155,133,13,40050491,52,54855535
212754,11,7,2021,6,18,6,3,5,2,0,0,1,0,0,0,0,0,799778,8207,5813975,916,13,40660348,52,39376468
212753,11,9,2021,6,13,6,3,0,1,0,1,0,0,0,0,0,0,808721,5917,5819227,512,13,54245987,52,43586366
212752,11,2,2021,7,16,6,3,5,2,0,1,1,0,0,0,0,0,797751,2439,5824596,898,13,38635744,52,4900768
212751,11,3,2021,6,7,4,3,5,3,0,1,1,0,0,0,0,0,800939,7606,5832711,388,13,4405205,52,56106016
212750,11,4,2021,6,18,6,3,5,2,0,1,1,0,0,0,0,0,793351,6447,5829683,116,13,32623028,52,53805455
212749,11,7,2021,5,16,6,2,0,3,0,1,0,0,1,0,0,1,798330,969,5821002,839,13,39164313,52,45754437
212748,11,5,2021,6,14,4,3,2,2,0,0,1,0,1,0,0,0,783600,6208,5829151,642,13,18239612,52,53845167
212747,11,7,2021,7,15,1,3,5,3,0,1,1,0,0,0,0,0,798109,966,5821903,181,13,38921707,52,46573503
212746,11,7,2021,5,12,3,3,5,3,0,1,1,0,0,0,0,0,797339,9049,5821868,883,13,37788452,52,4658472
212745,11,4,2021,6,20,3,3,5,2,1,1,1,0,0,0,0,1,794161,613,5827014,205,13,33577723,52,51369279
212744,11,6,2021,7,12,2,2,5,7,0,0,1,0,0,0,0,0,793170,215,5816509,91,13,31197985,52,4200512
212743,11,1,2021,7,19,3,3,1,5,0,0,1,0,1,0,0,0,797366,6098,5826943,925,13,38280491,52,51132495
212742,11,9,2021,7,20,7,3,1,5,1,1,1,0,0,0,0,0,802694,6855,5825378,316,13,45965454,52,49436212
212741,11,5,2021,6,15,3,3,2,6,0,1,1,0,0,0,0,0,785131,892,5827149,393,13,20319537,52,51970055
212740,11,4,2021,6,13,7,3,2,6,0,0,1,0,0,0,0,0,790526,8628,5825503,163,13,28104776,52,50209446
212739,11,9,2021,6,7,2,3,5,3,0,1,1,0,0,0,0,0,810896,862,5821449,99,13,57641159,52,45454109
212738,11,1,2021,6,9,3,3,5,2,0,0,0,0,1,0,1,0,794816,6533,5826249,365,13,34472455,52,50648286
212737,11,6,2021,6,13,7,3,6,7,0,0,1,1,0,0,0,0,792735,4257,5821724,893,13,31017413,52,46704286
212736,11,3,2021,6,16,7,3,5,3,0,1,0,0,0,0,0,0,803373,3914,5833512,452,13,47704372,52,56688942
212735,11,2,2021,7,15,7,3,0,1,0,0,0,0,0,0,1,0,801187,7925,5825955,218,13,43804739,52,50036661
212734,11,9,2021,6,6,6,3,5,2,0,0,1,0,0,0,0,0,807407,227,5818315,324,13,52234756,52,42842864
212733,11,11,2021,6,10,2,2,2,5,0,0,1,0,1,0,0,0,804138,5683,5829833,839,13,48492903,52,53349278
212732,11,7,2021,5,6,4,3,0,3,0,1,1,0,0,0,0,0,799355,7106,5820863,55,13,4065672,52,45573062
212731,11,9,2021,6,14,4,3,5,2,0,1,1,0,0,0,0,1,806735,4549,5820274,535,13,51429606,52,44636486
212730,11,1,2021,7,18,3,3,5,2,0,1,1,0,0,0,0,0,795123,7221,5828265,482,13,35102391,52,52438981
212729,11,9,2021,7,16,3,3,5,2,0,0,1,0,0,0,0,0,812095,9145,5819741,53,13,59241614,52,43855095
212728,11,2,2021,6,15,4,3,2,3,0,1,1,0,0,0,0,0,797960,1786,5824571,611,13,38940297,52,48973614
212727,11,3,2021,5,18,7,3,5,2,0,1,1,0,0,0,0,0,799180,7404,5831110,348,13,41320634,52,5476787
212726,11,10,2021,6,16,5,2,5,3,0,1,0,0,0,0,1,0,810382,5089,5824561,473,13,57177298,52,48272487
212725,11,1,2021,6,9,4,3,4,5,0,1,0,0,0,0,0,0,798177,284,5828904,221,13,39647221,52,52845391
212724,11,12,2021,6,12,3,3,3,3,0,0,1,0,1,0,0,1,795601,2893,5833507,631,13,36270858,52,57112211
212723,11,4,2021,6,13,7,3,2,6,0,0,1,0,0,0,1,0,792030,149,5824055,296,13,30186244,52,48831209
212722,11,3,2021,7,7,6,3,5,3,0,0,1,0,0,0,1,1,804232,9799,5840166,668,13,49579987,52,62604747
212721,11,5,2021,6,14,2,2,5,2,0,1,1,0,0,0,0,0,789689,3957,5829491,977,13,2722185,52,53830015
212720,11,8,2021,6,5,6,3,5,3,0,0,1,0,1,0,0,0,800770,4701,5822754,97,13,42902948,52,47190409
212719,11,4,2021,6,14,2,2,0,7,0,0,0,0,0,0,1,0,793449,262,5823744,64,13,32242527,52,4847612
212718,11,6,2021,6,13,3,3,5,2,0,0,1,0,0,0,0,0,793156,5697,5820825,201,13,31556562,52,45875155
212717,11,2,2021,6,14,7,3,5,2,0,1,1,0,0,0,0,1,799326,8857,5826227,88,13,4109603,52,50383454
212716,11,2,2021,6,18,7,2,1,5,0,1,1,0,0,0,0,0,802366,6782,5827087,306,13,4563896,52,50986159