OBJECTID,LAND,BEZ,UJAHR,UMONAT,USTUNDE,UWOCHENTAG,UKATEGORIE,UART,UTYP1,ULICHTVERH,IstRad,IstPKW,IstFuss,IstKrad,IstGkfz,IstSonstige,USTRZUSTAND,LINREFX,LINREFY,XGCSWGS84,YGCSWGS84,,,,
212715,11,1,2021,7,19,7,3,0,1,0,1,0,0,0,0,0,0,798715,635,5829536,34,13,40495247,52,53382524
212714,11,1,2021,6,9,4,3,0,1,0,1,0,0,0,0,0,0,798290,3113,5829368,483,13,39854998,52,53255357
212713,11,5,2021,6,17,7,3,6,4,0,0,1,1,0,0,0,0,785497,819,5830977,481,13,21185186,52,55383154
212712,11,10,2021,6,10,2,3,5,2,0,0,1,0,0,0,0,0,809785,1803,5834076,55,13,57186861,52,56833416
212711,11,4,2021,5,8,3,3,5,2,0,0,0,0,1,1,0,0,789455,2847,5826663,663,13,26631433,52,51306814
212710,11,9,2021,6,9,4,2,7,7,0,1,0,0,0,0,0,1,808315,2441,5821807,1,13,53888189,52,45921049
212709,11,4,2021,7,15,2,3,2,6,0,0,1,0,0,0,1,0,789623,1081,5823342,911,13,26589279,52,48320769
212708,11,4,2021,7,18,3,3,6,7,0,0,0,1,0,0,1,0,793812,7206,5826874,58,13,33052698,52,5126245
212707,11,12,2021,6,20,4,3,3,6,1,0,1,0,1,0,0,0,792154,882,5833318,896,13,31182347,52,57129142
212706,11,11,2021,5,15,7,3,5,2,0,0,1,0,0,0,0,0,806612,698,5833487,62,13,52466324,52,56484722
212705,11,4,2021,6,16,5,3,2,6,0,1,1,0,0,0,0,0,791557,605,5825089,88,13,29582741,52,49783254
212704,11,1,2021,6,16,4,2,5,3,0,1,0,0,0,0,1,0,795615,608,5831721,991,13,36132834,52,55510781
212703,11,8,2021,6,20,3,2,5,3,0,1,1,0,0,0,0,0,804304,8149,5819651,577,13,47807555,52,44213958
212702,11,8,2021,6,0,7,3,0,5,2,1,1,0,0,0,0,0,800966,747,5824222,353,13,43322568,52,4849568
212701,11,4,2021,6,16,3,3,2,7,0,1,1,0,0,0,0,0,792929,7422,5827460,336,13,31806907,52,51835518
212700,11,8,2021,6,13,4,3,3,6,0,1,1,0,0,0,0,0,800538,3804,5823367,33,13,42617519,52,47752582
212699,11,7,2021,6,9,2,3,2,6,0,0,1,0,0,0,0,0,798827,7997,5819325,926,13,39744604,52,44224101
212698,11,8,2021,6,15,1,3,8,1,0,0,1,0,0,0,0,0,801428,2045,5820221,118,13,43639631,52,44883776
212697,11,1,2021,7,18,1,2,0,1,0,1,0,0,0,0,0,0,798679,4423,5827605,622,13,40268637,52,5165389
212696,11,12,2021,6,1,1,2,1,1,2,0,1,0,0,0,0,0,791540,4484,5838595,421,13,30743989,52,6189227
212695,11,11,2021,7,15,5,2,5,2,0,0,1,0,1,0,0,1,805228,1729,5832195,906,13,50311322,52,55405342
212694,11,7,2021,7,19,3,3,5,3,0,1,0,0,0,0,0,0,794013,936,5822307,268,13,32945362,52,47157707
212693,11,11,2021,7,17,5,3,2,6,0,0,1,0,0,0,0,1,803503,771,5826622,326,13,47266918,52,50506265
212692,11,6,2021,6,17,5,3,5,3,0,0,1,0,0,0,0,0,787676,2945,5819239,108,13,2337655,52,44744355
212691,11,4,2021,5,10,2,3,6,6,0,0,1,1,0,0,0,0,792320,8463,5829777,308,13,3111582,52,53945287
212690,11,4,2021,6,12,6,3,0,7,0,0,0,0,1,0,0,1,793964,7336,5825058,547,13,33115759,52,49626748
212689,11,4,2021,6,7,5,3,2,6,0,0,1,0,0,0,0,1,792776,6692,5823180,315,13,31205704,52,48006827
212688,11,4,2021,6,16,3,3,2,6,0,0,1,0,0,1,0,0,793338,4803,5829736,306,13,32608369,52,53853846
212687,11,8,2021,6,23,1,3,1,5,2,1,1,0,0,0,0,0,800340,349,5824312,548,13,42411529,52,48610997
212686,11,9,2021,6,13,1,3,1,5,0,1,1,0,0,0,0,0,810841,3529,5820488,318,13,57471463,52,44596208
212685,11,4,2021,5,11,5,3,8,1,0,0,1,0,0,0,0,1,788159,9492,5827233,64,13,24777253,52,51885898
212684,11,4,2021,6,18,4,3,5,2,0,1,1,0,0,0,0,0,793703,2835,5824901,188,13,32717869,52,49499759
212683,11,6,2021,5,13,2,2,0,1,0,1,0,0,0,0,0,0,780942,654,5816417,592,13,13257757,52,42564535
212682,11,7,2021,6,11,2,3,5,2,0,0,1,0,0,0,0,0,798019,162,5819648,38,13,38587191,52,44557276
212681,11,2,2021,7,18,2,3,5,2,0,1,1,0,0,0,0,0,797696,1692,5825814,989,13,38663723,52,50102562
212680,11,1,2021,7,8,5,3,5,3,0,1,1,0,0,0,0,1,797393,8528,5833148,267,13,38875826,52,56692446
212679,11,5,2021,7,9,6,2,9,1,0,0,1,0,0,1,0,1,780867,362,5828328,922,13,14150231,52,5324905
212678,11,7,2021,6,13,6,3,5,2,0,1,1,0,0,0,0,0,796226,294,5824934,937,13,36426009,52,4939368
212677,11,2,2021,6,15,5,3,2,6,0,1,1,0,0,0,0,0,799290,9507,5826219,902,13,41042528,52,50378274
212676,11,1,2021,6,6,2,2,5,2,0,0,1,0,1,0,0,0,800026,2196,5827062,279,13,42198457,52,51092951
212675,11,8,2021,5,16,2,3,5,3,0,1,1,0,0,0,0,0,801306,9866,5823560,345,13,43763267,52,47883503
212674,11,9,2021,6,18,6,3,0,6,0,1,0,0,1,0,0,0,807801,8161,5817892,561,13,52774377,52,42441791
212673,11,4,2021,6,16,6,3,2,6,0,1,1,0,0,0,0,0,794158,5984,5824051,833,13,33311627,52,48713837
212672,11,1,2021,7,16,6,3,5,3,0,1,1,0,0,0,0,0,798590,558,5829515,34,13,40308771,52,53370581
212671,11,3,2021,6,7,4,2,5,3,0,1,1,0,0,0,0,0,801915,177,5830324,167,13,4526956,52,53912368
212670,11,3,2021,6,12,6,3,5,3,0,0,1,0,1,0,0,1,797427,6141,5835040,919,13,39095269,52,58387114
212669,11,2,2021,5,7,6,3,5,3,0,1,1,0,0,0,0,1,800216,4193,5825989,203,13,42381112,52,50120648
212668,11,2,2021,6,16,5,3,5,3,0,1,0,0,0,0,1,0,798599,2669,5825564,824,13,39967778,52,4982898
212667,11,1,2021,7,18,7,3,0,5,0,1,1,0,0,0,0,0,799727,2819,5827762,737,13,41822379,52,51737235
212666,11,8,2021,5,20,3,3,6,7,1,0,1,1,0,0,0,1,801001,9074,5823918,226,13,43347718,52,48221106
212665,11,4,2021,6,15,3,3,2,6,0,0,1,0,0,0,0,0,790360,8215,5827303,304,13,28017895,52,51832127
212664,11,5,2021,7,12,2,3,5,3,0,0,1,0,0,0,1,0,784554,2531,5831268,461,13,1982327,52,55693389
212663,11,1,2021,7,12,3,3,5,3,0,0,1,0,0,0,0,0,794138,6871,5831512,42,13,33942085,52,55402543
212662,11,4,2021,5,17,6,3,2,6,0,0,1,0,0,0,0,1,793163,1978,5826876,693,13,32098555,52,51299761
212661,11,6,2021,6,8,4,3,5,2,0,1,1,0,0,0,0,0,793217,9885,5819625,733,13,31541379,52,44796567
212660,11,4,2021,7,11,7,2,1,7,0,0,1,0,1,0,0,1,793384,7463,5824667,413,13,32229428,52,49307321
212659,11,8,2021,6,13,2,3,3,6,0,1,1,0,0,0,0,0,805575,1205,5818616,129,13,49576017,52,43215095
212658,11,2,2021,6,18,6,3,5,3,0,1,1,0,0,0,0,0,800734,127,5826517,945,13,43189253,52,50566069
212657,11,4,2021,6,13,3,3,3,5,0,0,1,0,0,0,1,0,794035,2215,5826211,419,13,33321087,52,5065644
212656,11,4,2021,6,17,3,3,2,6,0,1,1,0,0,0,0,0,793337,775,5824156,623,13,3211445,52,48851979
212655,11,7,2021,6,11,7,3,6,7,0,1,0,1,0,0,0,0,797997,6256,5821777,244,13,38745584,52,46466743
212654,11,12,2021,6,10,6,2,5,3,0,0,1,0,0,0,0,0,794853,6954,5833052,7,13,35130468,52,56744388
212653,11,12,2021,7,17,7,3,5,2,0,1,1,0,0,0,0,0,790566,889,5834487,95,13,28949387,52,58261381
212652,11,8,2021,6,15,6,3,5,3,0,1,1,0,0,0,0,0,804047,679,5819184,494,13,47387026,52,43809655
212651,11,11,2021,5,18,3,3,2,6,0,0,1,0,0,1,0,0,805498,8516,5830035,609,13,50510644,52,53454041
212650,11,3,2021,6,14,4,3,6,4,0,0,0,1,0,0,1,1,797209,905,5835567,8,13,38822148,52,5887129
212649,11,9,2021,7,14,3,3,5,7,0,1,0,0,0,0,0,0,810872,4751,5820661,613,13,57533232,52,44749739
212648,11,3,2021,7,19,4,3,1,5,0,1,1,0,0,0,0,0,802695,2622,5838302,644,13,47144577,52,61019992
212647,11,10,2021,6,0,5,2,6,4,2,0,0,1,0,0,1,0,809827,9459,5833677,366,13,57212477,52,56473255
212646,11,1,2021,5,22,7,3,5,3,2,0,1,0,0,0,0,0,796255,2321,5832161,102,13,37112706,52,55869642
212645,11,4,2021,6,16,5,3,2,6,0,1,1,0,0,0,0,0,791711,9303,5826229,797,13,29909366,52,50797638
212644,11,5,2021,6,15,4,3,6,7,0,0,1,1,0,0,0,0,786424,7,5831257,687,13,22572783,52,55585709
212643,11,3,2021,6,17,3,3,5,3,0,1,1,0,0,0,0,0,799752,5576,5831712,52,13,42215708,52,55275764
212642,11,7,2021,6,18,1,3,1,5,0,1,1,0,0,0,0,0,795564,8758,5823446,66,13,35322959,52,48094862
212641,11,3,2021,6,15,3,3,5,3,0,1,1,0,0,0,0,0,802208,659,5829873,311,13,4565997,52,53492002
212640,11,1,2021,6,14,4,3,5,3,0,1,1,0,0,0,0,0,795886,7211,5826215,599,13,36041464,52,50560089
212639,11,2,2021,6,9,1,3,1,5,0,1,1,0,0,0,0,0,799955,1026,5826104,443,13,42007677,52,50238314
212638,11,9,2021,7,22,1,3,6,7,2,1,0,1,0,0,0,0,801752,573,5825271,98,13,44572258,52,49392276
212637,11,2,2021,6,2,7,3,5,3,2,0,1,0,0,0,0,0,801603,31,5827361,479,13,4454241,52,5127416
212636,11,3,2021,7,8,5,3,2,6,0,0,1,0,0,0,0,1,799213,9422,5831806,162,13,41432153,52,55389733
212635,11,11,2021,7,15,5,3,5,2,0,1,1,0,0,0,0,0,807654,27,5833601,2,13,54008318,52,56528271
212634,11,10,2021,6,8,5,3,5,3,0,1,1,0,0,0,0,0,808901,1226,5828544,253,13,55372209,52,51925778
212633,11,1,2021,5,10,2,3,5,3,0,1,1,0,0,0,0,0,795993,9429,5828711,501,13,36421026,52,52791622
212632,11,5,2021,6,17,5,2,1,5,0,1,1,0,0,0,0,0,784623,6041,5827267,16,13,1958252,52,521022
212631,11,8,2021,6,9,5,3,5,3,0,0,1,0,0,0,0,1,801820,1934,5823629,994,13,4452295,52,47917593
212630,11,11,2021,6,8,3,3,5,2,0,1,1,0,0,0,0,0,804243,673,5828690,661,13,48542773,52,52318829
212629,11,8,2021,6,17,2,3,5,2,0,0,1,0,0,0,0,0,802369,5023,5819917,824,13,44993045,52,44559952
212628,11,7,2021,5,8,4,3,5,3,0,0,1,0,0,0,0,0,793481,7995,5822494,248,13,32180647,52,47353944
212627,11,1,2021,6,7,4,3,1,5,0,0,1,1,0,1,0,0,799600,302,5827719,227,13,41631487,52,51705227
212626,11,4,2021,5,16,2,3,5,2,0,1,1,0,0,0,0,0,791755,3171,5827273,985,13,30064658,52,51731417
212625,11,4,2021,6,15,2,3,1,5,0,0,1,0,0,0,0,0,792886,3761,5824734,415,13,31503357,52,49394151
212624,11,10,2021,7,12,2,3,5,3,0,1,1,0,0,0,0,1,812925,8163,5830027,826,13,61424107,52,53025771
212623,11,7,2021,6,14,3,3,5,3,0,1,1,0,0,0,0,0,794963,5639,5825229,694,13,3459796,52,4972628
212622,11,1,2021,6,3,4,3,9,1,2,0,1,0,0,0,0,0,795119,4528,5826500,179,13,34939531,52,50856752
212621,11,8,2021,6,16,1,3,5,3,0,0,1,0,0,0,0,0,805920,3297,5816218,728,13,4986301,52,41047113
212620,11,2,2021,7,13,7,3,0,7,0,1,0,0,0,0,0,0,800213,72,5824624,682,13,42253229,52,48897758
212619,11,1,2021,6,16,1,3,0,1,0,0,0,0,1,0,0,0,794624,3051,5830520,777,13,34568327,52,54487701
212618,11,2,2021,7,10,5,3,2,6,0,0,1,0,0,0,0,1,797107,5952,5824317,31,13,37665627,52,48792127
212617,11,4,2021,7,6,5,3,5,3,0,0,1,0,1,0,0,0,793138,696,5825742,545,13,31962677,52,50284358
212616,11,3,2021,6,3,5,3,3,6,2,0,1,0,0,1,0,0,799342,9692,5831760,127,13,41617742,52,55341381
212615,11,9,2021,5,18,1,3,0,7,0,1,0,0,0,0,0,0,807616,7851,5819332,449,13,52635573,52,43742657
212614,11,2,2021,6,14,6,3,0,7,0,1,1,0,0,0,0,0,802383,9197,5827444,469,13,45696738,52,51305327
212613,11,4,2021,6,18,4,3,1,5,0,1,1,0,0,0,0,0,791992,7736,5826118,136,13,30312196,52,50682512
212612,11,2,2021,6,18,3,3,5,2,0,1,1,0,0,0,0,0,797747,773,5824596,665,13,38629605,52,49007698
212611,11,9,2021,6,19,1,3,3,6,0,1,1,0,0,0,0,0,814400,1628,5820789,9,13,62718897,52,44662272
212610,11,1,2021,5,16,4,3,2,6,0,0,1,0,0,0,0,0,799502,2274,5827569,922,13,41474344,52,5157677
212609,11,2,2021,6,18,4,3,5,2,0,1,1,0,0,0,0,0,798928,399,5826354,184,13,40522036,52,50518513
212608,11,5,2021,5,0,2,2,0,1,2,0,0,0,0,0,1,0,783221,2789,5830516,15,13,17798138,52,55088222
212607,11,2,2021,6,21,2,3,0,3,1,1,0,0,0,0,0,0,803126,2684,5825697,723,13,4662828,52,49698542
212606,11,4,2021,7,18,2,3,5,2,0,1,1,0,0,0,0,0,793021,9065,5823391,714,13,3158436,52,48183187
212605,11,1,2021,7,18,6,3,5,2,0,1,1,0,0,0,0,0,794542,8657,5829070,284,13,34320004,52,53191841
212604,11,2,2021,7,16,6,3,0,6,2,0,1,0,0,0,0,1,799863,3527,5825697,637,13,41836284,52,49878718
212603,11,4,2021,6,15,6,3,5,2,0,1,1,0,0,0,0,0,786240,194,5826006,448,13,21849928,52,50887259
212602,11,2,2021,6,7,5,3,5,2,0,1,0,0,0,0,1,0,803339,1096,5826745,938,13,47036326,52,50626213
212601,11,3,2021,6,11,2,3,0,1,0,1,0,0,0,0,0,0,799622,7834,5839969,79,13,42771664,52,6268388
212600,11,8,2021,5,18,2,3,6,4,0,1,0,1,0,0,0,0,803362,5617,5822514,492,13,4668563,52,46832325
212599,11,2,2021,6,18,6,3,2,6,0,1,1,0,0,0,0,0,799874,1357,5825991,922,13,41878619,52,50141907
212598,11,1,2021,6,7,6,3,5,2,0,1,0,0,0,0,1,0,796270,399,5825955,871,13,3658146,52,50306466
212597,11,12,2021,7,20,6,3,5,3,0,0,1,0,0,0,0,0,790138,6932,5835783,1,13,28432686,52,59446091
212596,11,5,2021,6,8,4,2,5,3,0,1,1,0,0,0,0,0,784358,2689,5830020,962,13,19428118,52,54585118
212595,11,4,2021,6,18,6,3,2,2,0,0,1,0,0,0,0,0,790490,4041,5826692,647,13,28155017,52,51277769
212594,11,7,2021,5,9,6,3,5,3,0,1,1,0,0,0,0,1,793902,8276,5822499,164,13,32799166,52,47335713
212593,11,10,2021,6,13,5,3,0,1,0,0,0,0,1,0,0,1,806792,1458,5830310,222,13,52436729,52,53627511
212592,11,7,2021,7,1,1,3,0,1,2,0,0,0,0,0,1,0,799800,3395,5813978,632,13,40692121,52,39377725
212591,11,1,2021,5,18,3,3,2,6,0,0,1,0,1,0,0,1,794575,472,5828693,176,13,34333894,52,5285205
212590,11,3,2021,6,15,3,3,0,1,0,0,0,0,1,0,0,1,798546,5099,5834188,897,13,40665066,52,57562125
212589,11,6,2021,7,19,2,3,5,3,0,1,1,0,0,0,0,0,792714,3537,5821672,896,13,30981921,52,466588
212588,11,11,2021,7,19,3,3,1,5,0,1,1,0,0,0,0,0,805171,9609,5826697,107,13,49723942,52,50480241
212587,11,6,2021,5,15,1,3,1,5,0,1,1,0,0,0,0,0,796038,4211,5817568,164,13,35497134,52,42800112
212586,11,7,2021,6,12,4,3,6,4,0,1,0,1,0,0,0,0,795361,6807,5823267,792,13,35008828,52,47946045
212585,11,7,2021,6,12,4,3,5,3,0,0,1,0,0,0,0,1,794900,6224,5822846,27,13,34294603,52,47592877
212584,11,6,2021,7,18,7,3,5,3,0,0,1,0,0,0,0,0,788369,508,5817750,829,13,24264632,52,43373526
212583,11,9,2021,6,14,3,3,5,3,0,1,1,0,0,0,0,0,807727,947,5817906,922,13,52666156,52,42458864
212582,11,5,2021,6,21,6,2,5,2,1,0,1,0,0,0,1,0,785258,561,5832246,747,13,20942699,52,56533682
212581,11,4,2021,6,18,3,3,0,1,0,1,0,0,0,0,0,0,794168,8174,5827040,91,13,33590669,52,5139283
212580,11,10,2021,6,17,3,3,5,3,0,1,1,0,0,0,0,0,812167,6208,5831026,52,13,60403835,52,5396418
212579,11,9,2021,6,16,7,3,0,7,0,0,1,0,0,0,1,0,809486,8017,5822444,5,13,55666098,52,46426141
212578,11,9,2021,6,14,2,3,5,3,0,1,1,0,0,0,0,0,811975,3173,5819352,387,13,59028505,52,43513675
212577,11,3,2021,7,1,1,3,0,1,2,1,0,0,0,0,0,0,798371,6029,5830966,889,13,40118022,52,54683655
212576,11,1,2021,6,12,7,3,5,3,0,1,1,0,0,0,0,0,797893,5852,5826671,35,13,39030315,52,50859412
212575,11,6,2021,5,12,4,3,2,6,0,0,1,0,1,0,0,0,792678,8819,5821764,998,13,30937932,52,46743268
212574,11,12,2021,6,16,4,3,8,1,0,0,1,0,0,0,0,1,795346,1042,5833856,879,13,35926528,52,57439132
212573,11,6,2021,7,13,3,3,6,4,0,0,1,1,0,0,0,0,791146,1142,5816515,8,13,28230488,52,42118484
212572,11,1,2021,7,0,4,3,5,2,2,1,0,0,0,0,1,1,796635,3528,5826670,841,13,37181786,52,50927518
212571,11,2,2021,6,1,5,3,0,1,2,1,0,0,0,0,0,0,798378,4254,5826334,29,13,39712369,52,50530785
212570,11,9,2021,5,20,2,3,5,3,0,1,1,0,0,0,0,0,809220,3308,5823020,642,13,55328499,52,46957556
212569,11,2,2021,6,19,5,3,1,5,0,1,1,0,0,0,0,0,800611,7008,5825228,977,13,42893076,52,49417473
212568,11,8,2021,6,14,4,3,6,7,0,0,1,1,0,0,0,0,802234,33,5817989,746,13,44619961,52,42839268
212567,11,1,2021,6,17,3,3,9,1,0,0,0,0,0,0,1,0,794813,2772,5831330,605,13,34918081,52,55203426
212566,11,7,2021,6,19,1,3,5,3,0,1,1,0,0,0,0,0,797247,117,5815532,195,13,37088768,52,40909509
212565,11,10,2021,6,14,3,3,5,3,0,0,1,0,1,0,0,0,807645,3158,5830814,869,13,53737366,52,54031682
212564,11,6,2021,6,17,4,3,5,3,0,1,1,0,0,0,0,0,784821,1083,5815911,144,13,1890328,52,4190992
212563,11,11,2021,6,13,2,3,0,1,0,0,0,0,1,0,0,0,803912,1891,5828207,871,13,48011585,52,51904606
212562,11,10,2021,7,16,2,3,5,3,0,1,1,0,0,0,0,0,812065,247,5830623,542,13,60215536,52,5360893
212561,11,6,2021,6,12,7,3,2,6,0,0,1,0,0,0,0,0,795437,7767,5820670,573,13,34890585,52,456137
212560,11,6,2021,7,14,5,2,0,3,0,1,0,0,1,0,0,1,791955,78,5819040,467,13,29637139,52,44339469
212559,11,6,2021,7,11,5,3,0,4,0,0,0,1,1,0,0,0,794546,8518,5821690,419,13,33673202,52,46576026
212558,11,3,2021,6,15,6,3,5,2,0,1,0,0,0,0,1,0,798731,7397,5833693,401,13,40892954,52,57107826
212557,11,3,2021,6,15,2,2,2,6,0,0,1,0,0,0,0,0,803354,1058,5831597,994,13,47501029,52,54974153
212556,11,10,2021,6,12,2,2,2,6,0,0,1,0,0,0,1,0,809596,4906,5825649,215,13,56124564,52,49291911
212555,11,7,2021,5,18,2,3,2,7,0,0,1,0,0,0,0,0,795709,1259,5824900,282,13,35663779,52,49390643
212554,11,4,2021,6,11,6,3,6,2,0,0,1,1,0,0,0,0,791746,4094,5827243,136,13,30048862,52,51704237
212553,11,9,2021,6,17,6,3,5,2,0,0,1,0,1,0,0,0,807413,2478,5818310,789,13,52243167,52,42838462
212552,11,4,2021,6,4,3,3,0,1,1,0,1,0,1,0,0,0,792970,5223,5827374,955,13,31859316,52,51756786
212551,11,2,2021,6,7,6,3,5,3,0,1,1,0,0,0,0,1,800682,474,5826404,124,13,43103101,52,50466895
212550,11,4,2021,6,16,2,3,5,3,0,0,1,0,1,0,0,0,792202,149,5825328,683,13,3055033,52,49963581
212549,11,4,2021,5,18,5,3,3,2,0,1,1,0,0,0,0,1,793542,3418,5826084,529,13,32585791,52,50569231
212548,11,4,2021,6,17,4,2,5,2,0,1,1,0,0,0,0,0,792674,4122,5825313,971,13,31242959,52,49925077
212547,11,3,2021,7,13,1,3,5,2,0,0,1,0,1,0,0,0,802141,4631,5832019,6,13,45756428,52,55419429
212546,11,7,2021,5,20,2,3,2,6,0,1,1,0,0,0,0,0,795142,8443,5822289,512,13,34600962,52,47080913
212545,11,1,2021,6,21,3,3,5,2,1,1,1,0,0,0,0,1,796676,8063,5831911,272,13,37710419,52,55622746
212544,11,7,2021,7,20,3,3,1,5,0,1,1,0,0,0,0,0,795528,7762,5824442,674,13,35358319,52,48990201
212543,11,6,2021,7,20,5,2,6,4,0,0,1,1,0,0,0,0,793377,268,5819104,88,13,31728914,52,44320394
212542,11,7,2021,6,14,2,3,1,5,0,1,1,0,0,0,0,0,798610,4941,5815277,31,13,39064449,52,40606842
212541,11,2,2021,6,19,6,3,5,3,0,0,1,0,0,0,0,0,800624,9911,5826274,656,13,43006976,52,50354016
212540,11,8,2021,6,17,5,3,1,5,0,1,1,0,0,0,0,0,802023,5675,5821140,207,13,44596138,52,45674716
212539,11,12,2021,6,11,3,3,1,5,0,1,1,0,0,0,0,0,793199,3588,5835582,681,13,32920512,52,59102287
212538,11,4,2021,6,15,3,2,5,2,0,1,0,0,0,1,0,0,793472,7295,5824731,127,13,3236426,52,49359709
212537,11,8,2021,6,20,6,3,2,6,0,1,1,0,0,0,0,0,800596,403,5823192,768,13,42686455,52,47593208
212536,11,4,2021,6,14,7,2,5,3,0,1,1,0,0,0,0,0,786560,8085,5826160,343,13,2233455,52,51008395
212535,11,2,2021,7,17,7,2,6,4,0,0,1,1,0,0,0,0,800372,4926,5827151,858,13,42715247,52,51154187
212534,11,2,2021,6,7,4,3,3,6,0,0,1,0,1,0,0,0,799136,8572,5825047,94,13,40710849,52,49335469
212533,11,5,2021,6,16,6,3,2,2,0,0,1,0,0,0,1,0,785568,7999,5826169,469,13,208776,52,51068602
212532,11,11,2021,6,8,4,2,6,4,0,0,0,1,0,0,1,0,805820,3768,5832299,9,13,51191654,52,55465325
212531,11,5,2021,5,17,3,3,2,6,0,0,1,0,0,1,0,1,783477,4397,5826725,86,13,17851647,52,51676566
212530,11,1,2021,6,8,4,3,2,2,0,1,1,0,0,0,0,1,797402,4386,5831562,494,13,38746347,52,55270534
212529,11,6,2021,7,8,2,3,0,1,0,0,0,0,1,0,0,1,793215,9351,5819678,802,13,31543025,52,44844252
212528,11,1,2021,7,13,4,3,0,6,0,0,1,0,1,0,0,1,799639,9303,5827966,74,13,41712346,52,51924295
212527,11,11,2021,6,13,4,2,5,3,0,0,1,0,0,0,1,0,806066,3865,5830635,929,13,5140004,52,53960222
212526,11,2,2021,5,14,7,3,0,5,0,0,1,0,1,0,0,0,800505,6789,5825737,572,13,42783261,52,49879182
212525,11,9,2021,6,5,5,3,5,2,0,1,1,0,0,0,0,0,806804,3765,5821333,531,13,51627971,52,45581727
212524,11,9,2021,6,14,4,3,4,7,0,0,1,1,0,0,0,1,809544,5391,5816903,315,13,55237643,52,41456936
212523,11,1,2021,7,1,7,3,1,5,2,1,1,0,0,0,0,1,794410,9275,5828450,401,13,34071167,52,52643285
212522,11,1,2021,6,23,3,2,0,1,2,0,0,0,1,0,0,0,793711,5073,5827990,802,13,33002574,52,52269005
212521,11,8,2021,6,20,7,3,1,5,1,1,1,0,0,0,0,0,800786,7855,5824395,919,13,43074996,52,48661132
212520,11,12,2021,6,13,3,2,0,6,0,0,1,0,0,0,1,0,791887,2744,5833519,9,13,30807388,52,57322851
212519,11,4,2021,6,12,4,2,1,5,0,1,1,0,0,0,0,0,792032,5661,5825774,21,13,30340474,52,5037189
212518,11,6,2021,6,16,2,3,5,2,0,1,1,0,0,0,0,0,789264,725,5818036,844,13,25603205,52,43582659
212517,11,6,2021,6,11,1,3,5,3,0,1,0,0,0,0,1,0,795670,9119,5818239,31,13,35017534,52,43421626
212516,11,9,2021,7,19,7,3,5,2,0,1,1,0,0,0,0,0,809679,5441,5819053,417,13,5563454,52,43376196
212515,11,4,2021,7,10,6,3,0,5,0,1,1,0,0,0,0,1,791494,6215,5824379,773,13,29428158,52,49150722
212514,11,12,2021,6,15,6,3,5,3,0,0,0,0,0,0,1,0,792382,122,5835069,896,13,31672303,52,58686592
212513,11,8,2021,6,19,5,3,5,3,0,1,0,0,0,0,0,0,801970,3682,5824055,27,13,447819,52,48290255
212512,11,9,2021,6,16,2,3,0,2,0,1,1,0,0,0,0,0,811393,8941,5820154,178,13,58250689,52,4426533
212511,11,1,2021,5,11,2,3,5,3,0,0,1,0,0,0,0,0,795326,272,5826174,152,13,35214098,52,50553314
212510,11,2,2021,6,23,6,3,1,5,2,1,1,0,0,0,0,0,797951,8774,5826271,524,13,39080166,52,50497834
212509,11,1,2021,6,20,7,3,0,1,0,1,0,0,0,0,0,0,798563,2307,5829229,599,13,40243676,52,53115924
212508,11,2,2021,7,6,7,3,6,7,0,0,0,1,0,0,1,0,799859,8127,5825843,921,13,41844256,52,50010034
212507,11,5,2021,6,17,4,2,6,2,0,0,1,1,0,0,0,0,784706,2844,5828588,154,13,19817164,52,53282288
212506,11,6,2021,6,17,6,3,5,2,0,1,1,0,0,0,0,0,792232,6313,5819593,975,13,30092853,52,44820855
212505,11,11,2021,5,10,6,3,6,3,0,0,1,1,0,0,0,1,804576,2215,5829087,463,13,49067751,52,52655899
212504,11,4,2021,6,9,5,3,2,6,0,1,0,0,0,0,1,0,793235,1934,5823985,129,13,31949738,52,48703714
212503,11,7,2021,7,15,1,3,5,2,0,1,1,0,0,0,0,0,796697,7054,5820025,31,13,36682061,52,44967029
212502,11,2,2021,5,13,2,3,5,3,0,0,1,0,0,0,1,0,798923,6474,5826331,588,13,40513027,52,5049852
212501,11,2,2021,6,18,3,3,0,7,0,1,0,0,0,0,0,0,799011,8678,5825071,293,13,40529469,52,49364008
212500,11,2,2021,7,9,3,2,5,2,0,0,1,0,0,0,0,0,801206,2052,5827463,356,13,43968236,52,51387417
212499,11,3,2021,7,20,3,2,5,3,0,1,1,0,0,0,0,0,800770,7764,5831325,521,13,43677955,52,54873181
212498,11,1,2021,5,8,7,2,0,5,0,0,0,0,1,0,1,0,795595,531,5830834,488,13,36024296,52,54716307
212497,11,4,2021,6,15,5,3,1,5,0,1,1,0,0,0,0,0,792215,5131,5825549,451,13,3058953,52,50160772
212496,11,9,2021,6,13,4,3,5,2,0,1,1,0,0,0,0,0,808207,9399,5818840,293,13,53457089,52,43268303
212495,11,3,2021,7,1,7,3,6,2,2,0,1,1,0,0,0,1,797879,4,5833069,571,13,39582427,52,56595381
212494,11,4,2021,6,9,2,3,5,7,0,1,1,0,0,0,0,0,792956,4381,5825757,269,13,3169623,52,50307346