OBJECTID,LAND,BEZ,UJAHR,UMONAT,USTUNDE,UWOCHENTAG,UKATEGORIE,UART,UTYP1,ULICHTVERH,IstRad,IstPKW,IstFuss,IstKrad,IstGkfz,IstSonstige,USTRZUSTAND,LINREFX,LINREFY,XGCSWGS84,YGCSWGS84,,,,
212493,11,4,2021,6,18,6,2,5,2,0,0,1,0,1,0,0,0,792104,753,5825766,933,13,30445901,52,50361671
212492,11,4,2021,6,8,3,3,5,3,0,0,1,0,0,0,0,0,789836,3889,5827385,346,13,2725432,52,51933578
212491,11,1,2021,6,7,3,2,5,3,0,1,1,0,0,0,0,0,796983,5672,5830179,275,13,3800668,52,54053495
212490,11,2,2021,6,21,1,3,1,5,1,1,1,0,0,0,0,0,800256,8618,5825845,944,13,42427597,52,49990015
212489,11,6,2021,6,17,1,3,6,2,0,0,1,1,0,0,0,0,794515,7038,5817170,714,13,33229063,52,42525997
212488,11,3,2021,7,16,1,2,5,2,0,0,1,0,1,0,0,0,800424,5092,5832291,211,13,4325621,52,55757856
212487,11,8,2021,6,14,1,3,2,6,0,0,1,0,0,0,0,0,804151,486,5817808,473,13,47414359,52,42570564
212486,11,9,2021,6,12,1,3,5,3,0,0,1,0,0,0,0,0,808183,3165,5815760,559,13,53137363,52,4050958
212485,11,3,2021,5,15,3,3,5,3,0,1,1,0,0,0,0,1,797950,9118,5833664,184,13,39741614,52,57124434
212484,11,8,2021,6,11,4,3,2,6,0,0,1,0,0,0,0,1,802603,269,5823076,336,13,4562225,52,47378015
212483,11,2,2021,7,17,3,3,5,2,0,0,1,0,0,0,1,0,798798,9592,5824938,684,13,40204907,52,49256801
212482,11,3,2021,7,10,4,3,2,6,0,0,1,0,0,1,0,1,800743,5713,5838674,5,13,44304779,52,61461622
212481,11,10,2021,6,6,5,3,2,6,0,1,0,0,0,0,1,0,809552,6471,5826699,676,13,56157812,52,50235788
212480,11,5,2021,6,16,2,3,1,5,0,0,1,0,0,0,0,0,784163,5921,5828032,437,13,18971754,52,52812349
212479,11,8,2021,5,23,1,2,5,3,2,0,1,0,1,0,0,0,801017,5482,5823887,564,13,43367912,52,48192761
212478,11,8,2021,6,17,5,3,6,7,0,0,0,1,1,0,0,0,801468,8944,5820370,328,13,4371279,52,45015274
212477,11,11,2021,6,16,4,3,5,3,0,1,1,0,0,0,0,0,804994,8568,5830197,531,13,49784767,52,53627388
212476,11,5,2021,6,17,3,3,5,2,0,1,1,0,0,0,0,0,785173,9029,5830986,273,13,20710563,52,55407969
212475,11,9,2021,6,20,7,2,0,1,0,0,0,0,1,0,0,1,814202,5218,5821315,22,13,62478533,52,45145096
212474,11,7,2021,5,18,5,2,0,2,0,0,1,0,0,0,1,1,797845,5417,5822041,972,13,3854601,52,46712334
212473,11,1,2021,6,8,4,3,5,2,0,0,1,0,1,0,0,0,796850,3065,5830637,285,13,37851691,52,5447131
212472,11,5,2021,5,16,1,3,5,2,0,0,1,0,0,0,0,0,784170,491,5830056,296,13,19154325,52,5462662
212471,11,1,2021,6,15,2,3,5,2,0,0,1,0,0,0,0,0,796291,6715,5830599,411,13,37026938,52,54467769
212470,11,9,2021,7,19,2,3,5,3,0,1,1,0,0,0,0,0,807903,28,5815334,351,13,52687827,52,40143353
212469,11,1,2021,6,20,4,2,5,3,1,0,1,0,1,0,0,0,796121,416,5831193,362,13,36829015,52,55009462
212468,11,5,2021,7,7,6,3,6,4,0,1,0,1,0,0,0,0,785413,7548,5833157,779,13,21250181,52,57342333
212467,11,4,2021,7,13,5,3,6,2,0,0,1,1,0,0,0,0,792966,5567,5825541,686,13,31692127,52,5011354
212466,11,2,2021,6,11,6,3,5,2,0,1,1,0,0,0,0,0,797090,4104,5824707,864,13,37675212,52,49143154
212465,11,2,2021,6,8,5,2,2,6,0,0,1,0,0,0,0,0,801610,2569,5828869,682,13,44689358,52,52625591
212464,11,9,2021,6,16,2,3,2,2,0,0,1,0,1,0,0,0,809059,6504,5818759,475,13,54698437,52,43147823
212463,11,4,2021,6,9,3,3,5,3,0,1,1,0,0,0,0,0,791095,3446,5823983,181,13,28807092,52,48816485
212462,11,12,2021,6,19,6,3,5,3,0,1,1,0,0,0,0,0,790629,6702,5835988,963,13,29173543,52,59604427
212461,11,1,2021,6,16,6,3,4,6,0,1,1,0,0,0,0,0,796995,1064,5828649,303,13,37886934,52,52681419
212460,11,11,2021,6,16,4,3,0,6,0,1,1,0,0,0,0,0,807265,8063,5835970,469,13,53656968,52,58673509
212459,11,4,2021,6,12,6,3,5,3,0,0,1,0,0,0,0,0,789074,831,5827182,24,13,26116302,52,51791757
212458,11,4,2021,6,15,2,3,0,6,0,0,1,0,1,0,0,0,791702,6409,5827827,104,13,30035752,52,52230096
212457,11,4,2021,5,4,6,2,8,7,1,0,1,0,0,0,0,0,793516,196,5827652,86,13,32685708,52,51976573
212456,11,4,2021,6,12,4,3,2,6,0,0,0,0,1,0,0,0,788000,3439,5826601,195,13,24487984,52,51327828
212455,11,8,2021,7,14,1,3,0,3,0,0,1,0,1,0,0,0,799922,841,5819071,996,13,41328059,52,4393654
212454,11,1,2021,5,15,3,3,5,3,0,0,1,0,0,0,0,1,795104,3273,5828858,389,13,35126509,52,52971526
212453,11,3,2021,6,11,3,3,3,6,0,1,1,0,0,0,0,0,799932,3894,5831724,626,13,42481285,52,55277135
212452,11,3,2021,7,19,3,3,0,1,0,1,0,0,0,0,0,0,799252,2706,5830516,565,13,41372312,52,54231707
212451,11,9,2021,7,15,6,3,6,4,0,0,0,1,1,0,0,0,809336,44,5819648,624,13,55185895,52,43929052
212450,11,1,2021,6,14,2,3,1,5,0,1,1,0,0,0,1,0,797223,6718,5829184,324,13,38270688,52,53148547
212449,11,8,2021,6,18,6,3,5,2,0,1,1,0,0,0,0,0,802576,84,5823079,536,13,45583748,52,47382348
212448,11,12,2021,6,20,3,3,3,6,0,0,1,0,0,0,0,0,792610,5158,5837534,336,13,32226245,52,6088355
212447,11,12,2021,6,11,3,3,5,3,0,1,1,0,0,0,0,0,791055,6428,5840426,821,13,3019116,52,63560047
212446,11,4,2021,6,15,1,3,3,6,0,0,1,0,1,0,0,0,792496,929,5824381,588,13,30900382,52,49098734
212445,11,1,2021,6,14,7,3,6,4,0,0,1,1,0,0,0,0,794624,4266,5829872,576,13,3451102,52,5390663
212444,11,6,2021,7,19,7,2,2,2,0,1,1,0,0,0,0,0,787373,8754,5816619,685,13,22707605,52,42411737
212443,11,1,2021,6,12,4,3,0,1,0,1,0,0,0,0,0,0,798301,8822,5829371,92,13,39872314,52,53257804
212442,11,1,2021,6,2,6,3,9,1,2,0,0,0,1,0,0,0,799481,4554,5828832,856,13,41557535,52,52709936
212441,11,1,2021,6,6,2,3,6,2,0,0,1,1,0,0,0,0,798088,9068,5829998,19,13,3961544,52,53830822
212440,11,4,2021,5,16,4,3,2,6,0,0,1,0,0,0,1,0,789480,8106,5827488,642,13,26740725,52,52045072
212439,11,2,2021,6,8,4,3,0,2,0,1,1,0,0,0,0,1,798492,5748,5825223,544,13,39780494,52,49528904
212438,11,8,2021,7,11,2,3,2,6,0,0,1,0,0,0,0,0,803816,5018,5818110,696,13,4695131,52,42860031
212437,11,10,2021,7,13,4,3,5,3,0,1,1,0,0,0,0,0,813001,15,5828494,14,13,61390469,52,51647112
212436,11,4,2021,6,8,4,3,6,4,0,0,1,1,0,0,0,0,793194,9833,5822520,326,13,31761878,52,47392725
212435,11,7,2021,5,11,7,3,2,6,0,0,1,0,1,0,0,0,799388,8175,5817704,35,13,40422316,52,42739882
212434,11,7,2021,6,14,5,3,6,4,0,0,0,1,1,0,0,0,795463,4403,5824419,78,13,35260341,52,48973214
212433,11,3,2021,6,15,4,3,5,2,0,0,1,0,0,0,1,0,803006,4692,5842057,867,13,47946982,52,64368285
212432,11,9,2021,6,18,3,3,0,1,0,1,0,0,0,0,0,0,806970,1868,5820068,175,13,51754941,52,44438367
212431,11,2,2021,6,3,7,3,0,1,1,0,0,0,1,0,0,0,798731,3426,5824997,661,13,40110898,52,49313366
212430,11,1,2021,6,16,3,3,5,2,0,1,1,0,0,0,0,0,795791,864,5832049,696,13,36421254,52,55794966
212429,11,7,2021,6,22,4,3,5,2,2,1,1,0,0,0,0,0,798320,2137,5818973,59,13,38968589,52,43935986
212428,11,4,2021,6,8,2,3,2,6,0,0,1,0,0,0,0,0,791096,6529,5829125,414,13,2925879,52,53426405
212427,11,4,2021,6,23,1,3,3,6,2,1,1,0,0,0,0,0,792864,1205,5825526,874,13,31540348,52,5010576
212426,11,3,2021,7,0,1,3,1,5,2,0,0,0,1,0,1,0,800135,3887,5833860,721,13,42973002,52,57180584
212425,11,4,2021,6,22,1,3,3,6,2,0,1,0,0,0,1,0,792338,3616,5825392,415,13,3075621,52,50013413
212424,11,1,2021,6,20,4,3,0,2,1,1,0,0,1,0,0,1,799768,6456,5826564,29,13,41775184,52,50660508
212423,11,9,2021,7,21,4,2,0,1,1,1,0,0,0,0,0,0,818693,3788,5812585,767,13,68233949,52,37063366
212422,11,1,2021,7,8,5,3,5,3,0,1,1,0,0,0,0,0,794421,5645,5829389,2,13,34169931,52,53484119
212421,11,2,2021,6,7,5,3,5,2,0,1,0,0,0,0,1,0,797090,9083,5824705,964,13,37675774,52,49141423
212420,11,8,2021,5,11,1,3,6,7,0,0,1,1,0,0,0,0,801393,9295,5821142,903,13,43672539,52,4571189
212419,11,3,2021,6,6,6,3,5,3,0,0,1,0,1,0,0,0,799240,6989,5831804,734,13,41471371,52,55386983
212418,11,12,2021,6,6,4,3,3,6,0,0,1,0,1,0,0,0,793585,6029,5832350,255,13,33202804,52,56183792
212417,11,3,2021,6,15,3,3,5,3,0,1,0,0,0,0,0,0,798050,2994,5832924,247,13,39821344,52,56455744
212416,11,7,2021,6,10,6,3,5,2,0,1,1,0,0,0,0,0,799436,499,5814036,82,13,4016414,52,39449122
212415,11,6,2021,6,15,2,3,2,6,0,0,1,0,0,0,0,0,790509,4402,5821289,576,13,27711978,52,46432836
212414,11,5,2021,6,18,1,3,6,4,0,0,1,1,0,0,0,0,785336,9646,5832488,376,13,21079583,52,56746187
212413,11,5,2021,5,14,5,3,5,3,0,0,1,0,0,0,1,0,784657,3959,5829702,3,13,19840733,52,54283785
212412,11,1,2021,6,17,4,3,6,4,0,0,1,1,0,0,0,0,797670,2294,5832849,339,13,39255561,52,56409392
212411,11,1,2021,5,20,1,3,5,3,2,1,1,0,0,0,0,0,798356,9026,5830141,889,13,40022311,52,53944963
212410,11,7,2021,6,7,3,3,5,5,0,0,1,0,1,0,0,0,795514,2982,5824438,883,13,35336721,52,48987586
212409,11,3,2021,7,11,2,3,0,3,0,0,1,0,0,0,1,1,799992,57,5834943,82,13,42860072,52,58159293
212408,11,3,2021,6,13,5,3,2,7,0,1,0,0,0,0,1,0,798892,4502,5829878,85,13,4078588,52,53679155
212407,11,8,2021,7,18,6,3,1,5,0,1,1,0,0,0,0,0,801758,9313,5823551,302,13,44425897,52,47850446
212406,11,6,2021,7,15,6,3,5,7,0,0,1,0,0,0,0,1,788829,2185,5819597,161,13,25099221,52,45004581
212405,11,5,2021,6,13,6,3,0,1,0,0,0,0,1,0,0,0,784959,969,5829454,942,13,20263193,52,54046233
212404,11,1,2021,6,22,5,3,5,2,2,1,0,0,1,0,0,0,793672,1624,5832252,13,13,33321436,52,56091056
212403,11,2,2021,6,22,1,3,6,4,2,0,0,1,1,0,0,0,801135,4575,5828569,214,13,43964399,52,52382523
212402,11,4,2021,5,11,4,3,5,3,0,0,1,0,0,0,0,0,789992,273,5826317,665,13,27390367,52,50968098
212401,11,1,2021,7,14,5,3,3,6,0,0,1,0,1,0,0,1,795302,2237,5826181,818,13,35179809,52,50561475
212400,11,4,2021,7,16,3,3,5,3,0,1,1,0,0,0,0,0,788854,725,5827199,4,13,25794438,52,51818638
212399,11,1,2021,7,11,5,3,0,7,0,1,0,0,0,0,0,0,797834,9266,5829817,682,13,39225893,52,53682907
212398,11,11,2021,6,11,5,3,5,2,0,0,1,0,0,0,0,0,804214,7853,5829078,362,13,48535792,52,52667922
212397,11,7,2021,5,21,1,3,5,3,1,0,1,0,0,0,1,0,794590,44,5825443,31,13,34068785,52,49937678
212396,11,3,2021,6,8,6,2,0,7,0,0,1,0,0,1,0,0,801018,3748,5831559,367,13,44063203,52,55069104
212395,11,3,2021,6,12,5,3,5,3,0,1,1,0,0,0,0,1,800692,6709,5831572,278,13,43585459,52,55098665
212394,11,1,2021,6,15,3,3,5,3,0,1,0,0,0,0,0,0,798998,6666,5828614,374,13,40828354,52,52540599
212393,11,4,2021,6,17,2,3,5,3,0,1,1,0,0,0,0,0,793107,4003,5825211,409,13,31869955,52,49809894
212392,11,5,2021,5,16,5,3,8,1,0,0,0,0,1,0,0,1,789314,6283,5828977,662,13,26626049,52,53388831
212391,11,7,2021,6,9,4,2,5,3,0,0,1,0,0,0,0,0,799789,4776,5813976,931,13,40676053,52,39376795
212390,11,4,2021,5,21,1,3,0,2,1,0,1,0,0,0,1,0,792751,258,5827034,88,13,31507179,52,51463695
212389,11,8,2021,6,13,2,3,5,3,0,1,0,0,0,0,1,0,802497,2086,5823290,326,13,45485983,52,4757569
212388,11,4,2021,7,17,2,3,5,2,0,1,1,0,0,0,0,0,793436,827,5823923,258,13,32239296,52,48637455
212387,11,2,2021,6,16,5,3,6,4,0,0,1,1,0,0,0,0,800900,9093,5826104,86,13,43396909,52,50186615
212386,11,2,2021,7,18,6,3,1,5,0,1,1,0,0,0,0,0,799873,2745,5825880,214,13,41867295,52,50041824
212385,11,11,2021,7,4,5,3,5,2,2,1,1,0,0,0,0,0,804135,9342,5829849,914,13,48490503,52,53363832
212384,11,3,2021,6,8,5,3,2,6,0,0,1,0,1,0,0,0,797773,972,5832951,971,13,39417371,52,56495715
212383,11,5,2021,6,13,4,3,6,7,0,0,0,1,0,0,1,0,789158,4676,5829394,627,13,26432747,52,53770938
212382,11,4,2021,6,16,2,3,4,1,0,1,0,0,0,0,0,0,793198,9618,5829705,797,13,32400556,52,53834004
212381,11,6,2021,5,14,2,2,5,3,0,0,1,0,1,0,0,0,796050,1948,5817534,813,13,35511447,52,42769578
212380,11,2,2021,6,18,6,3,5,3,0,1,1,0,0,0,0,0,799326,9758,5826235,744,13,41096869,52,50390498
212379,11,9,2021,6,15,5,3,2,3,0,1,1,0,0,0,0,0,809932,4094,5817931,83,13,55901301,52,4235606
212378,11,8,2021,6,13,3,3,6,4,0,0,1,1,0,0,0,0,800873,322,5822466,695,13,43027993,52,46927137
212377,11,3,2021,6,19,6,3,2,6,0,0,1,0,0,0,0,0,800356,6136,5831559,894,13,43090195,52,55106105
212376,11,3,2021,5,15,6,2,5,2,0,0,1,0,1,0,0,1,802188,2419,5829415,232,13,45588316,52,53082561
212375,11,4,2021,6,13,4,3,2,6,0,1,0,0,0,0,0,0,792720,8803,5825940,936,13,31366332,52,5048464
212374,11,6,2021,7,15,1,3,6,7,0,1,0,1,0,0,0,0,795020,517,5820946,16,13,34302627,52,45883156
212373,11,7,2021,5,12,3,3,5,3,0,1,1,0,0,0,0,1,794698,4775,5824904,944,13,34179871,52,49449483
212372,11,5,2021,6,16,3,3,2,6,0,0,1,0,0,0,0,0,783647,7675,5825205,886,13,17972448,52,50304865
212371,11,1,2021,7,9,3,3,2,6,0,1,1,0,0,0,0,0,798320,187,5827226,743,13,39706805,52,51333938
212370,11,9,2021,7,1,7,3,9,1,2,0,1,0,0,0,0,1,807152,8879,5822219,691,13,52220791,52,46356352
212369,11,7,2021,6,12,2,3,2,7,0,1,0,0,0,0,1,0,793966,557,5821803,939,13,32831462,52,46709044
212368,11,4,2021,6,19,6,3,0,6,0,1,0,0,0,0,0,0,792712,6776,5825681,392,13,31331464,52,50252407
212367,11,3,2021,6,11,3,3,2,6,0,0,1,0,1,0,0,0,798473,8302,5837329,93,13,40841052,52,60380811
212366,11,5,2021,6,19,3,3,5,3,0,1,1,0,0,0,0,0,780002,4018,5821527,362,13,1230692,52,4719467
212365,11,5,2021,6,0,7,2,0,1,2,0,0,0,0,0,1,0,782845,5755,5828574,969,13,17080238,52,53367348
212364,11,8,2021,6,13,6,2,5,3,0,0,1,0,1,0,0,0,800690,1141,5822916,687,13,42799659,52,47340569
212363,11,1,2021,7,22,6,3,2,6,2,0,1,0,1,0,0,0,798595,668,5829067,891,13,40276829,52,52969199
212362,11,7,2021,6,16,6,3,3,6,0,0,1,0,0,0,1,0,795480,3311,5824423,565,13,35285481,52,48975693
212361,11,9,2021,6,13,2,3,5,3,0,0,1,0,0,0,0,0,806721,7863,5820288,971,13,51410882,52,44650191
212360,11,6,2021,5,9,4,3,5,2,0,1,1,0,0,0,0,0,789572,6365,5817322,703,13,25993034,52,42926107
212359,11,5,2021,6,14,4,3,2,6,0,0,1,0,0,0,0,1,783901,427,5831186,706,13,18855351,52,55654181
212358,11,6,2021,7,18,3,3,5,3,0,1,1,0,0,0,0,0,789377,9989,5817000,59,13,25679687,52,42647616
212357,11,1,2021,7,10,4,3,2,6,0,0,1,0,0,0,1,1,797672,17,5829236,95,13,38934626,52,53171246
212356,11,4,2021,6,11,4,3,5,3,0,1,1,0,0,0,0,0,793684,3036,5826066,528,13,3279276,52,50545454
212355,11,3,2021,5,14,7,3,9,1,0,0,1,0,0,0,0,0,803425,7865,5843454,481,13,48693177,52,65596567
212354,11,8,2021,6,16,5,3,5,2,0,1,1,0,0,0,0,0,801754,7935,5822047,803,13,44283824,52,4650306
212353,11,11,2021,6,17,4,3,5,3,0,1,1,0,0,0,0,0,804077,5736,5825982,505,13,48051288,52,49900866
212352,11,4,2021,6,16,3,2,5,2,0,1,0,0,0,0,1,0,792646,5259,5827106,32,13,31359565,52,5153336
212351,11,8,2021,6,21,7,3,5,3,1,1,1,0,0,0,0,0,801831,936,5823631,422,13,44539081,52,47918271
212350,11,4,2021,6,10,3,3,5,2,0,1,1,0,0,0,0,0,791296,6325,5822046,667,13,28933521,52,47069661
212349,11,12,2021,6,15,4,3,5,7,0,0,1,0,0,0,0,0,792565,4813,5832826,723,13,31744224,52,56665834
212348,11,4,2021,6,17,2,2,5,2,0,1,1,0,0,0,0,0,793926,2663,5824959,58,13,33050527,52,49540102
212347,11,5,2021,6,20,2,3,5,7,0,0,1,0,1,0,0,0,787413,171,5830102,212,13,2392779,52,54497654
212346,11,8,2021,7,23,1,3,9,1,2,0,1,0,0,0,0,0,805564,561,5818548,468,13,4955435,52,43155043
212345,11,1,2021,6,21,7,3,5,2,2,0,1,0,1,0,0,0,794704,414,5828852,221,13,34537593,52,52987652
212344,11,6,2021,7,9,5,3,5,3,0,0,1,0,0,1,0,1,789237,9976,5817139,682,13,25486388,52,42779722
212343,11,3,2021,7,23,4,3,2,6,2,1,1,0,0,0,0,0,799706,3281,5831440,175,13,42123187,52,55034615
212342,11,5,2021,6,13,5,3,6,4,0,0,0,1,0,1,0,0,781903,9054,5827177,299,13,15577132,52,52162918
212341,11,1,2021,5,14,1,3,6,7,0,0,0,1,0,0,1,0,798036,9104,5830081,636,13,39546486,52,53908465
212340,11,9,2021,6,10,6,3,1,5,0,1,1,0,0,0,0,0,804956,7061,5822610,36,13,49033878,52,46829501
212339,11,3,2021,6,14,4,3,0,1,0,1,0,0,0,0,0,0,798788,61,5830924,716,13,40727365,52,54622999
212338,11,2,2021,6,10,3,3,5,3,0,1,1,0,0,0,0,0,798596,7674,5825585,35,13,39965947,52,49847516
212337,11,1,2021,6,7,2,3,5,2,0,1,1,0,0,0,0,0,796964,1171,5826974,227,13,37691854,52,51181584
212336,11,2,2021,5,13,5,3,3,6,0,1,1,0,0,0,0,1,798193,5676,5825453,277,13,39361929,52,49751175
212335,11,4,2021,6,18,4,3,5,2,0,1,0,0,0,0,1,0,793490,6361,5825214,135,13,32433116,52,49791742
212334,11,2,2021,5,12,2,3,1,5,0,1,1,0,0,0,0,0,802280,815,5827494,671,13,45549826,52,51356038
212333,11,2,2021,6,21,2,3,5,3,1,1,1,0,0,0,0,0,800287,116,5826088,922,13,42493942,52,50206141
212332,11,5,2021,7,12,2,3,5,3,0,0,1,0,0,0,0,1,784962,2004,5829251,328,13,20250293,52,53863513
212331,11,6,2021,7,8,6,3,2,6,0,0,1,0,0,0,0,0,792268,533,5816691,557,13,29891075,52,42216955
212330,11,4,2021,7,11,6,3,3,6,0,0,1,0,0,0,1,1,790035,5888,5826136,548,13,27438231,52,50803422
212329,11,5,2021,6,12,6,3,2,6,0,0,1,0,0,0,0,0,784768,6925,5827090,913,13,19780692,52,51936601
212328,11,10,2021,6,6,5,3,3,2,0,0,1,0,0,0,0,0,809915,579,5831589,587,13,57145678,52,5459734
212327,11,1,2021,6,14,2,3,5,3,0,1,1,0,0,0,0,0,798313,3897,5827342,992,13,39707239,52,51438512
212326,11,2,2021,5,18,2,3,0,7,0,1,0,0,0,0,0,0,801916,1881,5827102,679,13,44978583,52,51024888
212325,11,5,2021,6,12,6,3,0,2,0,0,1,0,0,0,1,0,784846,4177,5829227,947,13,20078036,52,53848602
212324,11,12,2021,6,9,5,3,5,3,0,0,1,0,0,0,0,1,790591,8842,5839722,659,13,29445879,52,62953622
212323,11,7,2021,7,8,6,2,5,2,0,1,0,0,0,0,1,1,796260,1125,5822939,836,13,36298742,52,47603396
212322,11,5,2021,6,9,4,2,6,4,0,0,1,1,0,0,1,0,783434,3484,5829183,758,13,17997851,52,53882613
212321,11,4,2021,6,2,1,2,0,1,2,0,1,0,0,0,0,0,794310,5902,5825933,744,13,3370109,52,50392673
212320,11,8,2021,5,7,6,3,0,1,0,0,0,0,1,0,0,1,802539,3994,5818924,643,13,45152352,52,43660352
212319,11,7,2021,6,7,5,3,2,2,0,0,1,0,0,0,1,0,797817,6479,5820911,679,13,38404219,52,4570067
212318,11,9,2021,7,15,2,3,0,1,0,1,0,0,0,0,0,0,814203,9348,5821492,842,13,62497315,52,45304182
212317,11,12,2021,5,22,2,2,0,7,2,0,0,0,0,0,1,0,789642,5637,5833971,42,13,27543926,52,57848364
212316,11,3,2021,6,8,3,3,1,5,0,1,0,0,0,1,0,0,798374,8778,5832752,919,13,40283368,52,56284395
212315,11,1,2021,7,13,2,3,5,2,0,1,1,0,0,0,0,0,797041,2176,5829321,45,13,38014759,52,5328141
212314,11,4,2021,7,16,3,2,0,4,0,0,0,1,1,0,0,0,792864,18,5824318,429,13,31433931,52,49022433
212313,11,12,2021,5,18,6,3,3,2,0,1,1,0,0,0,0,0,793197,2529,5832314,297,13,32628371,52,56172483
212312,11,8,2021,6,15,4,3,2,6,0,0,1,0,1,0,0,0,802627,3007,5824372,997,13,45775205,52,48538883
212311,11,11,2021,7,22,7,3,2,3,2,0,1,0,0,0,0,1,806598,298,5827332,626,13,51876948,52,50969862
212310,11,1,2021,6,21,2,3,0,4,1,0,0,1,1,0,0,0,797876,2576,5826733,908,13,39010457,52,50916434
212309,11,7,2021,6,7,6,3,5,3,0,1,1,0,0,0,0,0,796508,1003,5822474,7,13,3662145,52,47172985
212308,11,7,2021,6,15,3,3,3,5,0,1,1,0,0,0,0,0,794977,5562,5825248,565,13,34620182,52,49742441
212307,11,9,2021,6,16,3,3,2,6,0,0,1,0,0,0,0,0,808421,9694,5819101,113,13,53794971,52,43489989
212306,11,1,2021,6,16,2,2,2,6,0,0,1,0,0,0,0,0,797524,716,5830992,355,13,38875078,52,54752799
212305,11,3,2021,6,11,7,2,5,3,0,1,1,0,0,0,0,0,801107,9263,5831517,277,13,44191061,52,55026429
212304,11,3,2021,7,12,6,3,5,3,0,0,1,0,0,0,0,0,799230,1211,5829270,98,13,41227513,52,53115658
212303,11,3,2021,6,16,7,3,5,3,0,1,1,0,0,0,0,0,798603,9,5835174,639,13,40836979,52,58442591
212302,11,7,2021,6,11,2,3,2,6,0,1,1,0,0,0,0,0,797487,4648,5822868,231,13,38094135,52,47472498
212301,11,2,2021,5,18,2,3,5,3,0,1,1,0,0,0,0,0,802448,4569,5828284,765,13,45867934,52,52054901
212300,11,6,2021,6,19,6,3,0,7,0,1,0,0,0,0,0,0,786428,3207,5818353,313,13,21469364,52,44015683
212299,11,12,2021,6,7,6,2,5,3,0,0,0,0,1,0,1,0,795483,4612,5834273,412,13,36165749,52,57805057
212298,11,3,2021,7,16,6,3,5,2,0,1,1,0,0,0,0,0,796559,7595,5840104,359,13,38271856,52,62973226
212297,11,2,2021,6,6,4,3,5,5,0,1,1,0,0,0,0,0,801190,518,5828476,236,13,44036889,52,52296144
212296,11,1,2021,6,1,6,3,2,6,2,0,1,0,0,0,0,0,799525,1211,5828817,777,13,4162035,52,52694021
212295,11,12,2021,6,12,2,3,5,2,0,0,1,0,0,0,0,0,791167,6855,5834028,571,13,29793323,52,57818207
212294,11,12,2021,5,13,6,3,0,2,0,0,1,0,1,0,0,1,795309,453,5837238,658,13,36173457,52,60472573
212293,11,10,2021,6,15,4,3,5,3,0,0,1,0,0,0,0,0,808837,5746,5832766,809,13,55671283,52,55713512
212292,11,4,2021,7,22,1,3,6,7,0,0,0,1,0,0,1,0,794415,6534,5825874,292,13,33850174,52,5033371
212291,11,3,2021,5,17,3,3,2,6,0,0,1,0,0,0,1,1,799571,5269,5831734,177,13,419515,52,55305555
212290,11,9,2021,6,22,3,3,4,1,2,1,1,0,0,0,0,0,802316,3716,5825319,932,13,4540461,52,49404849
212289,11,11,2021,7,15,2,3,1,7,0,0,1,0,0,0,0,0,804079,2107,5828208,197,13,4825701,52,51895588
212288,11,8,2021,7,11,3,2,6,4,0,0,1,1,0,0,0,0,801111,3423,5822001,24,13,43335311,52,46496628
212287,11,4,2021,7,14,6,3,0,1,0,1,1,0,0,0,0,1,792293,553,5826110,669,13,3075271,52,50659738
212286,11,9,2021,6,9,3,3,5,2,0,1,1,0,0,0,0,0,802113,3509,5824768,475,13,4505648,52,48921815
212285,11,11,2021,6,5,6,3,2,6,0,0,1,0,0,0,0,0,807271,3888,5824551,955,13,52609513,52,48439908
212284,11,2,2021,6,9,3,3,6,4,0,0,1,1,0,0,0,0,801761,7585,5827427,929,13,44781213,52,51324957
212283,11,6,2021,6,4,3,3,1,7,2,0,1,0,0,0,1,0,790406,1302,5820927,123,13,27528799,52,46113381
212282,11,3,2021,6,16,2,3,1,5,0,0,1,0,1,0,0,0,797407,7166,5838811,461,13,39404707,52,61767968
212281,11,12,2021,6,18,7,3,6,4,0,0,1,1,0,0,0,0,795608,536,5833075,371,13,36242995,52,56724339
212280,11,4,2021,7,11,6,3,2,6,0,0,1,0,0,0,0,0,790555,123,5822291,228,13,27866264,52,47328404
212279,11,4,2021,6,11,7,3,5,3,0,1,1,0,0,0,0,0,791212,4926,5823798,185,13,2896297,52,48644387
212278,11,4,2021,6,6,2,3,5,2,0,1,1,0,0,0,0,0,790376,8995,5827323,641,13,28043299,52,51849503
212277,11,4,2021,5,18,4,3,5,3,0,0,1,0,1,0,0,0,789576,314,5827170,964,13,26853018,52,51755211
212276,11,1,2021,6,16,4,3,3,6,0,0,1,0,1,0,0,1,796361,664,5831941,86,13,37249599,52,5566663
212275,11,11,2021,7,16,3,3,5,2,0,1,1,0,0,0,0,0,805281,9657,5833240,752,13,50486522,52,5633875
212274,11,12,2021,7,9,4,3,5,3,0,1,1,0,0,0,0,1,789393,4282,5833721,935,13,27155508,52,57637954
212273,11,8,2021,6,8,4,3,5,2,0,1,1,0,0,0,0,0,800180,1503,5823632,335,13,42115526,52,48010084