OBJECTID,LAND,BEZ,UJAHR,UMONAT,USTUNDE,UWOCHENTAG,UKATEGORIE,UART,UTYP1,ULICHTVERH,IstRad,IstPKW,IstFuss,IstKrad,IstGkfz,IstSonstige,USTRZUSTAND,LINREFX,LINREFY,XGCSWGS84,YGCSWGS84,,,,
212272,11,7,2021,5,14,1,3,5,3,0,1,1,0,0,0,0,0,795483,3069,5825553,177,13,35390045,52,49988143
212271,11,1,2021,6,12,5,3,3,6,0,0,1,0,0,1,0,0,796619,313,5831752,24,13,37611219,52,55483146
212270,11,3,2021,6,6,4,3,5,7,0,0,1,0,0,0,0,0,800310,311,5830867,263,13,42959067,52,54487853
212269,11,1,2021,6,17,3,3,0,5,0,1,0,0,0,0,1,0,796055,8183,5828509,629,13,36493994,52,52607303
212268,11,9,2021,6,21,7,3,5,2,1,0,1,0,0,0,0,0,809992,8644,5816041,389,13,55814914,52,4065912
212267,11,8,2021,6,16,3,3,3,2,0,1,1,0,0,0,0,0,800721,1222,5823800,503,13,42924872,52,48131058
212266,11,9,2021,6,12,4,3,0,1,0,1,0,0,0,0,0,0,818431,9593,5820300,144,13,68584698,52,43990873
212265,11,12,2021,6,18,2,3,5,2,0,1,1,0,0,0,0,0,786734,2147,5838513,872,13,23657117,52,62074922
212264,11,6,2021,7,12,7,3,5,2,0,1,1,0,0,0,0,0,789836,963,5820292,259,13,26638292,52,45574423
212263,11,4,2021,6,16,1,3,5,3,0,0,1,0,1,0,0,0,791397,3684,5828595,15,13,29654382,52,52934842
212262,11,3,2021,7,5,5,3,6,4,0,0,1,1,0,0,0,1,799040,3109,5839071,536,13,41832518,52,61911485
212261,11,4,2021,7,16,5,3,1,5,0,1,1,0,0,0,0,1,793503,84,5825302,669,13,32459202,52,49870439
212260,11,6,2021,6,7,5,3,5,2,0,1,1,0,0,0,0,0,791443,5246,5820645,517,13,29026798,52,45805691
212259,11,6,2021,5,5,2,2,1,5,0,0,1,0,1,0,0,0,793665,971,5819948,11,13,32226993,52,45061434
212258,11,11,2021,6,17,5,2,4,1,0,1,0,0,0,0,0,0,806280,4537,5824474,39,13,51147634,52,4842575
212257,11,8,2021,6,18,6,2,6,2,0,0,1,1,0,0,0,0,801708,754,5817221,211,13,43780462,52,42179396
212256,11,9,2021,6,8,3,3,2,6,0,0,1,0,0,0,0,0,808205,5554,5818755,755,13,534458,52,43192673
212255,11,9,2021,6,8,2,2,4,6,0,0,1,0,0,0,0,0,802843,808,5824248,473,13,46080694,52,48415309
212254,11,4,2021,6,13,1,3,1,5,0,1,1,0,0,0,0,0,790958,8769,5825016,348,13,28696903,52,49749997
212253,11,12,2021,5,13,5,2,0,1,0,0,0,0,1,0,0,0,791529,6373,5834371,707,13,30356142,52,58106439
212252,11,2,2021,6,16,4,3,5,2,0,0,1,0,1,0,0,0,799774,9582,5824824,895,13,41627926,52,49101294
212251,11,1,2021,5,1,2,3,5,2,2,0,1,0,0,0,0,0,799479,819,5828830,293,13,41554899,52,52707728
212250,11,2,2021,6,11,2,3,0,2,0,1,0,0,0,0,1,0,800117,1204,5825741,586,13,42212951,52,49904162
212249,11,10,2021,7,15,2,3,0,4,0,0,0,1,0,0,1,0,811166,222,5830726,584,13,58903982,52,53752669
212248,11,4,2021,7,10,6,3,2,2,0,0,1,0,0,0,0,0,792255,9971,5830676,702,13,31099605,52,54755042
212247,11,8,2021,7,21,6,3,5,3,2,0,1,0,0,0,0,1,804455,851,5816944,98,13,47781468,52,41778931
212246,11,6,2021,6,13,5,2,1,5,0,1,0,0,0,1,0,0,794510,7467,5820008,568,13,33471842,52,45070275
212245,11,7,2021,6,12,5,3,1,5,0,0,1,0,1,0,0,0,796055,9945,5823142,976,13,36017119,52,47796563
212244,11,10,2021,6,12,2,3,5,7,0,0,1,0,0,0,1,0,808209,3024,5829234,385,13,54419789,52,52583409
212243,11,6,2021,5,17,2,3,6,4,0,1,0,1,0,0,0,0,784580,8243,5817356,412,13,18673873,52,43218291
212242,11,6,2021,6,21,6,3,5,7,0,0,1,0,0,0,0,0,793044,591,5821523,201,13,31452727,52,46506928
212241,11,2,2021,6,19,7,3,5,2,0,1,1,0,0,0,0,0,799712,2461,5826050,649,13,41646123,52,5020344
212240,11,2,2021,7,16,6,2,6,4,0,1,0,1,0,0,0,0,801453,7519,5826033,55,13,44202446,52,50092186
212239,11,2,2021,6,0,4,2,1,5,2,1,1,0,0,0,0,0,799410,7928,5826165,811,13,41213698,52,50323215
212238,11,1,2021,6,7,6,3,2,6,0,0,0,0,1,1,0,1,795508,1232,5831665,656,13,35969741,52,55466114
212237,11,8,2021,6,8,2,2,2,6,0,0,1,0,0,0,0,0,801399,9076,5819140,866,13,43500679,52,43917071
212236,11,2,2021,5,13,5,3,5,3,0,1,1,0,0,0,0,0,799282,4992,5826219,381,13,41030067,52,50378271
212235,11,4,2021,6,13,5,3,1,5,0,1,1,0,0,0,0,0,791573,27,5824591,15,13,29561763,52,49335913
212234,11,2,2021,7,1,2,3,5,2,2,1,1,0,0,0,0,1,801760,8887,5826242,508,13,44672477,52,50262501
212233,11,7,2021,5,15,3,3,5,3,0,0,1,0,0,0,1,0,799885,9078,5820995,538,13,41446565,52,4566275
212232,11,5,2021,6,18,3,3,2,6,0,0,1,0,0,0,1,0,783658,7084,5825352,85,13,18000979,52,50435382
212231,11,5,2021,7,13,2,2,5,7,0,0,0,1,1,0,0,0,786881,45,5829683,372,13,23109072,52,54150186
212230,11,1,2021,7,11,3,3,2,6,0,1,0,0,0,0,1,0,794480,483,5828451,35,13,34172815,52,52640121
212229,11,9,2021,5,6,6,3,2,7,0,0,1,0,0,0,1,1,806383,8814,5821044,966,13,50984594,52,45346689
212228,11,6,2021,6,9,5,3,0,1,0,0,1,0,0,0,0,0,789291,8107,5817674,215,13,25611558,52,43256112
212227,11,9,2021,6,7,4,3,2,6,0,0,1,0,0,0,0,0,806251,509,5820429,148,13,50733268,52,4480221
212226,11,11,2021,7,6,7,2,5,3,0,0,1,0,0,0,0,1,803855,7003,5828357,322,13,47942239,52,52041702
212225,11,8,2021,6,10,3,3,5,3,0,1,0,0,0,0,1,1,801461,662,5823876,596,13,44018922,52,4815843
212224,11,1,2021,6,6,6,3,0,1,0,0,0,0,0,0,1,0,797839,619,5827061,296,13,3898511,52,51211928
212223,11,8,2021,6,12,3,3,2,2,0,0,1,0,0,0,0,0,802577,6813,5823081,893,13,45585197,52,47384414
212222,11,1,2021,6,9,3,3,3,6,0,0,1,0,0,0,0,0,793644,9029,5829162,131,13,33008138,52,53322627
212221,11,3,2021,6,13,1,2,5,3,0,1,1,1,0,0,0,0,800034,51,5833421,877,13,42784899,52,56792799
212220,11,4,2021,6,17,1,3,6,7,0,0,0,1,0,0,1,0,790687,8865,5829337,34,13,28676357,52,53637939
212219,11,4,2021,7,12,7,3,0,2,0,0,1,0,1,0,0,0,794558,2439,5826015,448,13,34072127,52,50452552
212218,11,10,2021,6,13,7,3,2,6,0,0,1,0,0,0,1,0,812522,8616,5824990,764,13,60359155,52,48535114
212217,11,7,2021,5,13,4,3,0,6,0,1,1,0,0,0,0,0,796127,1482,5814675,824,13,35371349,52,40202519
212216,11,8,2021,6,0,4,3,1,1,2,0,1,0,0,1,0,0,804960,7553,5817502,172,13,48573579,52,42250968
212215,11,5,2021,7,13,3,3,3,6,0,0,1,0,0,0,1,0,787978,3089,5829794,45,13,24732152,52,54191527
212214,11,4,2021,7,19,4,3,5,7,0,0,1,0,1,0,0,0,793643,3031,5823536,17,13,32509493,52,48279306
212213,11,10,2021,6,17,5,3,5,2,0,0,1,0,0,0,1,0,807614,686,5832373,968,13,53836747,52,55430662
212212,11,5,2021,5,19,1,2,5,3,1,0,0,0,0,0,1,0,783473,8858,5827627,505,13,17923269,52,52485188
212211,11,9,2021,6,18,5,3,0,7,0,1,0,0,0,0,0,0,807656,3742,5821840,626,13,52924622,52,45988305
212210,11,3,2021,6,8,4,3,5,2,0,1,1,0,0,0,0,0,798135,557,5835470,38,13,40175702,52,58733315
212209,11,1,2021,6,0,3,2,0,1,2,1,0,0,0,0,0,0,799676,1264,5827038,909,13,41682029,52,51091247
212208,11,8,2021,6,13,1,3,5,2,0,1,0,0,0,0,0,0,801202,295,5823549,263,13,43608579,52,47879346
212207,11,3,2021,6,20,1,2,5,2,0,1,1,0,0,0,0,0,799833,9819,5839319,261,13,4302382,52,62089788
212206,11,9,2021,6,8,4,3,5,3,0,1,1,0,0,0,0,0,815399,1856,5820983,643,13,64202345,52,44779074
212205,11,3,2021,6,16,4,3,0,1,0,1,0,0,0,0,0,0,802461,82,5829252,437,13,45974495,52,52921517
212204,11,1,2021,6,14,2,3,1,5,0,0,1,0,0,0,0,0,793170,6231,5828288,865,13,32233922,52,52565314
212203,11,3,2021,7,10,2,2,0,3,0,0,1,0,0,0,1,1,802757,4935,5839057,199,13,47305254,52,61692805
212202,11,1,2021,6,5,7,3,5,2,0,1,1,0,0,0,0,0,797013,9547,5828942,11,13,37940792,52,52942861
212201,11,7,2021,7,8,5,3,1,5,0,0,1,0,0,0,1,1,797230,2656,5823003,93,13,37728591,52,4760739
212200,11,7,2021,7,19,5,2,6,4,0,0,1,1,0,0,0,0,794892,9569,5823167,627,13,34311789,52,47881585
212199,11,5,2021,6,14,6,3,1,5,0,0,1,0,0,0,1,0,785218,3722,5828937,402,13,20600033,52,53568648
212198,11,12,2021,6,10,2,3,5,3,0,1,1,0,0,0,0,0,792569,923,5833291,636,13,31791768,52,5708237
212197,11,4,2021,6,10,3,3,5,2,0,1,1,0,0,0,0,0,786236,9281,5826007,236,13,21845453,52,50888128
212196,11,12,2021,6,15,6,3,5,3,0,1,1,0,0,0,0,0,792256,179,5837209,347,13,31675756,52,60611276
212195,11,4,2021,6,15,6,3,5,7,0,0,1,0,1,0,0,0,791947,251,5826105,735,13,30244227,52,50673831
212194,11,4,2021,5,8,4,3,5,7,0,1,1,0,0,0,0,0,794052,2672,5824450,506,13,3319066,52,49076955
212193,11,8,2021,6,9,4,3,5,3,0,0,1,0,0,0,0,1,801143,3252,5822844,161,13,43458346,52,47250595
212192,11,1,2021,7,14,3,3,5,3,0,1,1,0,0,0,0,0,799451,7283,5828784,775,13,41509517,52,52668472
212191,11,11,2021,7,8,4,3,5,7,0,0,1,0,1,0,0,1,805807,6412,5831853,267,13,51131791,52,55065757
212190,11,10,2021,6,17,4,3,5,2,0,0,1,0,1,0,0,0,809581,6746,5824942,586,13,56037168,52,4865949
212189,11,9,2021,5,22,7,3,1,5,2,1,1,0,0,0,0,0,813329,7474,5821598,74,13,6122501,52,45449253
212188,11,8,2021,6,17,5,3,5,2,0,0,1,0,0,0,0,0,800664,2497,5824379,244,13,42893576,52,48652935
212187,11,2,2021,6,9,5,3,0,7,0,0,1,0,0,0,0,1,801126,767,5828584,324,13,43952996,52,52396546
212186,11,9,2021,6,17,3,3,2,6,0,0,1,0,0,0,0,0,812085,7624,5820971,36,13,59341601,52,44957908
212185,11,1,2021,6,21,7,2,5,3,2,1,1,0,0,0,0,0,795252,8691,5826039,647,13,35094696,52,504367
212184,11,12,2021,6,15,3,3,5,2,0,1,1,0,0,0,0,0,793421,7566,5832487,449,13,32973922,52,56315611
212183,11,2,2021,6,19,4,2,5,7,0,0,1,0,1,0,0,0,802353,4614,5827459,299,13,45653339,52,51320307
212182,11,5,2021,6,15,7,2,5,3,0,0,1,0,0,0,1,0,784178,6466,5828957,207,13,19072951,52,53640721
212181,11,10,2021,7,17,2,3,0,7,0,0,1,0,0,0,0,0,811926,6098,5825169,929,13,59500689,52,48729763
212180,11,7,2021,6,14,7,3,6,7,0,0,0,1,0,0,1,0,794641,4181,5825744,284,13,34170319,52,5020498
212179,11,3,2021,7,15,5,2,5,3,0,0,1,0,0,0,0,1,795290,9494,5835080,826,13,35954412,52,58539276
212178,11,9,2021,7,16,5,3,2,2,0,1,1,0,0,0,0,1,809950,1063,5821622,24,13,56269523,52,45662801
212177,11,1,2021,6,13,5,3,2,6,0,1,1,0,0,0,0,0,797074,9223,5829291,921,13,38061663,52,53253105
212176,11,3,2021,5,7,2,3,6,4,0,0,1,1,0,0,0,0,804422,9392,5841223,109,13,49957068,52,63540916
212175,11,4,2021,6,13,5,3,1,5,0,1,1,0,0,0,0,0,793485,353,5825785,414,13,32475235,52,5030417
212174,11,3,2021,6,15,5,3,5,2,0,1,1,0,0,0,0,0,800455,5782,5832115,406,13,43285988,52,55598564
212173,11,11,2021,6,17,3,3,5,2,0,1,1,0,0,0,0,0,804255,106,5827662,994,13,48465588,52,51397133
212172,11,2,2021,6,9,6,3,1,5,0,1,1,0,0,0,0,0,797509,371,5824800,69,13,38298264,52,49203562
212171,11,2,2021,6,21,1,2,5,3,1,1,1,0,0,0,0,0,801289,47,5825362,234,13,43899753,52,4949957
212170,11,8,2021,5,8,5,3,6,4,0,1,0,1,0,0,0,0,801374,871,5819239,4,13,43471661,52,44006491
212169,11,5,2021,6,17,4,3,6,4,0,0,0,1,0,0,1,0,784067,9001,5827988,34,13,18827307,52,52777798
212168,11,1,2021,5,21,2,3,2,6,2,0,1,0,1,0,0,1,793834,3524,5828478,183,13,3322618,52,52699296
212167,11,2,2021,6,14,2,2,5,3,0,1,1,0,0,0,0,0,802559,9321,5825954,416,13,458199,52,4996004
212166,11,3,2021,7,15,2,3,4,6,0,1,0,0,0,0,0,0,804786,8352,5841412,52,13,50510552,52,6368984
212165,11,1,2021,7,22,6,3,2,6,2,0,1,0,0,0,0,1,799098,757,5828993,79,13,41008511,52,52874599
212164,11,1,2021,6,8,6,3,5,2,0,1,1,0,0,0,0,0,794479,8966,5830670,941,13,34369305,52,54630119
212163,11,8,2021,6,16,5,2,5,2,0,0,1,0,0,0,0,0,804138,9095,5817812,978,13,47396971,52,42575277
212162,11,4,2021,6,11,2,3,2,6,0,0,1,0,0,0,1,0,789623,6485,5828391,436,13,27029282,52,52846858
212161,11,4,2021,6,11,3,2,5,3,0,1,1,0,0,0,0,0,791920,2145,5823992,547,13,300193,52,48780835
212160,11,3,2021,6,11,6,3,1,5,0,0,1,0,0,0,0,0,800985,3488,5831903,288,13,44045819,52,55379189
212159,11,4,2021,6,8,6,3,5,3,0,1,1,0,0,0,0,0,794161,8879,5826989,7,13,3357596,52,51347297
212158,11,6,2021,7,13,6,3,5,2,0,1,1,0,0,0,0,0,784750,2482,5817547,217,13,18938656,52,43380555
212157,11,3,2021,6,9,3,3,5,2,0,1,0,0,0,0,1,0,800861,144,5836034,929,13,4423801,52,5908927
212156,11,4,2021,6,13,6,3,0,4,0,0,0,1,1,0,0,0,790339,182,5827494,895,13,28002575,52,52005051
212155,11,1,2021,6,8,2,3,3,6,0,1,1,0,0,0,0,0,798452,321,5829048,84,13,40064432,52,52959972
212154,11,7,2021,6,12,4,3,5,2,0,1,1,0,0,0,0,0,799800,4492,5813978,656,13,40692283,52,3937774
212153,11,2,2021,5,17,2,3,6,7,0,1,0,1,0,0,0,0,798721,785,5825251,2,13,4011958,52,49540992
212152,11,1,2021,6,6,4,3,5,2,0,0,1,0,0,0,1,1,799247,2792,5828469,68,13,4118064,52,52396714
212151,11,12,2021,7,11,3,2,2,6,0,0,1,0,1,0,0,0,792082,6257,5831788,115,13,30942434,52,55760687
212150,11,9,2021,7,11,4,3,6,4,0,0,1,1,0,0,0,1,810527,1256,5823238,257,13,57266373,52,47078455
212149,11,3,2021,6,15,4,3,0,2,0,1,1,0,0,0,0,0,803458,6397,5838508,982,13,4828742,52,6116236
212148,11,8,2021,5,14,7,3,2,6,0,1,1,0,0,0,0,0,801202,814,5823797,988,13,43631809,52,48102256
212147,11,12,2021,6,14,5,3,5,3,0,0,1,0,0,0,0,0,794958,3395,5832721,513,13,35255022,52,56442404
212146,11,12,2021,6,7,4,2,4,5,0,0,1,0,0,0,0,0,789636,5329,5834641,368,13,27593598,52,58449295
212145,11,7,2021,7,15,7,3,2,6,0,0,1,0,0,0,0,0,796818,35,5822183,123,13,3705046,52,46894782
212144,11,2,2021,6,4,3,2,3,6,1,1,1,0,0,0,1,0,801110,3309,5825028,518,13,43607204,52,49210312
212143,11,4,2021,6,17,7,3,2,6,0,1,1,0,0,0,0,0,792277,5968,5825355,926,13,30663747,52,49983956
212142,11,7,2021,6,8,4,3,5,3,0,0,1,0,0,0,0,0,797657,2484,5822020,257,13,38267712,52,46703131
212141,11,9,2021,6,17,3,3,5,3,0,1,1,0,0,0,0,0,811257,9942,5820190,925,13,58054814,52,44305998
212140,11,7,2021,6,9,2,3,6,4,0,0,0,1,0,0,1,0,796687,2058,5824705,313,13,3708286,52,49162796
212139,11,2,2021,6,18,1,3,0,1,0,1,0,0,0,0,0,0,803195,4728,5826829,97,13,46832998,52,50709513
212138,11,6,2021,7,12,1,3,1,5,0,0,1,0,0,0,0,0,791926,4078,5816384,31,13,29363256,52,41959494
212137,11,12,2021,6,14,7,3,1,5,0,1,1,0,0,0,0,0,789813,399,5833577,622,13,27760909,52,57486228
212136,11,1,2021,5,8,4,3,5,3,0,1,1,0,0,0,0,0,796936,83,5826779,594,13,37633301,52,51008642
212135,11,11,2021,7,15,5,2,4,1,0,0,0,0,1,0,1,1,804621,263,5829088,811,13,49133714,52,52654604
212134,11,4,2021,7,20,4,3,2,6,0,0,1,0,0,0,0,0,793692,8746,5825808,119,13,32782557,52,50313341
212133,11,10,2021,7,11,5,3,0,1,0,0,1,0,1,0,0,0,809491,8521,5827233,32,13,56118109,52,50717214
212132,11,2,2021,6,15,5,3,5,2,0,0,0,0,1,0,1,0,801728,505,5827427,108,13,44732285,52,5132606
212131,11,12,2021,5,16,1,3,1,5,0,0,1,0,1,0,0,0,795452,3337,5834179,742,13,36111598,52,57722781
212130,11,3,2021,6,7,6,3,5,2,0,1,1,0,0,0,0,0,800081,5578,5832606,311,13,42780342,52,56059195
212129,11,12,2021,6,12,5,3,6,4,0,0,1,1,0,0,0,0,789948,8212,5834903,576,13,28076178,52,58667728
212128,11,9,2021,6,7,3,3,5,3,0,1,1,0,0,0,0,0,809207,9977,5819503,56,13,54984713,52,43805834
212127,11,3,2021,6,8,2,3,1,7,0,1,1,0,0,0,0,0,799878,1623,5832102,975,13,42435721,52,55619247
212126,11,1,2021,5,21,5,2,5,3,2,1,1,0,0,0,0,0,795699,3488,5828171,642,13,3594003,52,52323673
212125,11,5,2021,6,15,4,3,3,6,0,0,1,0,0,0,1,0,786983,5194,5829578,561,13,23250705,52,5405082
212124,11,2,2021,5,19,1,3,5,2,0,0,1,0,0,0,0,1,802444,9573,5826260,547,13,45678844,52,50240798
212123,11,4,2021,6,10,2,3,3,6,0,1,1,0,0,0,0,0,793965,381,5824905,873,13,33102734,52,49489867
212122,11,3,2021,7,11,2,3,5,2,0,1,1,0,0,0,0,1,802343,232,5829202,163,13,45796726,52,52882994
212121,11,2,2021,6,16,5,3,2,7,0,1,1,0,0,0,0,0,797633,539,5825658,455,13,38557027,52,4996569
212120,11,2,2021,7,18,6,3,5,2,0,0,1,0,1,0,0,0,798332,6,5825556,781,13,39574524,52,49836387
212119,11,2,2021,7,23,5,3,1,5,2,1,1,0,0,0,0,0,800095,177,5824976,74,13,42111762,52,49219208
212118,11,3,2021,6,9,6,3,6,4,0,1,0,1,0,0,0,0,801975,393,5831201,442,13,45437822,52,54695329
212117,11,5,2021,6,21,5,3,6,7,1,1,0,1,0,0,0,0,783942,8005,5828983,868,13,18728441,52,53676919
212116,11,9,2021,6,16,2,3,5,2,0,0,1,0,1,0,0,0,808250,9345,5818800,634,13,53516474,52,43230337
212115,11,11,2021,5,18,2,3,2,6,0,0,0,0,1,0,1,0,806126,2519,5826691,59,13,51124971,52,50421365
212114,11,4,2021,6,19,6,3,1,5,0,0,1,0,1,0,1,0,791472,5039,5827488,506,13,29667845,52,51938855
212113,11,2,2021,6,17,6,3,5,3,0,1,1,0,0,0,0,0,797972,7498,5826184,728,13,39103059,52,50418892
212112,11,6,2021,6,14,3,3,5,2,0,0,1,0,1,0,0,0,790009,699,5817502,68,13,26649622,52,43063763
212111,11,4,2021,6,14,6,3,5,2,0,0,1,0,1,0,0,0,790072,5766,5826668,65,13,27538901,52,51277967
212110,11,1,2021,5,15,6,3,5,3,0,1,1,0,0,0,0,1,796966,7708,5828844,659,13,37862737,52,52858078
212109,11,2,2021,6,12,4,3,0,7,0,0,1,1,0,0,0,0,798176,5355,5824306,467,13,39234283,52,48724131
212108,11,7,2021,7,17,1,3,5,7,0,0,1,0,0,0,1,0,796112,6078,5825327,35,13,36294315,52,49751598
212107,11,12,2021,5,12,3,2,0,7,0,0,1,0,1,0,0,1,788625,418,5833054,399,13,25967202,52,57080281
212106,11,1,2021,6,13,3,3,6,4,0,1,0,1,0,0,0,1,799764,5658,5827143,15,13,41821345,52,51179823
212105,11,3,2021,7,16,3,3,3,6,0,1,0,0,0,0,0,0,799729,6778,5829370,922,13,41970842,52,53178584
212104,11,11,2021,7,13,7,3,5,3,0,1,1,0,0,0,0,0,806401,1214,5833726,196,13,52177245,52,56710947
212103,11,9,2021,6,16,2,3,5,2,0,1,1,0,0,0,0,0,809345,207,5818502,402,13,55093066,52,42901307
212102,11,5,2021,6,7,6,3,6,4,0,0,0,1,0,0,1,0,781096,4916,5829817,175,13,14613524,52,54571676
212101,11,2,2021,6,21,3,3,0,2,1,1,1,0,0,0,0,0,799488,5414,5826137,255,13,41325331,52,50293352
212100,11,4,2021,6,8,3,2,0,1,0,1,0,0,0,0,0,0,792073,5293,5825583,333,13,30383926,52,50198748
212099,11,2,2021,6,0,7,3,4,6,2,0,1,0,0,0,0,0,799810,5414,5826016,589,13,41787433,52,50167511
212098,11,3,2021,6,15,7,3,5,3,0,1,1,0,0,0,0,0,798877,8411,5830403,251,13,40811643,52,54150689
212097,11,4,2021,7,16,6,3,5,2,0,0,1,0,0,0,1,0,793340,975,5829718,481,13,32610463,52,53837732
212096,11,2,2021,6,15,4,2,5,2,0,0,1,0,1,0,0,0,798368,4456,5826335,534,13,3969782,52,50532446
212095,11,4,2021,6,13,6,3,5,7,0,0,0,0,1,0,1,0,793330,464,5823364,97,13,32034457,52,48142668
212094,11,9,2021,6,8,2,3,5,3,0,0,1,0,0,0,0,0,805827,5401,5820152,305,13,50086702,52,44577795
212093,11,7,2021,5,16,4,3,0,6,0,0,1,0,0,0,1,0,796030,5211,5824079,676,13,36062896,52,48637618
212092,11,3,2021,6,9,4,3,5,2,0,1,0,0,0,0,1,1,799493,2359,5830939,218,13,41764675,52,54597309
212091,11,1,2021,7,15,2,2,5,3,0,0,1,0,0,0,1,0,793963,26,5830161,76,13,33564154,52,54200972
212090,11,4,2021,7,20,4,3,2,2,0,0,1,0,1,0,0,0,794160,1658,5827008,841,13,33575122,52,51364549
212089,11,3,2021,6,14,4,3,4,6,0,1,0,0,1,0,0,0,799554,1469,5830242,763,13,4179143,52,539697
212088,11,2,2021,6,20,3,2,0,1,0,1,0,0,0,0,0,0,802676,679,5826986,529,13,46084285,52,50878676
212087,11,12,2021,6,17,6,3,6,4,0,1,0,1,0,0,0,0,793307,2386,5832560,187,13,32811893,52,56386986
212086,11,2,2021,6,18,2,3,2,6,0,0,1,0,0,0,0,0,801222,792,5828649,166,13,44099977,52,52449361
212085,11,12,2021,5,21,5,3,5,3,1,0,1,0,0,0,0,1,792285,3482,5833928,367,13,31429197,52,57668461
212084,11,12,2021,6,17,4,3,5,2,0,1,1,0,0,0,0,0,792669,6875,5832785,781,13,31893916,52,5662353
212083,11,7,2021,7,14,1,3,2,6,0,0,1,0,0,0,0,0,795391,2005,5821024,627,13,34853564,52,45933604
212082,11,11,2021,5,18,1,2,5,2,0,1,0,0,0,0,1,0,805631,66,5831605,383,13,5084928,52,5485351
212081,11,6,2021,6,15,3,3,1,5,0,1,1,0,0,0,0,0,791236,4632,5819721,488,13,28642325,52,44988329
212080,11,7,2021,7,16,3,3,2,6,0,0,1,0,0,0,0,0,799257,89,5816263,337,13,4010027,52,41455397
212079,11,10,2021,7,14,6,3,0,2,0,0,1,0,1,0,0,0,812767,2047,5825660,879,13,60780704,52,49121622
212078,11,5,2021,6,11,2,3,5,3,0,1,1,0,0,0,0,0,783232,5034,5826382,931,13,17462455,52,51381813
212077,11,2,2021,6,21,6,3,0,3,0,1,1,0,0,0,0,0,798850,3772,5825111,956,13,40295958,52,49409301
212076,11,3,2021,6,19,5,3,5,3,0,1,1,0,0,0,0,0,802075,8788,5831353,968,13,45599432,52,54826466
212075,11,1,2021,6,19,3,3,5,7,0,0,1,0,1,0,0,0,796636,6728,5832356,231,13,37691163,52,56023787
212074,11,1,2021,6,12,3,2,3,6,0,1,1,0,0,0,0,0,797140,8937,5829214,932,13,38151752,52,53180496
212073,11,11,2021,6,15,1,3,1,5,0,0,1,0,0,0,0,0,806775,7591,5825678,113,13,51985589,52,49477064
212072,11,1,2021,6,20,7,3,0,6,1,1,1,0,0,0,0,0,798406,1491,5828440,453,13,39941972,52,52417164
212071,11,1,2021,7,18,7,3,6,7,0,1,0,1,0,0,0,0,795154,656,5831277,707,13,35414543,52,55137551
212070,11,7,2021,6,9,4,3,1,5,0,0,1,0,0,0,1,0,794595,4294,5825230,78,13,3405734,52,49747138
212069,11,11,2021,6,14,6,3,5,2,0,1,0,0,0,0,1,0,802919,7774,5831214,381,13,46827447,52,54654499
212068,11,2,2021,6,8,4,3,5,2,0,1,1,0,0,0,0,0,798453,3364,5826533,154,13,39840237,52,50704944
212067,11,4,2021,5,14,3,3,5,7,0,1,1,0,0,0,0,1,794389,9534,5825708,635,13,33797774,52,50186595
212066,11,10,2021,6,10,4,3,2,2,0,0,0,0,0,1,1,1,813001,6963,5828495,254,13,61391376,52,51648078
212065,11,10,2021,7,9,2,3,5,3,0,0,1,0,0,0,0,0,808747,4168,5828184,341,13,55112999,52,51611937
212064,11,6,2021,7,18,4,3,5,3,0,1,0,0,0,0,0,0,787438,9286,5816274,21,13,22773311,52,42098404
212063,11,1,2021,6,14,4,3,5,3,0,1,1,0,0,0,0,0,795293,4545,5827357,456,13,35271235,52,51615818
212062,11,3,2021,5,11,7,3,5,3,0,1,1,0,0,0,0,0,804362,4649,5840421,901,13,49794192,52,62826241
212061,11,4,2021,6,9,5,2,6,4,0,0,1,1,0,0,0,0,793507,5016,5825218,68,13,32458289,52,4979491
212060,11,12,2021,6,15,4,3,5,2,0,0,1,0,0,0,1,0,791832,6711,5833974,466,13,30767134,52,57734081
212059,11,2,2021,6,17,3,3,2,2,0,1,1,0,0,0,0,0,801863,1718,5828440,948,13,45022115,52,52227319
212058,11,11,2021,6,14,7,3,5,3,0,1,1,0,0,0,0,0,807405,153,5827437,274,13,53071946,52,51018237
212057,11,4,2021,6,15,3,3,0,1,0,0,0,0,1,0,0,0,790424,6445,5825950,566,13,27993636,52,50615989
212056,11,10,2021,6,12,4,3,5,3,0,1,1,0,0,0,0,0,811854,8455,5831272,169,13,59967207,52,54202217
212055,11,11,2021,6,8,2,3,0,1,0,1,0,0,0,0,0,0,803358,6276,5830082,687,13,47369305,52,53615777
212054,11,4,2021,6,2,1,3,5,3,2,0,1,0,0,0,0,0,792076,7605,5828222,656,13,30620338,52,52564671
212053,11,10,2021,7,12,7,3,5,2,0,1,1,0,0,0,0,0,809483,3951,5834643,1,13,56795885,52,57358294
212052,11,3,2021,6,17,1,3,2,7,0,0,1,0,1,0,0,0,802643,9899,5831597,211,13,46456872,52,5501295
212051,11,8,2021,6,11,1,3,6,4,0,0,1,1,0,0,0,0,800944,553,5823674,38,13,43240743,52,48005422