OBJECTID,LAND,BEZ,UJAHR,UMONAT,USTUNDE,UWOCHENTAG,UKATEGORIE,UART,UTYP1,ULICHTVERH,IstRad,IstPKW,IstFuss,IstKrad,IstGkfz,IstSonstige,USTRZUSTAND,LINREFX,LINREFY,XGCSWGS84,YGCSWGS84,,,,
212050,11,8,2021,5,21,4,3,2,6,2,0,1,0,0,0,0,0,800634,4012,5823082,501,13,42732827,52,47492261
212049,11,4,2021,7,14,5,3,0,7,0,1,0,0,0,0,0,1,794429,8845,5825438,3,13,33832531,52,49942101
212048,11,9,2021,7,7,3,2,5,2,0,1,1,0,0,0,0,0,810939,1221,5821589,149,13,57717329,52,45577167
212047,11,10,2021,7,15,5,3,5,3,0,0,1,0,0,0,0,0,813016,8031,5827639,415,13,61333074,52,50880293
212046,11,1,2021,6,9,5,2,0,1,0,1,0,0,0,0,0,0,794579,194,5829726,416,13,34431562,52,53778054
212045,11,8,2021,5,16,2,3,2,6,0,0,1,0,1,0,0,0,801022,3832,5823501,27,13,43340135,52,47846248
212044,11,12,2021,6,7,6,3,2,6,0,0,1,0,1,0,0,0,792512,401,5837613,429,13,32088756,52,60959733
212043,11,8,2021,6,13,5,3,1,5,0,1,1,0,0,0,0,1,800463,8161,5823635,277,13,42532231,52,47997122
212042,11,12,2021,6,12,3,3,5,3,0,0,1,0,0,0,0,0,790275,5435,5835517,881,13,28610906,52,59201023
212041,11,1,2021,6,19,2,3,5,2,0,1,1,0,0,0,0,0,795519,788,5828199,137,13,35678584,52,52358055
212040,11,10,2021,5,12,5,3,2,6,0,0,1,0,0,0,1,0,806291,1748,5830171,687,13,5168766,52,53531531
212039,11,9,2021,6,11,4,2,5,2,0,1,1,0,0,0,0,0,808091,9096,5816922,276,13,53110319,52,41555878
212038,11,4,2021,5,12,2,3,3,6,0,0,1,0,0,0,0,0,789799,4729,5827393,444,13,27200772,52,51942799
212037,11,3,2021,6,17,3,3,0,2,0,1,1,0,0,0,0,1,799151,3472,5830837,45,13,41252836,52,54524873
212036,11,4,2021,7,9,2,3,0,5,0,0,1,0,0,0,1,1,793289,4425,5825454,285,13,32158739,52,50017843
212035,11,8,2021,6,15,5,3,5,3,0,1,1,0,0,0,0,0,803216,9492,5822727,135,13,46491255,52,47030999
212034,11,6,2021,7,17,6,3,3,6,0,0,1,0,0,0,1,0,793724,2081,5817616,128,13,32107499,52,42967844
212033,11,1,2021,7,12,6,3,5,2,0,0,1,0,0,0,0,1,796673,3935,5831929,769,13,37707053,52,55639513
212032,11,3,2021,6,21,5,3,1,5,2,0,1,0,0,0,1,0,801285,3322,5830324,761,13,44343748,52,53947759
212031,11,3,2021,6,18,4,3,5,3,0,1,1,0,0,0,0,0,799843,8632,5830812,16,13,42268721,52,54464137
212030,11,12,2021,6,14,2,3,5,2,0,0,1,0,0,0,1,0,791383,9702,5833111,182,13,30030986,52,56984214
212029,11,1,2021,5,8,2,3,6,4,0,0,1,1,0,0,0,0,797023,4445,5828492,647,13,3791459,52,52539451
212028,11,7,2021,6,16,6,3,6,2,1,0,1,1,0,0,0,0,795081,4509,5821610,167,13,34450763,52,46475238
212027,11,6,2021,6,5,6,2,0,3,1,0,1,0,1,0,0,0,794748,2112,5817787,482,13,33624372,52,43066382
212026,11,10,2021,6,14,3,3,5,2,0,1,1,0,0,0,0,0,811304,707,5831661,52,13,59195107,52,5458258
212025,11,11,2021,6,16,6,3,5,7,0,0,1,0,0,0,1,0,804626,5136,5832775,1,13,49479795,52,55958043
212024,11,1,2021,5,16,6,3,2,6,0,0,1,0,0,0,0,1,797098,7698,5831702,189,13,38312283,52,55412326
212023,11,9,2021,6,14,4,3,2,6,0,0,1,0,0,0,0,0,810040,3022,5819480,358,13,56203095,52,43738377
212022,11,2,2021,7,16,1,3,5,3,0,0,0,0,0,0,1,0,798539,116,5825340,475,13,39859325,52,49631172
212021,11,9,2021,5,19,3,2,5,3,1,0,1,0,0,0,0,0,809317,5845,5818507,462,13,55053309,52,42907393
212020,11,2,2021,6,9,3,3,0,1,0,1,0,0,0,0,0,0,802315,5407,5827477,763,13,45599307,52,51338958
212019,11,1,2021,7,11,2,3,1,5,0,1,1,0,0,0,0,0,797211,2069,5831323,766,13,38443759,52,55066982
212018,11,8,2021,7,5,3,3,0,7,0,0,0,0,1,0,0,1,802817,7616,5822926,656,13,45923491,52,47231971
212017,11,2,2021,7,9,7,2,0,1,0,0,0,0,1,0,0,1,800400,706,5827977,743,13,42831257,52,518929
212016,11,3,2021,6,15,3,3,0,2,0,1,1,0,0,0,0,0,800902,2666,5832078,93,13,43939568,52,55541209
212015,11,11,2021,6,10,7,3,2,6,0,0,1,0,0,0,1,0,804632,2678,5829929,499,13,49227266,52,53407443
212014,11,6,2021,6,15,2,3,2,6,0,0,1,0,0,0,0,0,793320,8522,5816974,536,13,31459669,52,42414311
212013,11,7,2021,6,14,3,3,6,4,0,0,1,1,0,0,0,0,794974,9205,5825093,931,13,34602617,52,49603964
212012,11,9,2021,6,18,1,3,5,2,0,1,1,0,0,0,0,0,806601,3717,5822076,5,13,5139838,52,46258992
212011,11,4,2021,6,10,6,3,6,4,0,0,1,1,0,0,0,0,790347,6394,5827464,296,13,28012574,52,51977159
212010,11,7,2021,7,18,7,3,0,6,0,1,0,0,0,0,1,0,799334,1922,5812673,153,13,39892533,52,38233005
212009,11,7,2021,6,16,6,3,2,6,0,0,1,0,1,0,0,0,796912,2246,5815695,617,13,36612369,52,41074176
212008,11,2,2021,5,13,4,3,1,5,0,1,1,0,0,0,0,0,802891,9581,5826916,852,13,46395075,52,50804244
212007,11,6,2021,6,16,4,3,2,6,0,0,1,0,0,0,0,1,793389,5118,5817713,709,13,31625195,52,43073282
212006,11,1,2021,7,6,3,3,2,2,0,0,1,0,0,0,1,0,799503,278,5828823,32,13,41588748,52,5270019
212005,11,1,2021,7,18,4,3,2,7,0,0,1,0,1,0,0,0,796567,5412,5829848,765,13,37365548,52,53779886
212004,11,9,2021,6,9,4,3,0,3,0,1,0,0,0,1,0,0,810823,527,5821238,507,13,57515122,52,45269511
212003,11,10,2021,5,6,6,3,5,2,0,1,0,0,0,1,0,0,806528,9061,5829127,299,13,51940763,52,52582169
212002,11,3,2021,6,15,5,3,1,5,0,0,1,0,1,0,0,0,799915,135,5837039,95,13,42936482,52,60041572
212001,11,4,2021,6,12,4,3,6,4,0,0,1,1,0,0,0,0,789258,1875,5826850,324,13,2635803,52,51484618
212000,11,1,2021,6,19,4,3,2,6,0,0,1,0,0,0,0,0,796649,802,5826169,804,13,37158366,52,50477602
211999,11,8,2021,6,20,1,3,4,6,1,1,0,0,0,0,1,0,800986,7464,5824955,17,13,43419101,52,49151384
211998,11,2,2021,6,13,3,3,6,7,0,0,1,1,0,0,0,0,799042,851,5825538,589,13,40616918,52,49781176
211997,11,8,2021,6,12,3,3,0,1,0,1,0,0,0,0,0,0,800764,6807,5819721,912,13,42621289,52,44472859
211996,11,1,2021,6,19,2,3,6,7,0,0,0,1,0,0,1,0,798017,5396,5829801,989,13,3949293,52,53658858
211995,11,4,2021,7,20,1,2,0,7,0,1,0,0,0,0,0,0,792111,2224,5827685,373,13,30623799,52,52081164
211994,11,11,2021,6,19,7,3,2,6,0,0,1,0,0,0,0,0,804201,4511,5825924,514,13,48227916,52,49841987
211993,11,6,2021,7,9,5,3,5,3,0,1,1,0,0,0,0,1,793933,4312,5820785,568,13,32693155,52,45797898
211992,11,1,2021,7,18,5,3,1,5,0,1,1,0,0,0,0,1,798598,9835,5829306,39,13,40303092,52,53182483
211991,11,7,2021,6,1,5,3,1,3,2,1,1,0,0,0,0,0,796413,7573,5820706,596,13,3632593,52,45593149
211990,11,3,2021,5,16,1,2,5,3,0,1,1,0,0,0,0,0,799446,8634,5832468,508,13,41834426,52,55970618
211989,11,6,2021,6,10,6,3,5,2,0,1,1,0,0,0,0,0,789656,177,5818475,72,13,26215463,52,43955412
211988,11,10,2021,6,5,4,3,8,1,0,0,1,0,0,0,0,0,811296,739,5829136,616,13,58946923,52,523204
211987,11,11,2021,6,17,3,2,5,3,0,0,1,0,0,0,1,0,805390,1549,5826053,513,13,49985391,52,49891216
211986,11,2,2021,6,8,2,3,4,6,0,1,0,0,0,0,1,0,797569,258,5824994,301,13,38403993,52,4937383
211985,11,11,2021,5,18,7,3,2,6,0,0,1,0,1,0,1,0,807113,5638,5825786,229,13,52491572,52,49554963
211984,11,4,2021,6,14,5,3,2,6,0,0,1,0,0,0,0,0,794167,2637,5823110,318,13,33241271,52,47869349
211983,11,11,2021,6,15,4,3,2,6,0,0,1,0,0,0,0,0,807125,7175,5825760,379,13,52507035,52,49531113
211982,11,1,2021,6,19,3,3,1,5,0,1,0,0,1,0,0,0,800040,8475,5826461,905,13,42165832,52,50554007
211981,11,3,2021,6,20,7,3,0,1,0,0,0,0,1,0,0,0,799290,8632,5840514,93,13,42332108,52,63190684
211980,11,4,2021,6,14,3,2,4,6,0,0,0,0,0,0,1,0,793012,3289,5826100,828,13,31808571,52,50612334
211979,11,4,2021,6,18,3,3,5,2,0,1,0,0,0,0,1,0,793979,3401,5824652,73,13,33101344,52,49261578
211978,11,1,2021,6,10,2,3,5,2,0,1,1,0,0,0,0,0,798036,7829,5827394,248,13,3930542,52,51499578
211977,11,9,2021,6,12,7,3,8,1,0,0,1,0,0,0,0,0,814277,2992,5822659,55,13,62714696,52,46345001
211976,11,8,2021,7,22,7,3,2,6,2,1,1,0,0,0,0,0,800682,459,5824037,702,13,42889504,52,48345796
211975,11,4,2021,6,19,1,2,0,7,1,1,0,0,0,0,0,0,791500,1331,5828178,188,13,29768897,52,52555668
211974,11,6,2021,6,11,1,2,0,2,0,0,1,0,1,0,0,0,784052,4148,5816126,23,13,17794245,52,42142728
211973,11,6,2021,7,6,5,3,0,1,0,0,0,0,1,0,0,1,793043,574,5821514,946,13,3145129,52,46499554
211972,11,2,2021,7,15,3,3,0,1,0,1,0,0,0,0,0,0,802259,1204,5827115,916,13,45483556,52,51017762
211971,11,9,2021,7,9,5,3,3,6,0,0,1,0,0,1,0,0,804700,6511,5822213,561,13,48621874,52,4648815
211970,11,2,2021,6,15,5,3,2,6,0,0,1,0,0,0,0,0,797758,7819,5826056,915,13,38777323,52,50316004
211969,11,4,2021,5,1,2,3,0,6,2,0,1,0,0,0,1,0,794413,7624,5825875,375,13,33847492,52,50334783
211968,11,7,2021,6,12,6,3,5,2,0,1,1,0,0,0,0,0,794986,2529,5824072,7,13,34528795,52,48687322
211967,11,2,2021,6,20,4,3,5,3,0,1,1,0,0,0,0,0,799703,4217,5826014,64,13,41629921,52,50171649
211966,11,2,2021,6,8,3,3,5,3,0,1,1,0,0,0,0,0,799392,2779,5825135,961,13,41093929,52,49401121
211965,11,2,2021,6,6,1,3,0,1,0,0,0,0,1,0,0,0,797081,255,5824719,362,13,37662455,52,49153971
211964,11,8,2021,5,15,5,3,6,7,0,0,1,1,0,0,0,1,802026,1302,5823292,945,13,44794738,52,47604107
211963,11,7,2021,6,17,4,3,1,5,0,1,1,0,0,0,0,0,794777,3,5821788,546,13,34019676,52,46651578
211962,11,6,2021,5,17,1,2,5,2,0,1,0,0,1,0,0,0,795163,9311,5818817,153,13,34324972,52,43967011
211961,11,2,2021,6,14,2,3,6,4,0,0,0,1,1,0,0,0,799039,7005,5825530,842,13,40611596,52,49774404
211960,11,4,2021,7,22,2,3,0,1,2,1,0,0,0,0,0,0,792517,9388,5824472,154,13,30939189,52,49178798
211959,11,1,2021,7,17,6,3,5,3,0,1,1,0,0,0,0,0,796636,1741,5826884,59,13,37201996,52,51118601
211958,11,1,2021,7,9,6,3,5,3,0,1,1,0,0,0,0,1,798481,2148,5826666,162,13,39893117,52,50822643
211957,11,3,2021,6,8,5,3,0,1,0,1,0,0,0,0,0,0,802036,8703,5829628,765,13,45385247,52,53282339
211956,11,1,2021,6,19,5,3,5,3,0,1,0,0,0,0,0,0,799185,8691,5828685,432,13,41109861,52,52594022
211955,11,9,2021,6,19,2,3,2,6,0,0,1,0,0,0,1,0,814219,9681,5821931,253,13,62562083,52,45696119
211954,11,7,2021,5,12,2,3,0,3,0,0,1,0,1,0,0,0,795631,86,5815646,647,13,34730017,52,4109961
211953,11,2,2021,6,16,6,3,6,4,0,0,1,1,0,0,0,0,800095,5492,5824977,163,13,42112407,52,49220164
211952,11,1,2021,6,15,6,3,5,2,0,1,1,0,0,0,0,0,795262,3403,5830464,549,13,35501474,52,54402758
211951,11,8,2021,7,6,6,3,5,3,0,0,1,0,0,0,0,1,800324,9887,5823142,931,13,42284084,52,47563448
211950,11,6,2021,6,13,3,3,5,3,0,0,1,0,0,0,0,0,791543,895,5819551,349,13,29078576,52,44819412
211949,11,8,2021,5,13,6,2,5,3,0,0,1,0,0,0,0,1,803788,5,5821807,192,13,47246344,52,46174716
211948,11,6,2021,6,17,4,2,4,6,0,0,1,0,0,0,0,0,793114,2379,5821485,51,13,31552423,52,46469375
211947,11,5,2021,7,20,1,2,5,7,0,0,1,0,0,0,0,0,783136,2903,5830317,527,13,17656202,52,54914673
211946,11,7,2021,5,11,3,3,1,2,0,0,1,0,0,0,1,0,797539,533,5819904,582,13,37906392,52,44813057
211945,11,12,2021,6,15,3,3,1,5,0,0,1,0,0,0,1,0,792817,3668,5836750,273,13,32461479,52,60169544
211944,11,4,2021,7,18,2,3,6,7,0,0,1,1,0,0,0,0,791580,2646,5824975,368,13,29606071,52,49680094
211943,11,3,2021,7,13,3,3,1,5,0,0,1,0,1,0,0,0,795788,7031,5835140,771,13,36692305,52,5856597
211942,11,1,2021,5,16,6,3,1,7,0,1,1,0,0,0,0,1,796369,3728,5831049,24,13,37181325,52,54866766
211941,11,12,2021,6,14,4,3,5,2,0,1,1,0,0,0,0,0,791270,7865,5834145,512,13,2995532,52,57917524
211940,11,3,2021,7,8,7,3,2,6,0,1,1,0,0,0,0,1,800377,3888,5831679,203,13,43131537,52,55211899
211939,11,1,2021,6,15,2,3,2,6,0,1,1,0,0,0,0,0,797868,8056,5829071,1,13,39208781,52,53011752
211938,11,4,2021,6,22,6,3,5,2,1,1,1,0,0,0,0,0,794187,8536,5823111,548,13,3327161,52,47869341
211937,11,5,2021,6,9,3,3,5,3,0,0,1,0,1,0,0,0,785675,5916,5831759,59,13,2151508,52,56075015
211936,11,4,2021,6,17,3,2,0,7,0,0,1,0,0,0,0,0,790194,553,5829345,637,13,27951799,52,53671944
211935,11,4,2021,6,16,2,3,5,5,0,1,1,0,0,0,0,0,794060,198,5826256,564,13,33361769,52,50695564
211934,11,3,2021,6,20,7,2,1,1,0,0,1,0,1,0,0,0,796911,7902,5833837,477,13,3822839,52,57336552
211933,11,2,2021,7,15,7,3,5,3,0,0,1,0,0,0,1,0,798943,731,5825871,555,13,40501228,52,50085064
211932,11,2,2021,6,11,7,3,0,1,0,1,0,0,0,0,0,0,800599,5224,5827145,334,13,43048188,52,51135833
211931,11,3,2021,5,9,4,3,1,5,0,1,1,0,0,0,0,0,800831,4394,5829593,563,13,43610328,52,53317449
211930,11,1,2021,6,14,4,3,2,6,0,0,1,0,0,1,0,1,797918,224,5831825,547,13,39528143,52,55478149
211929,11,1,2021,7,18,3,3,5,7,0,0,1,0,1,0,0,0,797269,2239,5832199,585,13,38607499,52,55848879
211928,11,1,2021,7,8,4,3,5,3,0,0,1,0,0,0,1,1,799457,3888,5827067,339,13,41363238,52,51128743
211927,11,8,2021,6,0,4,2,5,3,2,1,0,0,1,0,0,0,802027,469,5823472,862,13,44812997,52,47765295
211926,11,3,2021,5,11,6,3,5,3,0,0,1,0,0,0,1,0,802445,3101,5832692,381,13,46264526,52,56005567
211925,11,7,2021,6,15,5,3,3,6,0,1,1,0,0,0,0,0,794940,7471,5824409,875,13,34491869,52,489926
211924,11,9,2021,6,7,5,3,5,3,0,0,1,0,0,0,0,1,809468,862,5819066,445,13,5532683,52,43399794
211923,11,4,2021,6,12,3,3,5,3,0,0,1,0,0,0,0,0,791852,9521,5827429,478,13,30221778,52,51865588
211922,11,4,2021,6,20,1,3,1,5,0,1,1,0,0,0,0,0,792836,877,5821749,228,13,31168464,52,46720664
211921,11,2,2021,6,13,3,3,0,5,0,0,1,0,0,0,1,0,800714,3796,5825427,792,13,43061808,52,49590021
211920,11,8,2021,6,9,4,3,6,4,0,1,0,1,0,0,0,0,801505,983,5823647,47,13,44063232,52,47950234
211919,11,7,2021,6,10,2,3,6,4,0,0,1,1,0,0,0,0,799255,705,5816320,206,13,40103326,52,41506449
211918,11,2,2021,7,10,1,3,6,7,0,0,1,1,0,0,0,0,797350,9995,5825050,145,13,38088442,52,49435783
211917,11,4,2021,6,10,1,3,5,2,0,1,1,0,0,0,0,0,790421,5571,5829043,64,13,28259106,52,53388594
211916,11,5,2021,7,12,5,3,0,3,0,0,1,0,1,0,0,1,784234,6949,5831109,354,13,19339551,52,55567422
211915,11,1,2021,7,10,5,3,1,5,0,1,0,0,0,1,0,0,795380,2241,5826468,925,13,35319871,52,50814621
211914,11,8,2021,6,16,5,3,5,3,0,0,1,0,0,0,0,0,802979,9426,5821806,443,13,46059817,52,46218934
211913,11,4,2021,5,6,2,3,0,1,0,0,0,0,1,0,0,0,791467,3774,5828282,992,13,29729938,52,52651374
211912,11,12,2021,6,14,6,2,5,3,0,0,1,0,0,0,1,0,786998,888,5838292,45,13,24027762,52,61862071
211911,11,12,2021,6,16,5,3,3,6,0,0,1,0,0,0,1,0,794937,2807,5836316,1,13,35543897,52,59665769
211910,11,5,2021,6,8,3,3,2,2,0,1,1,0,0,0,0,0,779858,5942,5820900,29,13,12043154,52,46639745
211909,11,5,2021,6,18,2,3,2,6,0,0,1,0,1,0,0,0,789348,7638,5829302,439,13,26704511,52,53678188
211908,11,11,2021,6,12,2,3,4,5,0,1,1,0,0,0,0,0,808139,8143,5825644,418,13,53985354,52,49370034
211907,11,2,2021,5,14,5,3,2,6,0,0,1,0,0,0,0,1,797519,85,5826032,749,13,38423071,52,50307417
211906,11,11,2021,6,9,4,3,5,3,0,1,1,0,0,0,0,0,805479,6775,5826963,75,13,50200362,52,50701999
211905,11,9,2021,5,19,1,3,5,2,0,1,1,0,0,0,0,0,806884,7324,5821187,624,13,5173245,52,45446449
211904,11,8,2021,6,14,2,3,3,2,0,1,0,0,0,0,1,0,802018,3643,5823479,355,13,4480022,52,47771618
211903,11,11,2021,7,19,2,2,6,2,0,0,1,1,0,0,0,0,805887,7308,5825855,283,13,50697891,52,49685689
211902,11,11,2021,7,6,6,2,5,3,0,1,1,0,0,0,0,1,805712,8335,5831387,526,13,50949526,52,5465367
211901,11,9,2021,6,11,6,3,0,7,0,1,0,0,0,0,0,0,811569,4044,5820058,365,13,58499142,52,44169471
211900,11,9,2021,6,12,5,3,0,2,0,1,1,0,0,0,0,0,807694,6701,5817793,64,13,52608202,52,42359161
211899,11,1,2021,6,23,2,3,2,6,2,1,1,0,0,0,0,0,793718,1241,5828623,543,13,33068187,52,52835867
211898,11,8,2021,5,17,2,3,5,7,0,0,1,0,0,0,0,0,801416,152,5820731,86,13,43667771,52,45341548
211897,11,3,2021,6,21,6,3,2,6,1,1,1,0,0,0,0,0,799303,751,5831409,776,13,41528488,52,55029502
211896,11,6,2021,6,13,7,2,2,6,0,1,0,0,0,0,0,0,780734,1575,5816521,85,13,12960682,52,42668725
211895,11,3,2021,7,0,7,2,3,6,2,1,1,0,0,0,0,0,798907,7716,5829905,659,13,40810882,52,5370303
211894,11,1,2021,6,16,4,3,5,2,0,0,1,0,1,0,0,0,797250,927,5827361,744,13,38147853,52,51513328
211893,11,1,2021,6,19,6,2,3,6,0,1,1,0,0,0,0,0,794944,7342,5832082,954,13,3517825,52,55870727
211892,11,12,2021,6,7,2,3,5,3,0,0,1,0,0,0,0,0,792091,748,5832947,339,13,31057901,52,56799401
211891,11,1,2021,5,7,6,2,5,2,0,1,1,0,0,0,0,1,799060,9276,5829008,321,13,40955285,52,52890299
211890,11,3,2021,6,11,4,3,6,2,0,0,0,1,1,0,0,0,800316,7217,5831582,241,13,43033558,52,55128335
211889,11,9,2021,7,10,1,3,5,3,0,0,1,0,0,0,0,0,812082,4576,5819040,541,13,59156491,52,43228105
211888,11,10,2021,5,6,3,3,0,3,0,0,0,0,1,0,1,1,808402,777,5833051,21,13,55057364,52,55993064
211887,11,6,2021,6,18,3,3,5,3,0,1,1,0,0,0,0,0,794730,8482,5816711,108,13,33504063,52,42102395
211886,11,6,2021,7,9,3,3,5,3,0,1,1,0,0,0,0,0,794225,3852,5817034,275,13,3279133,52,42419303
211885,11,7,2021,7,14,3,3,0,4,0,1,0,1,0,0,0,0,795975,69,5824977,57,13,36061087,52,49445055
211884,11,8,2021,5,11,7,3,4,6,0,1,0,0,0,0,1,0,800275,8731,5822130,223,13,42120833,52,46658412
211883,11,5,2021,6,13,5,3,0,6,0,0,1,0,0,0,1,0,784825,352,5828939,489,13,20021868,52,5359109
211882,11,4,2021,6,19,4,3,6,4,0,1,0,1,0,0,0,0,790662,4103,5825991,194,13,28346511,52,5063975
211881,11,3,2021,4,18,3,3,5,3,0,0,1,0,0,0,0,0,799211,7293,5831107,862,13,41365974,52,54763939
211880,11,5,2021,3,17,2,2,5,3,0,1,1,0,0,0,0,0,783703,248,5830178,973,13,18478266,52,54760943
211879,11,12,2021,4,16,5,3,0,7,0,0,0,0,0,0,1,0,794971,4468,5837269,46,13,35679099,52,60518141
211878,11,4,2021,5,14,3,3,1,5,0,0,1,0,0,0,0,0,791267,505,5822662,336,13,28944525,52,47623163
211877,11,3,2021,5,19,3,3,1,5,0,1,1,0,0,0,0,0,799460,605,5829891,205,13,41622235,52,53659725
211876,11,7,2021,4,11,5,2,6,4,0,0,1,1,0,0,0,0,797473,1605,5819285,79,13,3775386,52,44261345
211875,11,7,2021,5,10,7,3,3,6,0,0,1,0,1,0,0,0,797267,7169,5821073,836,13,37611694,52,45875966
211874,11,11,2021,4,21,1,3,2,6,2,0,1,0,0,0,0,0,803732,3068,5826228,835,13,47566698,52,50140872
211873,11,1,2021,5,6,5,3,0,6,0,0,1,0,1,0,0,1,798562,5981,5829082,374,13,40229524,52,52983992
211872,11,6,2021,4,11,3,3,6,7,0,1,0,1,0,0,0,0,794857,2075,5821524,315,13,34114052,52,46410383
211871,11,3,2021,3,4,3,3,2,6,2,0,1,0,0,0,0,1,802302,8507,5829184,92,13,45735813,52,52869779
211870,11,5,2021,5,17,6,2,5,2,0,0,1,0,0,0,0,0,782604,4697,5827476,95,13,1663239,52,52395331
211869,11,6,2021,4,9,4,3,1,5,0,0,1,0,0,0,1,0,788150,3429,5818776,883,13,24032273,52,44304976
211868,11,8,2021,3,12,2,3,6,4,0,0,1,1,0,0,0,0,802245,1975,5823836,31,13,4516555,52,48079011
211867,11,3,2021,4,17,1,3,1,5,0,0,1,0,0,0,0,0,799142,7117,5833281,41,13,41460354,52,56715641
211866,11,8,2021,3,14,6,3,2,2,0,0,1,0,0,0,0,0,801272,524,5819693,962,13,4336371,52,44419849
211865,11,5,2021,5,16,2,3,5,2,0,1,1,0,0,0,0,0,785384,9319,5830272,178,13,20959597,52,54756669
211864,11,9,2021,5,16,5,3,2,6,0,0,1,0,0,0,0,1,813780,6296,5821752,468,13,61900818,52,45561147
211863,11,12,2021,5,0,4,3,5,2,2,0,1,0,0,0,0,0,792901,9306,5832166,888,13,32180944,52,56056233
211862,11,2,2021,4,14,5,3,6,4,0,1,0,1,0,0,0,0,803461,9285,5827764,297,13,47309576,52,51532116
211861,11,8,2021,4,11,6,3,4,6,0,1,0,0,0,0,1,0,800328,3403,5824359,119,13,42398555,52,48653384
211860,11,2,2021,4,15,3,3,0,1,0,1,0,0,0,0,0,0,800078,4648,5824444,87,13,42039386,52,48743985
211859,11,7,2021,3,20,4,3,5,3,2,0,1,0,0,0,0,0,797197,8046,5818632,509,13,37291906,52,43691348
211858,11,1,2021,4,11,6,3,0,7,0,1,0,0,0,0,0,0,796468,1855,5831933,77,13,37405547,52,55653653
211857,11,6,2021,5,16,7,3,1,5,0,1,1,0,0,0,0,0,795626,9852,5819940,278,13,35103584,52,44948809
211856,11,3,2021,4,10,3,3,5,2,0,1,1,0,0,0,0,0,803872,9977,5832204,32,13,48319433,52,55488658
211855,11,7,2021,5,5,3,3,0,7,0,1,0,0,0,0,0,0,798730,9147,5823948,28,13,40016206,52,48372758
211854,11,2,2021,5,17,6,3,5,2,0,1,1,0,0,0,0,1,797280,8278,5824851,188,13,37967633,52,49261261
211853,11,5,2021,5,13,5,3,2,6,0,0,1,0,0,0,0,0,783656,168,5829529,57,13,18353517,52,54180671
211852,11,8,2021,4,8,1,3,0,1,0,0,0,0,1,0,0,1,801386,891,5824767,909,13,43989743,52,48961461
211851,11,7,2021,3,13,4,3,5,3,0,1,0,0,0,0,1,0,795275,7266,5824146,708,13,34960482,52,48738581
211850,11,10,2021,5,11,3,3,2,6,0,0,1,0,0,0,0,0,811309,4179,5831962,649,13,59230256,52,54852159
211849,11,4,2021,3,18,2,3,0,2,0,1,1,0,0,0,0,0,794205,6033,5824940,674,13,33459134,52,49508103
211848,11,4,2021,4,6,4,3,5,3,0,1,1,0,0,0,0,0,793147,6985,5821760,457,13,31625689,52,46714062
211847,11,1,2021,3,18,5,3,5,7,0,0,1,0,0,0,1,0,800038,5538,5828500,877,13,42346314,52,52381741
211846,11,1,2021,5,12,3,3,2,2,0,1,0,0,0,0,1,0,793700,7256,5828112,183,13,32997448,52,52378397
211845,11,9,2021,4,20,1,3,5,2,1,1,1,0,0,0,0,1,805456,519,5820485,245,13,49572252,52,4489696
211844,11,6,2021,5,15,2,3,5,3,0,0,1,0,0,0,0,0,789504,3073,5817698,45,13,25925313,52,43266235
211843,11,3,2021,4,10,5,3,2,1,0,0,1,0,0,1,0,1,799988,565,5830257,979,13,42430674,52,5395947
211842,11,5,2021,5,12,1,3,0,2,0,0,0,0,0,0,1,0,785029,9118,5829398,737,13,20362505,52,53992137
211841,11,5,2021,5,12,6,3,0,2,0,0,1,0,0,0,1,0,785202,4951,5831186,729,13,20769844,52,55586198
211840,11,10,2021,4,7,2,3,5,2,0,1,1,0,0,0,0,0,809587,9951,5828532,516,13,56380196,52,51876312
211839,11,12,2021,4,12,6,2,6,2,0,0,1,1,0,0,0,0,793063,4453,5832214,84,13,32422691,52,56089852
211838,11,12,2021,4,15,4,3,5,7,0,0,1,0,0,0,0,0,793410,5162,5832399,17,13,32949581,52,56237079
211837,11,6,2021,5,14,5,3,5,2,0,1,1,0,0,0,0,1,792932,89,5817744,362,13,30958178,52,43125232
211836,11,1,2021,4,16,3,3,5,3,0,1,1,0,0,0,0,0,798028,5168,5827394,418,13,39293291,52,51500182
211835,11,6,2021,3,13,3,3,5,3,0,0,1,0,0,0,0,0,787530,5101,5817386,136,13,23003217,52,43090694
211834,11,6,2021,4,13,6,2,6,4,0,0,1,1,0,0,0,0,793983,7729,5816399,64,13,32381265,52,41863358
211833,11,2,2021,3,19,7,3,0,1,2,1,1,0,0,0,0,1,802414,284,5827429,684,13,45740002,52,51290392
211832,11,12,2021,5,21,4,2,6,4,2,0,1,1,0,0,0,0,794552,77,5832992,353,13,34681446,52,56707186
211831,11,6,2021,5,13,2,2,0,5,0,0,1,0,0,0,1,0,793214,1986,5819726,81,13,31544691,52,44887384
211830,11,10,2021,4,16,5,3,2,6,0,0,1,0,0,0,0,0,806748,1769,5829126,813,13,52262913,52,52569401
211829,11,6,2021,4,10,3,3,7,7,0,1,0,0,0,0,0,0,794768,4075,5820940,837,13,33932193,52,45892118