OBJECTID,LAND,BEZ,UJAHR,UMONAT,USTUNDE,UWOCHENTAG,UKATEGORIE,UART,UTYP1,ULICHTVERH,IstRad,IstPKW,IstFuss,IstKrad,IstGkfz,IstSonstige,USTRZUSTAND,LINREFX,LINREFY,XGCSWGS84,YGCSWGS84,,,,
211828,11,4,2021,4,6,3,3,5,2,0,0,1,0,0,0,1,0,792824,1533,5823228,333,13,31279641,52,48047329
211827,11,2,2021,5,1,7,3,0,1,2,1,0,0,0,0,0,0,802146,3413,5827142,239,13,45320272,52,51047603
211826,11,2,2021,4,13,4,3,5,3,0,1,0,0,0,0,0,0,798306,2435,5824808,459,13,39469678,52,49167019
211825,11,6,2021,3,9,3,3,2,6,0,0,1,0,0,0,0,0,793453,4089,5817169,62,13,31671167,52,42582092
211824,11,6,2021,4,14,6,3,5,2,0,1,1,0,0,0,0,0,793557,1185,5820075,365,13,32078468,52,45181449
211823,11,8,2021,5,20,6,3,5,2,0,0,1,0,0,0,0,0,804859,9629,5818616,335,13,48527368,52,43255181
211822,11,1,2021,5,17,6,3,5,7,0,0,1,0,0,0,0,1,799114,1309,5828500,758,13,40987822,52,52432426
211821,11,6,2021,3,18,4,3,6,7,0,0,0,1,0,0,1,0,793297,611,5817693,444,13,31488632,52,43060043
211820,11,2,2021,4,13,7,3,1,5,0,1,1,0,0,0,0,0,801943,6054,5827050,685,13,45014143,52,50976768
211819,11,2,2021,3,12,7,3,2,6,0,0,1,0,0,0,0,1,801732,2779,5826259,39,13,44631984,52,50279215
211818,11,9,2021,5,13,2,2,0,5,0,1,1,0,0,0,0,0,818499,977,5820388,113,13,68691518,52,44065785
211817,11,3,2021,5,12,6,2,5,2,0,0,1,0,0,0,1,1,801237,5981,5835250,69,13,44720746,52,58365524
211816,11,2,2021,5,7,4,3,5,3,0,0,1,0,0,0,0,0,798589,5909,5825567,4,13,39953762,52,49831463
211815,11,7,2021,4,14,7,3,0,3,0,0,1,0,0,0,1,0,797732,8264,5821349,383,13,3831879,52,46097647
211814,11,7,2021,5,15,7,3,5,3,0,1,0,0,1,0,0,0,797235,626,5820709,561,13,37532173,52,45551174
211813,11,12,2021,4,15,4,3,6,4,0,0,1,1,0,0,0,0,795340,229,5833838,474,13,35915941,52,57422963
211812,11,5,2021,3,17,4,3,1,5,0,0,1,0,1,0,0,0,783874,4979,5829091,737,13,18637223,52,53777194
211811,11,2,2021,4,9,2,3,5,3,0,1,0,0,0,0,1,0,798415,3004,5825797,694,13,39718447,52,50047781
211810,11,7,2021,4,16,2,3,2,6,0,0,1,0,0,0,0,0,798127,372,5819918,333,13,38769533,52,44793379
211809,11,11,2021,5,14,7,3,5,3,0,1,0,0,0,0,1,0,806535,8503,5833561,571,13,52360189,52,56555825
211808,11,8,2021,5,11,7,3,1,5,0,1,1,0,0,0,0,0,800511,4157,5823455,245,13,42585885,52,47833133
211807,11,9,2021,4,22,2,3,2,6,2,1,1,0,0,0,0,0,807032,6653,5821159,693,13,51946903,52,45413109
211806,11,10,2021,5,18,3,3,5,2,0,1,1,0,0,0,0,0,811158,3031,5829178,339,13,5874744,52,52365691
211805,11,4,2021,5,17,7,3,5,7,0,1,1,0,0,0,0,0,791227,3799,5826056,27,13,29182238,52,50667743
211804,11,11,2021,5,7,5,3,6,7,0,1,0,1,0,0,0,0,804458,3638,5833717,886,13,49319036,52,56812495
211803,11,6,2021,4,8,2,3,5,3,0,1,1,0,0,0,0,0,795384,8353,5818264,381,13,34600163,52,43459557
211802,11,8,2021,3,13,4,2,5,7,0,0,1,0,0,0,1,0,804372,2295,5817823,903,13,47740048,52,42572095
211801,11,1,2021,4,11,3,3,5,2,0,0,1,0,0,0,1,0,797169,8834,5831904,357,13,38434961,52,55589665
211800,11,2,2021,5,20,3,3,5,3,0,0,1,0,0,0,1,0,799022,5481,5826071,627,13,40634959,52,50260082
211799,11,7,2021,4,8,3,3,5,2,0,1,1,0,0,0,0,0,796816,4331,5821984,187,13,37030412,52,46716542
211798,11,2,2021,3,16,2,2,5,2,0,1,1,0,0,0,0,0,800672,4979,5827569,805,13,43193747,52,51512276
211797,11,2,2021,4,23,5,2,6,2,2,0,1,1,0,0,0,0,797921,602,5825262,537,13,3894543,52,49595052
211796,11,12,2021,3,11,5,3,5,2,0,1,1,0,0,0,0,0,793826,8347,5832711,75,13,33589601,52,56494231
211795,11,1,2021,5,6,3,3,5,3,0,1,1,0,0,0,0,0,796202,7565,5830765,371,13,36911004,52,54621369
211794,11,7,2021,5,17,7,3,1,5,0,1,1,0,0,0,0,0,795719,2853,5824249,111,13,3562091,52,4880637
211793,11,9,2021,4,12,3,3,0,7,0,0,1,0,0,0,1,0,812362,4841,5820087,177,13,59664841,52,44150051
211792,11,11,2021,3,19,4,3,0,6,2,0,1,0,1,0,0,0,807130,6548,5825749,962,13,52513325,52,49521499
211791,11,2,2021,4,13,5,3,5,2,0,1,1,0,0,0,0,0,798448,5041,5826534,963,13,39833301,52,50706829
211790,11,3,2021,4,14,2,3,0,1,0,1,0,0,0,0,0,0,800080,802,5830573,708,13,42595531,52,5423736
211789,11,3,2021,5,1,1,2,1,5,2,1,1,0,0,0,0,0,800056,6013,5832600,657,13,42743127,52,56055503
211788,11,9,2021,5,21,7,2,6,6,1,0,1,1,0,0,0,0,805552,586,5819209,107,13,49597168,52,43747817
211787,11,4,2021,4,0,1,3,2,6,2,1,0,0,0,0,0,0,792387,1929,5828253,219,13,31079301,52,5257543
211786,11,1,2021,5,1,3,3,0,1,2,0,0,0,0,0,1,0,795451,466,5830548,455,13,35786397,52,54467741
211785,11,3,2021,5,13,6,3,6,4,0,0,1,1,0,0,0,0,802054,2637,5838173,48,13,46188983,52,60939496
211784,11,3,2021,5,8,5,3,5,2,0,1,1,0,0,0,0,0,797886,9743,5833072,841,13,39594445,52,56597877
211783,11,1,2021,4,23,1,3,0,7,2,0,1,0,0,0,0,1,795275,4963,5831734,277,13,35633724,52,55540244
211782,11,8,2021,3,15,4,3,3,6,0,1,0,0,0,0,1,0,801466,4387,5817949,965,13,43490879,52,42845958
211781,11,4,2021,4,17,3,3,5,3,0,1,0,0,0,0,0,0,793482,9274,5824497,246,13,32358636,52,49149495
211780,11,9,2021,5,18,3,3,2,6,0,0,1,0,0,0,1,0,821520,2779,5819418,802,13,73027787,52,43020555
211779,11,6,2021,3,13,2,2,5,2,0,0,1,0,0,0,0,0,794973,6426,5819208,318,13,34080368,52,44327937
211778,11,1,2021,4,9,4,3,5,2,0,1,1,0,0,0,0,0,796447,9768,5829962,939,13,37199963,52,53888736
211777,11,3,2021,3,18,5,3,5,2,0,1,1,0,0,0,0,0,798412,792,5831802,75,13,40252594,52,55430063
211776,11,12,2021,5,17,2,3,1,5,0,0,1,0,0,0,0,1,795537,4858,5833116,473,13,36142135,52,56765041
211775,11,4,2021,4,13,1,3,0,1,0,1,0,0,0,0,0,0,790739,9504,5825038,632,13,28377263,52,49781642
211774,11,10,2021,5,7,2,3,5,3,0,1,1,0,0,0,0,0,809472,1253,5831215,94,13,5645969,52,54286913
211773,11,9,2021,4,14,4,3,2,6,0,0,1,0,0,0,1,0,806224,1819,5823176,994,13,50945919,52,47266448
211772,11,5,2021,5,14,7,3,5,2,0,1,0,0,0,0,1,0,784638,155,5828422,793,13,19702836,52,53137584
211771,11,3,2021,4,10,3,3,5,5,0,0,1,0,1,0,0,0,799140,9917,5829204,771,13,41090633,52,53061994
211770,11,1,2021,4,13,7,3,2,6,0,0,1,0,0,0,0,0,797071,6451,5831455,831,13,38250349,52,55192975
211769,11,5,2021,5,12,6,2,5,2,0,0,1,0,1,0,0,0,781906,6519,5829568,57,13,15783984,52,54306902
211768,11,11,2021,4,9,3,3,0,2,0,0,1,0,0,0,1,0,804833,521,5827749,377,13,49323226,52,51442259
211767,11,5,2021,4,16,6,2,5,2,0,0,1,0,1,0,0,0,780873,8535,5828325,22,13,14159926,52,53245201
211766,11,1,2021,4,17,3,2,6,2,0,0,1,1,0,0,0,1,797680,6729,5831319,602,13,39133729,52,55037614
211765,11,11,2021,5,14,4,3,0,1,0,1,1,0,0,0,0,0,806869,3566,5826349,661,13,52184891,52,50073658
211764,11,5,2021,4,10,4,2,5,2,0,0,0,0,0,1,1,0,784740,7589,5828586,431,13,19867703,52,53278942
211763,11,1,2021,3,15,3,3,5,2,0,1,1,0,0,0,0,0,795668,661,5829732,691,13,36033767,52,53724679
211762,11,7,2021,4,18,6,3,2,7,0,0,1,0,1,0,0,0,795734,6604,5824492,627,13,35665098,52,49023829
211761,11,3,2021,3,11,6,2,5,3,0,1,1,0,0,0,0,0,803706,2362,5839176,433,13,48713242,52,61746729
211760,11,1,2021,5,15,4,3,5,3,0,0,1,0,0,0,0,0,794649,942,5830519,738,13,34605931,52,54485383
211759,11,4,2021,5,15,3,2,5,7,0,1,1,0,0,0,0,0,793563,4807,5824049,408,13,32437488,52,48743695
211758,11,5,2021,4,9,6,3,5,2,0,1,1,0,0,0,0,0,783181,3437,5830290,894,13,17720198,52,54888451
211757,11,11,2021,4,7,3,3,6,7,0,0,1,1,0,0,0,0,803665,3009,5829510,643,13,47767801,52,53085994
211756,11,4,2021,5,9,7,3,5,2,0,0,1,0,1,0,0,0,791944,5169,5826105,609,13,30240199,52,50673864
211755,11,8,2021,4,19,3,3,1,5,0,1,1,0,0,0,0,0,802527,9226,5824024,896,13,4559771,52,48232386
211754,11,1,2021,3,10,3,3,0,6,0,1,1,0,0,0,0,0,793726,257,5830543,702,13,33249864,52,54556742
211753,11,7,2021,4,16,5,3,2,6,0,0,1,0,1,0,0,1,797094,923,5822140,85,13,37453042,52,46841153
211752,11,2,2021,5,10,6,3,5,2,0,0,1,0,0,0,0,1,803074,9153,5825942,486,13,46575137,52,49920772
211751,11,9,2021,5,22,6,3,5,2,2,0,1,0,1,0,0,0,805685,65,5821719,154,13,50021136,52,45990054
211750,11,10,2021,3,18,4,3,5,3,0,1,1,0,0,0,0,0,809197,3475,5831711,685,13,56102023,52,54747538
211749,11,8,2021,4,23,3,3,0,1,2,0,0,0,0,0,1,0,802222,5926,5822725,5,13,45031667,52,4708423
211748,11,12,2021,3,8,7,3,5,3,0,1,1,0,0,0,0,1,791381,7091,5833135,636,13,30029808,52,57006258
211747,11,9,2021,5,18,2,3,2,6,0,0,1,0,0,0,0,0,809901,7919,5821606,24,13,56197181,52,45651395
211746,11,12,2021,5,15,5,3,5,3,0,0,1,0,0,0,0,0,790780,9572,5834328,263,13,29250506,52,58107554
211745,11,5,2021,5,6,4,2,5,3,0,0,0,0,1,0,1,0,787203,6092,5828341,888,13,23467464,52,52930477
211744,11,8,2021,4,22,6,3,5,2,2,0,1,0,0,0,1,0,801821,5104,5823631,712,13,44525039,52,47919061
211743,11,9,2021,5,16,1,3,0,1,0,1,0,0,0,0,0,0,807010,6281,5821938,2,13,51986159,52,46112067
211742,11,8,2021,4,17,4,3,5,3,0,1,1,0,0,0,0,0,801362,1601,5822928,784,13,43787194,52,47314376
211741,11,6,2021,3,11,4,3,0,6,0,0,1,0,0,0,1,0,795380,2346,5818431,443,13,34608176,52,43609567
211740,11,3,2021,4,20,6,3,6,6,0,1,0,1,0,0,0,0,798132,2403,5833146,535,13,39961849,52,56650508
211739,11,5,2021,4,18,2,3,1,5,1,0,1,0,0,0,0,0,782158,644,5820628,699,13,15396135,52,46277947
211738,11,10,2021,5,16,2,3,5,5,0,0,1,0,1,0,0,0,807291,5665,5832472,89,13,53370741,52,55536837
211737,11,5,2021,5,13,7,3,2,6,0,0,1,0,0,0,0,0,784548,4794,5828158,301,13,19548353,52,52905121
211736,11,4,2021,5,14,3,3,5,3,0,1,1,0,0,0,0,0,791291,3096,5826066,28,13,29277039,52,50673296
211735,11,11,2021,5,7,6,3,6,4,0,1,0,1,0,0,0,0,806110,6492,5825797,268,13,51019905,52,49621196
211734,11,1,2021,4,8,3,3,2,6,0,1,1,0,0,0,0,0,797788,4591,5827353,161,13,38936883,52,51476313
211733,11,9,2021,5,15,5,3,5,3,0,1,1,0,0,0,0,0,806199,2845,5823260,598,13,50917052,52,47342773
211732,11,3,2021,4,17,1,3,2,7,0,0,1,0,0,0,0,0,801777,3777,5832411,685,13,45256693,52,55791037
211731,11,5,2021,4,11,5,3,6,4,0,0,1,1,0,0,0,0,783900,327,5829084,294,13,18674135,52,5376919
211730,11,1,2021,4,15,3,3,0,4,0,1,0,1,0,0,0,0,794150,7121,5827240,336,13,33581696,52,5157258
211729,11,6,2021,5,20,5,2,2,1,0,0,1,0,0,0,0,1,794380,5055,5819086,789,13,33199518,52,44250956
211728,11,7,2021,4,21,3,3,1,5,2,0,0,0,1,0,0,0,796033,2382,5823627,715,13,36026748,52,48232325
211727,11,12,2021,3,13,1,2,9,1,0,0,1,0,0,0,0,0,795501,4394,5832474,689,13,36031944,52,561917
211726,11,11,2021,4,13,6,3,2,6,0,0,1,0,0,0,0,0,806024,97,5833553,286,13,51608058,52,56577139
211725,11,1,2021,3,15,5,3,1,5,0,1,1,0,0,0,0,0,796680,4027,5830392,474,13,37580014,52,54261118
211724,11,2,2021,5,12,2,3,5,2,0,1,0,0,0,0,1,0,800787,4327,5825815,22,13,43204078,52,49933259
211723,11,1,2021,4,20,2,3,2,7,2,0,1,0,0,0,0,0,798914,8644,5827027,154,13,40562585,52,51122478
211722,11,10,2021,5,18,2,3,5,3,0,0,1,0,0,0,1,0,811137,5218,5831143,1,13,58900804,52,54127559
211721,11,9,2021,4,17,4,3,2,6,0,0,1,0,0,0,0,0,809660,114,5819030,476,13,55603926,52,43356737
211720,11,6,2021,5,15,1,3,5,3,0,0,1,0,1,0,0,0,781431,7216,5815504,867,13,13898343,52,41720975
211719,11,6,2021,5,18,5,3,0,1,0,1,0,0,0,0,0,0,795075,2394,5820013,414,13,34300522,52,45044179
211718,11,12,2021,4,8,3,3,6,7,0,0,1,1,0,0,0,0,794907,1616,5833263,466,13,35227919,52,56930991
211717,11,9,2021,4,17,5,2,9,1,0,0,0,0,1,0,0,0,806214,3134,5823182,951,13,50931982,52,47272339
211716,11,11,2021,4,15,3,3,5,3,0,0,1,0,1,0,0,0,806403,8346,5833723,16,13,52180955,52,56708074
211715,11,12,2021,4,17,3,2,5,3,0,1,0,0,1,0,0,0,794554,8435,5833969,997,13,34772349,52,57583415
211714,11,12,2021,5,14,6,3,5,3,0,1,1,0,0,0,0,1,790803,7493,5834063,528,13,29260823,52,57869006
211713,11,6,2021,4,0,5,2,1,7,2,0,1,0,0,0,1,0,795438,1412,5817893,463,13,34645572,52,43124172
211712,11,5,2021,3,13,2,2,5,2,0,0,0,0,0,0,1,0,786445,7695,5831168,56,13,22597069,52,55504204
211711,11,8,2021,4,19,7,3,0,7,0,0,1,0,0,0,0,0,800913,8499,5817450,344,13,42635647,52,42428545
211710,11,2,2021,3,8,6,3,5,7,0,0,1,0,1,0,0,1,798295,2187,5826524,998,13,39607229,52,50706281
211709,11,12,2021,5,22,3,3,5,2,2,0,1,0,1,0,0,1,794786,7663,5834236,663,13,35137312,52,57809901
211708,11,1,2021,5,14,3,3,6,4,0,0,1,1,0,0,0,0,795053,4023,5825931,368,13,3479208,52,50350426
211707,11,2,2021,4,18,5,3,5,2,0,1,1,0,0,0,0,0,798287,3693,5825472,86,13,3950138,52,49762908
211706,11,12,2021,4,17,2,3,5,3,0,0,1,0,1,0,0,0,789990,7426,5834765,14,13,28125756,52,58541274
211705,11,4,2021,5,13,2,3,5,3,0,1,0,0,0,0,0,0,789622,6424,5824817,348,13,26716746,52,49642667
211704,11,3,2021,4,8,4,2,5,2,0,1,1,0,0,0,0,0,800874,821,5831048,438,13,43804747,52,54619123
211703,11,8,2021,5,12,7,2,6,4,0,1,0,1,0,0,0,0,802099,4542,5822982,519,13,44874252,52,47321813
211702,11,1,2021,4,16,1,3,0,7,0,0,0,0,1,0,0,0,796229,1371,5828292,517,13,36729382,52,52403269
211701,11,1,2021,5,13,6,3,5,2,0,1,1,0,0,0,0,0,797541,5503,5832722,186,13,3905488,52,5630245
211700,11,3,2021,4,12,2,3,5,3,0,1,0,0,0,0,1,0,799721,3083,5830080,395,13,42022521,52,53814972
211699,11,1,2021,4,9,7,3,5,3,0,1,1,0,0,0,0,0,797038,3558,5829319,449,13,38010374,52,53279773
211698,11,10,2021,5,15,5,3,9,1,0,0,1,0,0,0,0,1,810269,901,5827096,785,13,5724811,52,50550926
211697,11,7,2021,4,10,4,3,5,7,0,0,1,0,0,0,0,0,799485,4308,5813590,913,13,40196058,52,39047407
211696,11,1,2021,3,16,3,3,5,2,0,0,1,0,1,0,0,0,796250,4152,5828523,856,13,36781263,52,52609486
211695,11,4,2021,4,10,1,3,5,3,0,0,1,0,0,0,0,0,792513,497,5824503,746,13,30934782,52,49207382
211694,11,4,2021,3,10,6,3,5,2,0,1,1,0,0,0,0,0,790677,4228,5822708,534,13,28082185,52,47696018
211693,11,2,2021,5,16,4,3,5,3,0,1,1,0,0,0,0,0,800146,8407,5825072,34,13,42196273,52,4930238
211692,11,11,2021,5,15,3,3,6,4,0,1,1,1,0,0,0,0,803307,3104,5826309,522,13,46949862,52,50236829
211691,11,10,2021,4,18,6,3,5,2,0,0,1,0,0,0,0,0,811353,9886,5831952,941,13,59294865,52,54840913
211690,11,1,2021,5,15,6,3,5,3,0,1,0,0,1,0,0,0,799475,1867,5826559,791,13,41343721,52,50672825
211689,11,8,2021,4,12,4,3,4,5,0,1,1,0,0,0,0,0,805970,8421,5816013,649,13,499183,52,40860486
211688,11,9,2021,3,11,3,3,2,6,0,0,1,0,0,0,0,0,809765,4971,5820694,734,13,55912695,52,44842248
211687,11,5,2021,4,12,6,3,8,1,0,0,0,0,1,0,0,0,784915,3918,5831131,579,13,20342776,52,55551779
211686,11,1,2021,4,12,3,3,4,6,0,1,1,0,0,0,0,0,798714,7069,5828981,115,13,4044399,52,52884895
211685,11,2,2021,5,18,7,3,5,7,0,0,1,0,1,0,0,1,797941,5881,5826336,176,13,39070837,52,50556348
211684,11,1,2021,5,15,6,3,1,6,0,0,1,0,1,0,0,0,797345,8446,5831180,622,13,38628925,52,54931323
211683,11,10,2021,3,15,4,3,5,2,0,1,0,0,0,1,0,0,806317,4421,5830170,419,13,51726149,52,53528918
211682,11,9,2021,4,13,2,3,5,2,0,1,0,0,0,1,0,0,802351,4626,5824749,185,13,45404352,52,48891343
211681,11,4,2021,5,15,2,3,5,3,0,1,1,0,0,0,0,0,789830,2699,5823564,219,13,26912732,52,48508185
211680,11,7,2021,5,9,5,3,0,1,0,0,0,0,1,0,0,1,797525,1797,5820002,67,13,37894017,52,44901224
211679,11,6,2021,5,18,4,3,5,3,0,0,1,0,0,0,0,0,795530,1703,5819894,941,13,34957527,52,44913401
211678,11,4,2021,4,2,7,3,2,6,2,1,1,0,0,0,0,0,791804,1861,5825894,688,13,30015538,52,50492285
211677,11,2,2021,3,8,3,3,5,2,0,1,1,0,0,0,0,0,800285,2009,5826091,69,13,42491378,52,50208727
211676,11,5,2021,5,5,2,2,5,2,1,1,1,0,0,0,0,1,790058,6026,5829166,396,13,27736274,52,5351849
211675,11,4,2021,5,7,4,2,5,3,0,1,1,0,0,0,0,0,791830,8976,5826109,919,13,30073648,52,50683807
211674,11,8,2021,4,8,4,2,0,1,0,1,0,0,0,0,0,0,803843,3175,5818864,747,13,47059148,52,43534392
211673,11,7,2021,3,9,4,3,0,2,0,0,0,0,0,0,1,0,796046,354,5825344,573,13,36198534,52,49770631
211672,11,11,2021,5,16,7,3,6,7,0,1,0,1,0,0,0,0,805940,1718,5833720,126,13,51498728,52,5673143
211671,11,6,2021,4,13,1,3,3,6,0,1,1,0,0,0,0,0,793058,2524,5816619,253,13,31043464,52,42109875
211670,11,3,2021,5,8,2,3,5,7,0,0,1,0,0,0,0,0,795357,6016,5835082,753,13,36052676,52,58537385
211669,11,3,2021,5,12,2,3,0,7,0,0,1,0,0,0,1,0,799162,6143,5831006,428,13,41284621,52,54675716
211668,11,1,2021,5,10,6,3,1,5,0,1,1,0,0,0,0,1,800207,93,5827659,5,13,42518009,52,51617866
211667,11,7,2021,5,10,5,3,2,6,0,0,1,0,0,0,0,0,794964,3118,5825220,647,13,34598257,52,4971813
211666,11,3,2021,4,13,3,3,5,3,0,0,1,0,0,0,0,0,804945,8038,5841291,422,13,50733601,52,63572805
211665,11,8,2021,4,12,1,3,2,6,0,0,1,0,0,0,1,1,801960,5474,5822410,174,13,44618562,52,46816492
211664,11,3,2021,4,11,6,3,5,3,0,0,1,0,0,0,0,0,802829,5611,5832033,113,13,46769477,52,55393326
211663,11,6,2021,4,13,4,2,5,3,0,0,1,0,0,0,0,0,785768,8138,5816919,597,13,2037921,52,42764706
211662,11,2,2021,5,17,4,3,5,3,0,0,1,0,1,0,0,0,800504,863,5826012,19,13,42805701,52,50125419
211661,11,1,2021,4,12,3,2,1,5,0,1,1,0,0,0,0,0,799069,3587,5828931,532,13,40960769,52,52821006
211660,11,7,2021,3,19,2,2,5,3,0,1,1,0,0,0,0,0,796869,8266,5824297,634,13,37314729,52,48787424
211659,11,9,2021,4,12,5,3,5,3,0,1,1,0,0,0,0,0,810885,4949,5820660,769,13,5755225,52,44748242
211658,11,6,2021,3,12,5,3,5,2,0,0,1,0,0,0,0,0,791751,3033,5819295,966,13,29360595,52,44579397
211657,11,1,2021,5,19,4,3,0,6,0,0,1,0,1,0,0,1,795142,9674,5828262,815,13,35130439,52,52435548
211656,11,3,2021,5,19,3,3,2,6,0,1,1,0,0,0,0,0,799193,3441,5831774,93,13,41399048,52,55362871
211655,11,4,2021,4,9,5,3,2,6,0,0,1,0,0,0,1,1,789786,6698,5826385,158,13,27094141,52,51039534
211654,11,12,2021,5,15,1,3,2,6,0,0,1,0,0,0,0,0,788628,8514,5833066,611,13,25973317,52,57091047
211653,11,8,2021,4,17,7,3,6,6,0,1,0,1,0,0,0,0,801606,1467,5820669,737,13,43941182,52,45276072
211652,11,10,2021,5,18,5,3,6,4,0,0,0,1,1,0,0,0,813444,2626,5830359,177,13,62217121,52,53292906
211651,11,7,2021,4,18,2,3,5,2,0,1,1,0,0,0,0,0,797392,2355,5823661,568,13,38025093,52,48188827
211650,11,8,2021,3,13,3,3,1,5,0,1,1,0,0,0,0,0,801311,1709,5822907,949,13,43710469,52,47298514
211649,11,1,2021,4,18,4,2,1,5,0,0,1,0,0,0,1,1,796148,9272,5831457,732,13,36893601,52,55244926
211648,11,7,2021,5,14,6,2,0,7,0,0,1,0,0,0,0,0,799988,2399,5820425,423,13,41545502,52,45146109
211647,11,12,2021,4,17,5,3,5,3,0,0,1,0,0,0,0,0,795732,1172,5837041,346,13,36778735,52,60272708
211646,11,8,2021,3,9,2,3,3,6,0,1,1,0,0,0,0,0,800564,6287,5825143,715,13,42816257,52,49343641
211645,11,4,2021,4,19,7,3,5,3,0,1,1,0,0,0,0,0,793352,4692,5826070,589,13,32305618,52,50566947
211644,11,9,2021,3,15,6,2,6,4,0,0,1,1,0,0,0,0,808962,8849,5815215,832,13,54229453,52,39977463
211643,11,9,2021,5,7,2,2,5,2,0,1,1,0,0,0,0,0,808075,5021,5816934,102,13,53087359,52,415674
211642,11,3,2021,5,12,5,3,5,7,0,0,1,0,0,0,0,0,801911,3304,5830333,347,13,4526474,52,53920809
211641,11,2,2021,5,17,4,2,5,3,0,0,1,0,0,0,0,0,798584,515,5825563,788,13,39946018,52,49828858
211640,11,9,2021,4,14,5,2,6,4,0,0,0,1,1,0,0,0,806407,7931,5822247,407,13,51130031,52,46423023
211639,11,7,2021,4,11,6,3,5,3,0,1,1,0,0,0,0,0,795390,5743,5825193,34,13,35221893,52,49670323
211638,11,7,2021,4,19,3,3,1,5,0,0,1,0,0,0,0,0,797717,87,5822530,884,13,38400988,52,47157597
211637,11,7,2021,3,9,4,3,2,6,0,1,1,0,0,0,0,0,795576,4502,5824251,868,13,35411406,52,48816576
211636,11,7,2021,4,21,6,2,5,2,2,1,0,0,1,0,0,0,794565,5161,5822580,347,13,33779171,52,47372792
211635,11,9,2021,5,17,1,3,1,5,0,0,1,0,0,0,0,0,804874,1213,5823156,83,13,48962619,52,4732389
211634,11,6,2021,3,17,4,3,1,5,0,1,1,0,0,0,0,0,785817,619,5817638,197,13,20511402,52,43406488
211633,11,11,2021,4,10,2,3,1,7,0,0,1,0,0,1,0,0,804351,7175,5834175,292,13,49204146,52,57228405
211632,11,3,2021,5,12,2,3,5,3,0,0,1,0,0,0,0,0,800778,799,5833548,648,13,43891222,52,56865355
211631,11,1,2021,5,7,6,3,6,4,0,0,1,1,0,0,0,1,793748,6035,5828917,531,13,33138964,52,53097769
211630,11,9,2021,5,12,4,2,6,4,0,0,0,1,0,0,1,0,811155,8513,5822077,607,13,58080779,52,46002567
211629,11,1,2021,5,16,5,3,2,6,0,1,1,0,0,0,0,0,794617,368,5829855,854,13,34498673,52,5389204
211628,11,7,2021,4,12,6,3,5,3,0,1,1,0,0,0,0,0,796273,414,5823231,42,13,36343594,52,47863736
211627,11,1,2021,4,15,5,2,5,3,0,1,1,0,0,0,0,0,795385,453,5826006,82,13,35286552,52,50400097
211626,11,10,2021,5,19,3,3,5,3,0,1,1,0,0,0,0,0,809450,6271,5834611,939,13,56744779,52,57332232
211625,11,3,2021,3,18,2,3,0,6,0,0,0,0,1,0,1,0,802494,7299,5829266,773,13,46025249,52,52932499
211624,11,7,2021,4,8,5,3,6,4,0,0,1,1,0,0,0,0,796110,58,5824881,838,13,36250968,52,49352374
211623,11,12,2021,3,11,5,3,5,2,0,1,1,0,0,0,0,0,795164,2555,5836348,582,13,35880919,52,59682572
211622,11,7,2021,5,15,3,3,5,3,0,0,1,0,0,0,0,0,798326,6641,5816896,563,13,38792759,52,42073805
211621,11,5,2021,4,17,1,2,0,1,0,0,0,0,1,0,0,0,786527,8339,5830641,28,13,22672296,52,55027372
211620,11,4,2021,5,12,2,3,2,6,0,0,1,0,0,0,0,0,790394,973,5825615,548,13,27920821,52,50317221
211619,11,4,2021,4,16,4,3,5,3,0,1,1,0,0,0,0,0,791434,5973,5824917,816,13,29387069,52,4963628
211618,11,9,2021,3,6,3,3,5,7,0,0,1,0,0,0,1,0,811307,5457,5817551,931,13,57881812,52,41938226
211617,11,3,2021,4,6,6,3,3,6,0,0,1,0,1,0,1,0,801538,3154,5839683,97,13,45567002,52,62321573
211616,11,8,2021,5,14,7,3,5,3,0,0,1,0,1,0,0,0,800844,8889,5822538,93,13,429927,52,46992699
211615,11,2,2021,5,14,7,3,5,2,0,1,1,0,0,0,0,0,800141,2163,5825758,732,13,42249886,52,49918205
211614,11,9,2021,3,18,3,3,2,6,0,0,1,0,0,0,0,0,810055,4659,5819450,307,13,56222543,52,43710586
211613,11,8,2021,4,20,2,3,0,1,2,1,0,0,0,0,0,0,803816,8378,5822121,158,13,47316505,52,46454543
211612,11,7,2021,5,20,2,2,5,2,2,1,0,0,0,0,0,0,793501,1304,5822489,424,13,32208602,52,47348581
211611,11,3,2021,5,6,5,3,5,3,0,0,1,0,0,0,0,0,800855,69,5838761,31,13,44477772,52,61533224
211610,11,4,2021,5,8,4,3,1,5,0,1,0,0,0,1,0,0,792063,1768,5825715,96,13,30380275,52,50317426
211609,11,2,2021,4,14,6,3,5,3,0,1,1,0,0,0,0,0,800613,2944,5827116,859,13,43065848,52,51109551
211608,11,5,2021,4,13,5,3,5,2,0,1,1,0,0,0,0,1,784838,222,5829254,63,13,20068223,52,53872447