OBJECTID,LAND,BEZ,UJAHR,UMONAT,USTUNDE,UWOCHENTAG,UKATEGORIE,UART,UTYP1,ULICHTVERH,IstRad,IstPKW,IstFuss,IstKrad,IstGkfz,IstSonstige,USTRZUSTAND,LINREFX,LINREFY,XGCSWGS84,YGCSWGS84,,,,
211386,11,12,2021,5,11,2,3,2,6,0,0,1,0,0,0,0,0,793249,3534,5835172,273,13,32957774,52,58731686
211385,11,3,2021,4,19,2,3,5,2,0,0,1,0,0,0,0,0,800020,4836,5833422,406,13,42764315,52,56794047
211384,11,5,2021,5,9,2,3,5,2,0,0,1,0,0,0,1,0,783654,495,5829497,64,13,18347719,52,54152612
211383,11,2,2021,5,19,2,3,2,6,0,0,1,0,0,0,0,0,798279,8766,5825471,28,13,39490303,52,49762595
211382,11,10,2021,5,11,6,3,2,1,0,0,1,0,0,0,0,1,811960,996,5830560,461,13,6005641,52,5355837
211381,11,12,2021,4,9,3,3,2,7,0,0,1,0,0,0,0,0,792856,9853,5835154,801,13,32378726,52,58737161
211380,11,1,2021,5,14,5,3,1,5,0,1,1,0,0,0,0,0,795511,542,5828108,778,13,3565772,52,52277529
211379,11,1,2021,4,7,2,3,3,6,0,1,0,0,0,0,1,0,797406,5417,5829163,138,13,38537585,52,53119582
211378,11,5,2021,4,13,6,2,5,2,0,1,1,0,0,0,0,0,780346,9255,5827611,581,13,13324983,52,52632606
211377,11,6,2021,5,20,5,3,2,2,0,0,1,0,0,0,0,1,789327,3825,5817264,104,13,25628249,52,42886546
211376,11,5,2021,4,12,4,3,1,5,0,1,1,0,0,0,0,0,789674,2552,5829357,241,13,27187844,52,53710028
211375,11,12,2021,3,15,2,3,2,2,0,0,1,0,1,0,0,0,793484,534,5832424,648,13,33060714,52,56255929
211374,11,10,2021,4,17,5,3,5,2,0,0,1,0,0,0,0,0,812590,1908,5830316,198,13,60958067,52,53303437
211373,11,2,2021,3,9,5,3,5,2,0,1,1,0,0,0,0,0,799569,7053,5824913,174,13,41334459,52,49191691
211372,11,12,2021,5,13,4,3,6,4,0,0,1,1,0,0,0,0,794406,1798,5836251,396,13,34756307,52,59636546
211371,11,5,2021,5,14,2,3,5,2,0,0,1,0,0,0,1,0,786381,7807,5829182,398,13,22331723,52,53727292
211370,11,10,2021,4,16,4,3,2,6,0,0,1,0,0,0,0,0,808516,21,5831179,298,13,55050962,52,54309052
211369,11,7,2021,5,10,7,3,1,5,0,1,1,0,0,0,0,0,794059,9703,5822612,185,13,33039819,52,47428573
211368,11,6,2021,4,19,1,3,2,6,1,1,0,0,1,0,0,0,783086,6078,5817263,213,13,1647402,52,43212258
211367,11,6,2021,5,19,5,3,1,5,0,0,1,0,0,0,0,0,794822,554,5820057,11,13,33932896,52,4509701
211366,11,3,2021,4,12,2,3,2,7,0,0,1,0,0,0,0,0,803456,2862,5839322,103,13,48358547,52,61891249
211365,11,10,2021,3,22,3,2,3,7,2,0,1,0,0,0,1,0,806954,6044,5830402,932,13,52684063,52,53701452
211364,11,7,2021,4,15,4,3,5,2,0,1,1,0,0,0,0,0,794924,5976,5825609,708,13,34574377,52,50069043
211363,11,7,2021,5,12,6,3,5,3,0,1,1,0,0,0,0,1,794498,5234,5821873,935,13,33618464,52,46743143
211362,11,3,2021,5,13,5,3,0,5,0,0,1,0,1,0,0,0,802303,5674,5833811,86,13,46158076,52,57016807
211361,11,11,2021,4,1,1,3,3,6,2,1,1,0,0,0,0,1,803971,7438,5829823,668,13,48246787,52,53349468
211360,11,2,2021,3,14,4,3,5,3,0,0,0,0,1,0,1,0,802100,4351,5827357,295,13,45272356,52,51242901
211359,11,6,2021,4,15,4,3,5,3,0,0,1,0,1,0,0,0,792860,3164,5816468,237,13,30740005,52,41985087
211358,11,4,2021,5,17,4,3,0,1,0,0,0,0,1,0,0,0,791977,3948,5826020,73,13,30281001,52,50595423
211357,11,1,2021,4,19,3,3,1,5,0,0,1,0,0,0,0,0,798514,5144,5827851,427,13,4004836,52,51883251
211356,11,7,2021,3,17,1,3,5,3,0,0,1,0,0,0,0,0,799466,4506,5820504,662,13,40787068,52,45245744
211355,11,12,2021,4,22,5,3,1,5,2,0,1,0,0,1,0,0,794375,8551,5835899,943,13,34680427,52,5932314
211354,11,1,2021,3,16,5,3,2,6,0,0,1,0,0,0,0,0,796613,7122,5831735,146,13,37601889,52,55468306
211353,11,8,2021,5,18,2,3,6,4,0,0,1,1,0,0,0,1,805794,7974,5816849,405,13,49736641,52,41619378
211352,11,4,2021,5,11,2,3,3,6,0,0,1,0,1,0,0,0,792412,6992,5827205,258,13,31024661,52,51634596
211351,11,7,2021,4,17,4,3,5,3,0,1,0,0,0,0,0,0,799986,5856,5821312,438,13,41622764,52,45941279
211350,11,1,2021,5,20,1,3,5,2,0,1,1,0,0,0,0,0,796713,434,5830439,633,13,37632216,52,54301614
211349,11,4,2021,5,11,5,3,3,2,0,0,1,0,0,0,0,0,791143,844,5829115,658,13,29327312,52,53415139
211348,11,5,2021,4,11,3,3,2,6,0,0,1,0,0,0,0,0,787571,5034,5828028,3,13,23981169,52,52629933
211347,11,4,2021,4,7,5,3,5,2,0,1,1,0,0,0,0,0,790985,636,5824831,917,13,28719257,52,49583258
211346,11,9,2021,4,16,4,3,5,7,0,1,1,0,0,0,0,0,807292,846,5821790,603,13,52386653,52,45963926
211345,11,9,2021,5,13,6,2,1,5,0,1,1,0,0,0,0,0,811872,5961,5820583,86,13,58992731,52,44622414
211344,11,4,2021,4,12,5,3,5,3,0,1,1,0,0,0,0,0,790853,565,5823648,402,13,2842205,52,48529266
211343,11,11,2021,3,12,3,3,0,7,0,0,1,0,0,0,0,0,803734,1624,5828298,151,13,47758261,52,5199544
211342,11,3,2021,4,15,6,3,5,2,0,1,1,0,0,0,0,0,800083,6956,5831671,617,13,42698987,52,55221287
211341,11,7,2021,3,13,6,3,1,5,0,1,0,0,0,0,1,0,796688,3945,5824637,258,13,37078546,52,49101727
211340,11,2,2021,5,19,3,3,5,2,0,0,1,0,0,0,0,1,798210,9628,5826319,642,13,3946506,52,50526811
211339,11,3,2021,5,7,3,3,2,7,0,1,1,0,0,0,0,1,800743,7049,5829441,288,13,43467597,52,53185803
211338,11,1,2021,4,8,5,3,3,6,0,0,1,0,0,0,0,0,793522,2977,5829255,593,13,32836159,52,53413014
211337,11,8,2021,4,20,6,3,0,6,1,0,1,0,0,0,1,0,802565,7469,5823092,709,13,4556866,52,4739477
211336,11,3,2021,4,16,3,3,2,6,0,0,1,0,0,0,0,0,798828,6206,5831727,243,13,40858413,52,55340149
211335,11,8,2021,3,14,3,3,1,5,0,1,1,0,0,0,0,0,802293,7897,5817977,616,13,44706529,52,42825093
211334,11,5,2021,4,12,6,3,0,2,0,0,1,0,0,0,1,0,784846,919,5829229,771,13,20078929,52,53850211
211333,11,5,2021,5,21,7,3,5,2,1,1,1,0,0,0,0,0,784552,4967,5828178,438,13,19555983,52,52922967
211332,11,7,2021,3,18,3,2,5,3,0,1,0,0,1,0,0,0,794963,5428,5825408,793,13,34613789,52,49886831
211331,11,6,2021,4,15,2,3,2,6,0,0,1,0,0,0,0,0,788267,1589,5818648,137,13,24192557,52,4418339
211330,11,2,2021,5,23,1,3,1,5,2,1,1,0,0,0,0,0,800463,5993,5828314,52,13,42954047,52,52190878
211329,11,1,2021,5,10,5,3,5,2,0,1,1,0,0,0,0,0,794207,8318,5827711,513,13,33707297,52,51991881
211328,11,2,2021,5,19,4,2,6,4,0,0,1,1,0,0,0,1,800917,2899,5826830,983,13,43486597,52,50836553
211327,11,2,2021,5,14,5,3,5,2,0,1,1,0,0,0,0,0,797546,9419,5825062,32,13,38377269,52,4943576
211326,11,8,2021,4,18,4,3,5,2,0,1,1,0,0,0,0,0,801397,4833,5824766,376,13,44005158,52,48959502
211325,11,4,2021,4,11,6,3,1,5,0,1,0,0,0,0,1,0,791962,9081,5826453,547,13,30297737,52,509848
211324,11,11,2021,4,15,5,2,5,3,0,1,1,0,0,0,0,0,803991,9761,5827772,249,13,4808901,52,51509726
211323,11,8,2021,5,22,3,3,2,2,2,1,1,0,0,0,0,0,802409,7879,5823720,969,13,45396713,52,47966519
211322,11,11,2021,3,14,2,3,5,3,0,0,1,0,0,0,0,0,805269,955,5827008,632,13,49895172,52,5075401
211321,11,1,2021,4,13,5,3,5,2,0,0,1,0,0,0,1,0,795188,4739,5831340,184,13,35470698,52,55191692
211320,11,12,2021,3,16,5,3,5,2,0,1,0,0,0,0,1,0,795790,9554,5832581,907,13,36467355,52,5627209
211319,11,4,2021,5,17,2,3,0,3,0,1,1,0,0,0,0,0,793696,6221,5823939,424,13,32623315,52,48637939
211318,11,1,2021,4,13,2,2,5,2,0,1,1,0,0,0,0,0,797038,2048,5829319,343,13,38010142,52,53279687
211317,11,1,2021,5,17,2,3,1,5,0,1,1,0,0,0,0,0,795870,9725,5830473,416,13,36397147,52,54377688
211316,11,2,2021,4,13,5,3,3,6,0,0,1,0,0,1,0,0,800591,1299,5828480,157,13,43156458,52,52332734
211315,11,11,2021,5,10,1,3,2,6,0,0,1,0,1,0,0,0,806657,5312,5827054,891,13,51938762,52,50717607
211314,11,9,2021,5,12,6,3,6,7,0,0,1,1,0,0,0,0,811005,1442,5821742,815,13,57828493,52,4571112
211313,11,3,2021,4,15,2,3,4,6,0,1,1,0,0,0,0,0,802918,5197,5834134,635,13,4709214,52,57271916
211312,11,2,2021,4,12,5,3,0,3,0,1,1,0,0,0,0,0,797509,1495,5824744,112,13,38293378,52,49152841
211311,11,2,2021,5,19,4,3,5,2,0,1,1,0,0,0,0,1,803020,729,5825762,14,13,46478187,52,49762176
211310,11,4,2021,4,19,3,3,5,3,0,0,1,0,1,0,0,0,786235,585,5826007,712,13,21842747,52,50888653
211309,11,4,2021,3,12,3,2,5,3,0,1,1,0,0,0,0,0,789476,2186,5827467,544,13,2673214,52,52026401
211308,11,2,2021,4,21,5,2,8,1,2,0,1,0,0,0,0,0,797088,9067,5824720,697,13,37674148,52,49154739
211307,11,3,2021,3,12,6,3,5,2,0,1,1,0,0,0,0,1,801362,1614,5833159,4,13,44713941,52,56483885
211306,11,1,2021,5,12,4,3,5,2,0,1,1,0,0,0,0,0,795117,694,5830865,557,13,35324426,52,54770064
211305,11,4,2021,5,16,4,3,5,2,0,1,0,0,0,0,1,0,790400,2808,5829029,246,13,28226619,52,5337734
211304,11,2,2021,4,18,5,3,5,3,0,0,1,0,0,0,1,0,798595,5902,5825582,386,13,39963952,52,49844923
211303,11,1,2021,4,14,3,3,6,4,0,0,1,1,0,0,0,1,796514,5789,5830924,205,13,3738368,52,54746785
211302,11,1,2021,5,22,6,3,0,1,2,1,0,0,0,0,0,0,797247,82,5827371,914,13,38143003,52,51522658
211301,11,9,2021,4,13,2,3,5,3,0,0,1,0,0,0,0,0,808170,7128,5815764,477,13,53119254,52,405138
211300,11,9,2021,3,9,3,3,2,6,0,0,1,0,0,0,0,0,806226,479,5822179,262,13,50857091,52,46372137
211299,11,6,2021,4,12,3,3,5,3,0,0,1,0,0,0,0,0,789855,4458,5818753,807,13,26531915,52,44194169
211298,11,11,2021,5,18,6,2,6,4,0,0,0,1,0,0,1,0,805417,4113,5831622,228,13,50536805,52,54880586
211297,11,9,2021,4,9,4,2,0,7,0,1,0,0,0,0,0,0,817053,37,5821179,896,13,66646354,52,44859279
211296,11,6,2021,3,5,4,2,0,7,2,1,0,0,0,0,0,0,787494,4799,5817560,831,13,22965388,52,43249214
211295,11,3,2021,4,17,6,3,5,3,0,0,1,0,0,0,1,0,800483,3466,5831254,78,13,43248936,52,54825636
211294,11,12,2021,3,14,7,3,6,4,0,0,1,1,0,0,0,1,795250,4606,5836561,499,13,36026806,52,59868751
211293,11,2,2021,5,14,2,2,3,6,0,0,1,0,1,0,0,0,799271,3972,5825000,96,13,40904282,52,4928674
211292,11,6,2021,5,18,5,3,5,3,0,1,0,0,0,0,0,0,788422,7191,5816597,556,13,24243892,52,42336712
211291,11,5,2021,5,11,4,3,5,3,0,1,0,0,0,0,1,0,782361,4199,5830480,729,13,16530353,52,55101227
211290,11,1,2021,4,11,7,3,3,6,0,0,1,0,1,0,0,0,795498,8007,5829595,7,13,35771818,52,53610527
211289,11,4,2021,5,15,1,3,5,3,0,1,1,0,0,0,0,1,792326,6078,5825267,398,13,30727971,52,49901967
211288,11,12,2021,4,6,3,3,5,7,0,1,1,0,0,0,0,0,793546,762,5834253,109,13,33314091,52,57891676
211287,11,7,2021,3,13,4,3,6,4,0,0,1,1,0,0,0,0,800736,2987,5813970,819,13,42062797,52,39319419
211286,11,7,2021,4,18,7,3,5,3,0,0,1,0,0,0,1,0,799168,446,5819063,928,13,40220239,52,4397065
211285,11,12,2021,5,17,7,2,1,5,0,0,1,0,0,0,0,1,794288,8813,5832922,51,13,34288055,52,56658811
211284,11,2,2021,5,23,7,3,1,5,2,1,1,0,0,0,0,0,800343,6746,5826261,184,13,42592552,52,50357432
211283,11,4,2021,4,17,2,3,5,3,0,1,1,0,0,0,0,0,792534,6946,5826123,986,13,31108889,52,50658725
211282,11,2,2021,5,15,3,3,2,6,0,0,1,0,1,0,0,0,802221,104,5827724,703,13,45482996,52,51565524
211281,11,7,2021,5,15,7,2,1,5,0,1,1,0,0,0,0,0,795969,6614,5825147,869,13,36068412,52,49598463
211280,11,1,2021,5,8,5,3,1,5,0,1,1,0,0,0,0,1,798808,1797,5829313,223,13,4061122,52,53177459
211279,11,3,2021,4,7,2,3,6,4,0,0,1,1,0,0,0,1,800173,57,5836595,828,13,43276911,52,59629999
211278,11,3,2021,3,14,4,2,0,1,0,1,0,0,0,0,0,0,799766,6193,5834835,588,13,42518638,52,58074704
211277,11,6,2021,4,13,4,3,2,6,0,0,1,0,0,0,1,0,796144,1608,5819557,513,13,35828441,52,44577698
211276,11,9,2021,3,10,2,3,0,3,0,1,1,0,0,0,0,0,814242,2069,5822313,542,13,62630686,52,46037407
211275,11,12,2021,4,15,7,3,1,7,0,0,1,0,1,0,0,0,792703,9618,5833508,305,13,32008103,52,57269396
211274,11,11,2021,3,14,6,3,0,4,0,1,0,1,0,0,0,0,804830,9695,5826495,116,13,49204619,52,50318267
211273,11,4,2021,5,9,2,2,5,2,0,0,1,0,1,0,0,0,793347,5271,5823072,654,13,32034406,52,47879678
211272,11,11,2021,5,15,5,2,6,4,0,0,1,1,1,0,0,0,803215,8623,5830003,234,13,47152214,52,5355251
211271,11,1,2021,5,9,4,3,5,2,0,1,1,0,0,0,0,0,798309,2921,5829374,771,13,39883461,52,53259954
211270,11,7,2021,4,9,5,2,5,3,0,1,1,0,0,0,0,0,794589,3843,5825438,74,13,34066855,52,49933888
211269,11,6,2021,4,17,5,3,5,7,0,0,1,0,0,0,0,0,784891,2812,5817548,676,13,19145672,52,43374519
211268,11,9,2021,4,0,3,3,3,6,2,0,1,0,0,1,0,0,810172,1341,5817696,985,13,56231013,52,42132684
211267,11,4,2021,3,15,4,2,0,3,0,0,1,0,1,0,0,0,788310,1191,5826875,6,13,24966979,52,51557478
211266,11,1,2021,4,19,6,3,1,5,0,1,1,0,0,0,0,0,795423,4491,5830618,317,13,35752033,52,54531863
211265,11,3,2021,5,15,7,3,2,6,0,1,1,0,0,0,0,0,798261,3498,5830916,532,13,3995139,52,54644554
211264,11,2,2021,3,17,3,3,3,6,0,0,0,0,0,0,1,0,798196,9419,5825522,24,13,39373059,52,49812807
211263,11,7,2021,4,13,2,3,1,5,0,1,0,0,0,0,1,0,793759,696,5822941,201,13,32627059,52,47739714
211262,11,1,2021,5,6,3,3,1,5,0,0,1,0,1,0,0,0,795665,1584,5830549,943,13,36101348,52,54457461
211261,11,10,2021,5,19,6,3,5,3,0,0,1,0,0,0,0,1,810101,7883,5831390,921,13,57401618,52,54408682
211260,11,4,2021,5,19,4,3,8,1,0,0,1,0,0,0,0,1,788044,1573,5826858,408,13,24574635,52,51556118
211259,11,1,2021,5,12,5,3,5,7,0,1,1,0,0,0,0,0,794814,31,5831331,888,13,34919714,52,55204519
211258,11,8,2021,4,21,6,3,3,6,2,0,1,0,0,0,0,0,801218,586,5820572,702,13,43363053,52,45210495
211257,11,5,2021,3,10,4,3,5,3,0,0,1,0,0,0,0,0,784643,988,5827975,1,13,19671763,52,52735835
211256,11,8,2021,4,21,3,3,2,6,2,0,1,0,0,0,0,0,803769,2073,5822188,322,13,47252723,52,46517389
211255,11,6,2021,4,15,3,3,2,6,0,1,1,0,0,0,0,0,794216,3909,5816862,109,13,32762999,52,42265446
211254,11,5,2021,5,9,3,3,6,7,0,1,0,1,0,0,0,0,784439,8031,5827586,209,13,19339643,52,52397852
211253,11,12,2021,3,18,2,3,3,6,0,1,0,0,0,0,0,0,786909,8814,5838379,451,13,23904233,52,61945134
211252,11,4,2021,4,17,4,2,5,2,0,0,1,0,0,0,0,0,794349,984,5826074,583,13,33771412,52,50516802
211251,11,3,2021,3,17,5,3,5,3,0,0,1,0,0,0,0,0,802621,5204,5838062,988,13,47014089,52,60809303
211250,11,1,2021,5,8,3,3,5,3,0,1,1,0,0,0,0,0,798154,8935,5826711,902,13,39417829,52,50881487
211249,11,12,2021,4,16,7,3,2,2,0,0,1,0,0,0,0,0,792476,501,5834307,667,13,3174328,52,5799824
211248,11,8,2021,5,16,2,3,5,3,0,0,1,0,0,0,0,0,806606,9344,5815508,621,13,50804272,52,40372272
211247,11,3,2021,4,10,4,3,5,3,0,0,1,0,0,0,0,0,797314,227,5835283,202,13,38950147,52,58610485
211246,11,8,2021,5,9,7,3,2,6,0,0,1,0,0,0,1,0,799503,5093,5823753,936,13,41133082,52,48156234
211245,11,1,2021,5,18,6,3,5,2,0,1,0,0,0,0,0,1,798251,2945,5828942,15,13,39759399,52,52875341
211244,11,7,2021,4,15,3,3,3,6,0,0,1,0,0,0,0,0,796662,6654,5824826,482,13,3705761,52,49272746
211243,11,2,2021,4,12,6,2,5,2,0,1,0,0,0,0,1,0,797090,1129,5824709,13,37674876,52,49144188,
211242,11,12,2021,5,15,4,3,5,3,0,0,1,0,0,0,0,0,792234,3926,5837196,882,13,31642575,52,60601273
211241,11,5,2021,4,11,3,3,2,6,0,0,1,0,0,0,0,0,784969,7716,5829414,779,13,20275445,52,54009666
211240,11,11,2021,3,13,3,3,5,3,0,1,1,0,0,0,0,0,804603,699,5827475,729,13,48960553,52,5120984
211239,11,9,2021,4,12,6,3,1,5,0,1,1,0,0,0,0,0,810487,763,5820173,614,13,56923633,52,44334269
211238,11,10,2021,3,14,6,3,5,3,0,0,1,0,0,0,0,0,811571,4337,5827389,854,13,59186941,52,50739389
211237,11,1,2021,5,7,3,3,0,2,0,1,1,0,0,0,0,0,796995,1329,5826616,928,13,37705541,52,50859615
211236,11,11,2021,5,15,3,3,6,2,0,0,1,1,0,0,0,0,806824,124,5833826,248,13,52808471,52,56776796
211235,11,4,2021,4,15,6,3,0,2,0,1,0,0,0,0,1,0,791560,542,5826638,844,13,29722772,52,51172437
211234,11,4,2021,4,14,3,3,2,6,0,0,1,0,0,0,0,0,792174,8292,5826124,67,13,30580243,52,50678623
211233,11,3,2021,5,10,6,2,6,2,0,0,1,1,0,0,0,0,801854,3019,5831374,821,13,45275547,52,54857438
211232,11,1,2021,4,8,3,3,5,3,0,1,0,0,0,0,1,0,799700,5133,5827210,12,13,41733264,52,51243275
211231,11,8,2021,3,9,3,3,5,2,0,0,1,0,0,0,0,0,801225,2158,5821682,469,13,43473675,52,4620482
211230,11,4,2021,4,16,4,3,3,6,0,0,1,0,0,0,0,1,791132,4193,5829158,751,13,29314291,52,53454382
211229,11,4,2021,5,22,6,3,2,2,2,0,1,0,0,0,0,0,793300,1376,5825665,794,13,32193078,52,50206878
211228,11,2,2021,3,18,4,3,5,2,0,1,1,0,0,0,0,0,797257,234,5824804,713,13,37928529,52,49220898
211227,11,8,2021,4,18,7,3,5,2,0,1,1,0,0,0,0,0,800365,9658,5824353,417,13,42453285,52,48646203
211226,11,9,2021,3,11,7,2,5,3,0,1,0,0,0,0,1,0,805905,6177,5822714,449,13,50435965,52,46869743
211225,11,9,2021,5,16,2,3,5,7,0,0,1,0,0,0,0,0,803228,9,5823857,471,13,46610371,52,4804349
211224,11,4,2021,5,15,6,3,2,6,0,0,1,0,0,0,0,1,791452,282,5828309,436,13,29710068,52,52675888
211223,11,5,2021,5,14,4,3,5,2,0,0,1,0,1,0,0,0,780075,953,5828700,69,13,13018323,52,53622559
211222,11,1,2021,4,12,6,3,5,7,0,0,1,0,0,0,0,0,795432,4634,5829538,317,13,35669253,52,53563249
211221,11,9,2021,5,9,1,3,0,7,0,0,1,0,0,0,0,1,814831,2065,5823997,861,13,63653647,52,47512795
211220,11,6,2021,4,19,4,2,0,1,1,0,0,0,1,0,0,0,792171,945,5817834,435,13,29849983,52,43246677
211219,11,1,2021,3,16,4,2,5,3,0,1,1,0,0,0,0,0,795082,9372,5827876,295,13,3500792,52,52092312
211218,11,11,2021,4,5,2,3,5,3,2,1,0,0,0,0,1,1,807664,6435,5833598,85,13,5402375,52,56525565
211217,11,2,2021,5,13,1,3,5,2,0,1,1,0,0,0,0,1,798371,7883,5826337,13,13,39702863,52,50533589
211216,11,2,2021,5,10,7,3,0,3,0,1,0,0,1,0,0,0,800040,9237,5826344,66,13,42155325,52,50448379
211215,11,10,2021,4,6,2,3,5,3,0,0,1,0,0,0,0,0,808294,3436,5832811,218,13,54876651,52,55784088
211214,11,6,2021,5,9,3,3,2,7,0,0,1,0,0,0,0,0,793810,616,5819376,33,13,32388946,52,4454117
211213,11,4,2021,5,17,7,3,5,2,0,1,1,0,0,0,0,0,792541,5636,5826115,416,13,31118228,52,50650674
211212,11,8,2021,5,17,5,3,6,4,0,0,1,1,0,0,0,0,801016,5573,5823341,835,13,43317192,52,47703663
211211,11,2,2021,4,16,1,3,6,4,0,0,0,1,0,0,1,1,801753,1902,5828656,304,13,44880044,52,5242643
211210,11,12,2021,4,13,5,3,2,2,0,0,1,0,0,0,0,0,794465,8966,5836244,992,13,34843647,52,59627573
211209,11,12,2021,5,22,4,3,0,1,2,0,0,0,1,0,0,1,792370,4924,5835079,931,13,31656072,52,58696212
211208,11,1,2021,4,16,3,2,3,6,0,1,0,0,0,0,0,0,799719,6565,5827797,125,13,41814273,52,51768477
211207,11,3,2021,3,15,2,3,2,6,0,1,1,0,0,0,0,0,800143,3173,5836329,695,13,43208262,52,59393131
211206,11,1,2021,4,16,5,2,5,3,0,1,1,0,0,0,0,0,796034,1781,5826691,256,13,36300384,52,50978474
211205,11,7,2021,3,5,5,2,5,2,1,0,1,0,1,0,0,0,795809,1168,5816026,344,13,35024548,52,41430368
211204,11,1,2021,5,8,2,3,1,5,0,1,1,0,0,0,0,0,798492,2876,5829457,47,13,40159827,52,53323684
211203,11,1,2021,4,15,1,3,5,3,0,0,1,0,0,0,1,0,797760,1092,5830894,708,13,39212441,52,54652411
211202,11,4,2021,5,10,2,3,5,2,0,0,1,0,0,1,0,0,790666,2093,5823281,257,13,28115648,52,48210068
211201,11,9,2021,4,11,4,3,5,2,0,1,1,0,0,0,0,0,810486,4123,5820325,897,13,56935802,52,44470818
211200,11,4,2021,5,15,1,3,1,5,0,0,1,0,0,0,1,0,791997,485,5826242,314,13,30329369,52,50793606
211199,11,6,2021,4,18,7,3,5,3,0,0,1,0,0,0,0,0,786119,3566,5816873,711,13,20889439,52,42705243
211198,11,6,2021,5,12,6,3,2,2,0,0,1,0,0,0,0,0,789832,282,5818728,695,13,26495381,52,44172896
211197,11,4,2021,4,11,2,3,5,2,0,1,1,0,0,0,0,0,793346,9412,5823082,417,13,32034405,52,47888462
211196,11,1,2021,4,9,7,3,2,6,0,0,1,0,0,0,0,0,796662,9018,5831673,26,13,37668678,52,55409943
211195,11,7,2021,4,16,4,3,0,6,0,0,0,0,1,0,0,1,797735,4825,5819132,6,13,38125028,52,44109903
211194,11,1,2021,5,15,4,2,2,6,0,0,0,0,1,0,1,0,797459,5819,5826827,173,13,3840665,52,51022771
211193,11,4,2021,4,12,4,2,0,5,0,1,1,0,0,0,0,0,793065,8394,5824814,253,13,31773965,52,4945609
211192,11,5,2021,3,14,3,3,5,3,0,1,1,0,0,0,0,0,785713,1657,5829289,726,13,21357836,52,53858617
211191,11,1,2021,4,15,6,3,2,6,0,0,1,0,1,0,0,0,796277,547,5826264,625,13,36619239,52,50582854
211190,11,6,2021,3,10,6,3,5,3,0,0,1,0,0,0,0,0,790314,4007,5820353,988,13,27344323,52,45604427
211189,11,1,2021,5,0,3,3,5,3,2,1,1,0,0,0,0,1,795341,8706,5830382,797,13,35611141,52,54325163
211188,11,4,2021,5,19,3,3,2,6,1,1,1,0,0,0,0,0,794188,3239,5825979,62,13,33525481,52,50439892
211187,11,8,2021,3,20,2,3,5,2,2,0,1,0,0,0,0,0,801544,2511,5820646,983,13,43848319,52,45259092
211186,11,9,2021,4,11,5,3,5,2,0,1,1,0,0,0,0,0,808645,9373,5819162,442,13,54129044,52,4353232
211185,11,10,2021,3,15,5,3,5,3,0,0,1,0,0,0,1,0,812234,7074,5824581,412,13,5989784,52,48184768
211184,11,1,2021,5,12,2,3,5,2,0,0,1,0,0,0,0,0,796578,3024,5826873,197,13,37116003,52,51112012
211183,11,8,2021,4,14,7,2,6,4,0,0,1,1,0,0,0,0,801719,8586,5823692,128,13,44381282,52,47978829
211182,11,6,2021,5,12,2,3,2,6,0,0,1,0,0,0,0,0,790247,299,5815103,383,13,26790041,52,40900657
211181,11,5,2021,4,13,5,2,6,4,0,0,0,1,0,0,1,0,784869,1131,5832591,653,13,20400054,52,56863286
211180,11,5,2021,5,13,1,3,2,6,0,1,1,0,0,0,0,0,786992,4826,5828157,7,13,23141132,52,52775839
211179,11,5,2021,5,23,5,3,1,7,2,0,1,0,0,0,0,0,785227,4724,5830286,524,13,20729249,52,54777778
211178,11,9,2021,4,14,3,3,5,2,0,0,1,0,0,0,0,0,812133,8133,5820399,908,13,5935872,52,44443356
211177,11,1,2021,4,15,6,3,0,1,0,1,0,0,0,0,0,0,797748,1908,5828573,284,13,38986931,52,52572201
211176,11,11,2021,4,16,4,3,6,4,0,0,1,1,0,0,0,0,805153,7951,5831646,443,13,50151461,52,54917061
211175,11,1,2021,4,7,3,3,0,7,0,0,1,0,0,0,0,0,792683,5797,5828275,236,13,31516869,52,52579264
211174,11,8,2021,5,13,4,3,6,7,0,1,0,1,0,0,0,0,800956,6063,5820837,408,13,43003325,52,45462161
211173,11,12,2021,4,13,3,3,1,5,0,1,1,0,0,0,0,0,790957,3405,5836982,189,13,29743225,52,60477309
211172,11,7,2021,3,11,2,2,5,2,0,0,1,0,0,0,0,0,799795,83,5813977,465,13,40684314,52,39376966
211171,11,1,2021,4,0,6,3,8,1,2,0,1,0,0,0,0,0,796800,558,5827964,3,13,37539846,52,5207774
211170,11,1,2021,3,18,6,2,3,6,0,0,1,0,1,0,0,0,798514,7433,5829027,578,13,40154269,52,52937496
211169,11,10,2021,5,15,4,3,6,2,0,0,1,1,0,0,0,0,809382,21,5831053,64,13,56312159,52,54146824
211168,11,1,2021,5,14,3,3,5,2,0,0,1,0,0,1,0,0,796992,459,5831473,976,13,38134918,52,55213581
211167,11,12,2021,4,22,5,3,4,6,2,0,1,0,0,0,0,1,789068,4864,5833650,97,13,26671065,52,57590821
211166,11,2,2021,4,19,2,3,5,7,0,0,1,0,1,0,0,0,798269,5522,5826520,876,13,39569155,52,50703989
211165,11,5,2021,5,10,6,3,2,7,0,0,1,0,1,0,0,0,787343,257,5828099,895,13,23651841,52,52706157