OBJECTID,LAND,BEZ,UJAHR,UMONAT,USTUNDE,UWOCHENTAG,UKATEGORIE,UART,UTYP1,ULICHTVERH,IstRad,IstPKW,IstFuss,IstKrad,IstGkfz,IstSonstige,USTRZUSTAND,LINREFX,LINREFY,XGCSWGS84,YGCSWGS84,,,,
211164,11,12,2021,4,12,4,3,5,2,0,0,1,0,0,0,1,0,794555,3835,5834265,459,13,34799395,52,57848243
211163,11,4,2021,3,17,2,3,5,2,0,0,1,0,0,0,1,0,793020,481,5823394,206,13,31582486,52,48185498
211162,11,1,2021,4,20,5,3,3,6,2,0,1,0,0,0,0,0,798844,5709,5827282,74,13,40482205,52,5135483
211161,11,3,2021,4,21,3,3,0,3,2,1,1,0,0,0,0,1,797411,7617,5833971,81,13,38976021,52,57429667
211160,11,8,2021,5,9,6,3,5,3,0,1,1,0,0,0,0,1,800136,234,5823278,68,13,42019168,52,47694953
211159,11,4,2021,5,23,6,3,5,3,2,0,1,0,0,0,0,0,793343,4003,5822283,48,13,31958897,52,47172045
211158,11,2,2021,3,20,4,2,0,7,1,1,0,0,0,0,0,0,797652,9418,5824944,91,13,38522478,52,49324994
211157,11,9,2021,4,12,2,3,8,7,0,0,1,0,0,0,0,0,804527,2324,5820035,2,13,48168716,52,44545233
211156,11,1,2021,3,16,1,3,5,2,0,1,1,0,0,0,0,0,798319,271,5829378,895,13,3989814,52,53263117
211155,11,2,2021,5,11,2,3,0,2,0,0,0,0,1,0,0,1,802710,2445,5828216,149,13,46246345,52,51978876
211154,11,7,2021,5,10,5,3,5,2,0,1,1,0,0,0,0,0,794543,9448,5822496,721,13,33740119,52,47298989
211153,11,10,2021,5,17,4,3,3,6,0,0,1,0,0,0,0,0,811270,773,5829690,135,13,58960584,52,52817908
211152,11,7,2021,4,17,6,3,7,7,0,0,0,0,1,0,0,0,799950,4048,5821334,884,13,41571689,52,45963385
211151,11,8,2021,5,15,1,3,2,6,0,0,1,0,0,0,0,1,800465,3085,5823629,793,13,42533928,52,47992125
211150,11,8,2021,4,17,4,2,5,7,0,0,1,0,0,0,1,0,804660,6771,5818332,91,13,48209319,52,43012255
211149,11,11,2021,3,21,4,2,5,2,2,0,1,0,0,0,0,0,805667,8096,5824335,66,13,50235503,52,48335526
211148,11,12,2021,5,16,7,3,0,3,0,1,1,0,0,0,0,0,790806,9425,5834063,75,13,29265541,52,57869035
211147,11,6,2021,4,9,2,3,2,6,0,0,1,0,0,1,0,0,789562,301,5817345,443,13,25979446,52,42947056
211146,11,9,2021,4,16,2,3,0,6,0,1,1,0,0,0,1,0,802429,2097,5824317,903,13,45479374,52,48500478
211145,11,1,2021,5,16,2,3,5,2,0,1,1,0,0,0,0,0,797575,1338,5826531,828,13,38550009,52,50751727
211144,11,1,2021,5,12,3,3,6,2,0,0,1,1,0,0,0,0,794225,8741,5831625,46,13,34080363,52,55499505
211143,11,1,2021,5,17,7,3,0,2,0,1,1,0,0,0,0,0,796560,7253,5828691,3,13,37252234,52,52742445
211142,11,3,2021,5,21,4,2,9,1,2,0,1,0,0,0,0,0,800794,201,5837036,681,13,44230473,52,59990845
211141,11,4,2021,4,16,7,3,6,4,0,0,1,1,0,0,0,0,790380,2491,5827306,166,13,28046696,52,51833658
211140,11,1,2021,3,11,4,2,3,6,0,1,0,0,0,0,0,0,797696,7862,5829242,278,13,38971285,52,53174677
211139,11,12,2021,5,18,5,3,5,3,0,1,1,0,0,0,0,1,790174,937,5840068,789,13,28860731,52,63286256
211138,11,4,2021,4,13,3,3,2,6,0,0,1,0,0,0,0,0,793363,685,5829644,845,13,3263735,52,53770499
211137,11,11,2021,3,4,2,3,6,2,2,0,1,1,0,0,0,0,805083,249,5834620,828,13,5032088,52,57586768
211136,11,5,2021,4,11,6,3,5,3,0,1,1,0,0,0,0,0,780059,2193,5819583,62,13,12227188,52,45448311
211135,11,12,2021,3,14,5,3,5,3,0,0,1,0,0,0,1,0,790250,9722,5835042,205,13,28533058,52,58775895
211134,11,3,2021,5,14,2,3,0,3,0,0,1,0,1,0,0,0,795891,5867,5836456,259,13,36961227,52,59739566
211133,11,8,2021,4,19,2,3,2,2,0,1,1,0,0,0,0,0,802298,5906,5820579,586,13,44948913,52,4515702
211132,11,9,2021,5,16,2,3,0,1,0,1,0,0,0,0,0,0,810870,5352,5820664,507,13,57530656,52,44752442
211131,11,7,2021,4,13,4,3,2,6,0,0,1,0,0,0,0,0,794965,2074,5824050,584,13,34495989,52,48669197
211130,11,4,2021,5,9,1,3,9,1,0,1,0,0,0,0,0,0,789752,9333,5823504,462,13,26793966,52,48458716
211129,11,7,2021,4,21,7,3,5,2,2,1,0,0,0,0,0,0,794038,8804,5821940,463,13,32949651,52,4682754
211128,11,1,2021,5,8,5,3,0,6,0,0,0,0,0,0,1,0,798391,3419,5827472,465,13,39833382,52,51550303
211127,11,9,2021,4,9,3,3,5,2,0,1,1,0,0,0,0,0,810944,6759,5821588,805,13,57725445,52,45576544
211126,11,11,2021,4,20,5,3,5,3,2,0,1,0,0,0,1,0,803701,5665,5826243,367,13,47522876,52,50155608
211125,11,2,2021,4,10,4,3,2,6,0,0,1,0,0,0,1,1,797092,8325,5824684,453,13,37676682,52,49122037
211124,11,2,2021,5,8,6,3,5,3,0,1,1,0,0,0,0,1,800984,2432,5826066,843,13,43515871,52,50147943
211123,11,10,2021,4,15,5,3,2,6,0,0,1,0,0,0,0,0,807013,155,5829122,49,13,52651867,52,52550613
211122,11,9,2021,3,11,3,3,2,6,0,0,1,0,0,0,1,0,810485,2583,5820188,293,13,56921324,52,44347567
211121,11,2,2021,4,9,1,2,0,1,0,1,0,0,0,0,0,0,800420,1163,5827115,939,13,42781969,52,5111937
211120,11,1,2021,3,6,6,3,3,6,0,1,1,0,0,0,0,1,798846,5314,5827405,156,13,4049614,52,51465048
211119,11,4,2021,5,8,4,3,5,2,0,0,1,0,0,0,0,0,792057,6281,5822454,29,13,3008635,52,47394458
211118,11,10,2021,5,17,3,3,2,6,0,0,1,0,0,0,0,0,809031,2183,5830257,504,13,55722552,52,53453774
211117,11,1,2021,4,22,6,3,5,3,2,0,1,0,0,0,0,0,797738,3051,5827592,267,13,38884588,52,5169338
211116,11,4,2021,4,15,4,3,3,6,0,0,1,0,1,0,0,0,790370,4063,5825626,562,13,2788569,52,50328403
211115,11,7,2021,3,15,2,3,5,3,0,0,1,0,0,0,0,0,800266,9725,5814083,875,13,41385271,52,39446503
211114,11,12,2021,4,12,6,2,5,3,0,0,1,0,0,0,0,0,795733,6528,5837042,579,13,36781106,52,60273729
211113,11,1,2021,4,19,3,3,5,2,1,1,1,0,0,0,0,0,798685,3961,5828668,26,13,40372787,52,52605861
211112,11,4,2021,5,19,1,3,6,7,0,0,1,1,0,0,0,0,792102,1065,5825291,292,13,3040029,52,49935409
211111,11,3,2021,3,16,4,3,5,3,0,1,1,0,0,0,0,0,800082,228,5831671,924,13,42696857,52,55221644
211110,11,8,2021,4,18,2,3,5,2,0,1,0,0,0,0,1,0,800337,3338,5824337,35,13,42409798,52,48633376
211109,11,3,2021,5,9,2,3,5,2,0,1,0,0,0,0,1,0,800024,891,5834656,64,13,42882467,52,57900075
211108,11,1,2021,5,17,5,3,5,3,0,0,1,0,0,0,0,0,796672,5594,5830136,176,13,37545595,52,54031802
211107,11,5,2021,5,18,4,3,2,6,0,0,1,0,1,0,0,0,785033,363,5826308,488,13,20102675,52,51221251
211106,11,8,2021,4,14,6,2,6,4,0,0,1,1,0,0,0,0,802217,1426,5822802,689,13,45030701,52,4715412
211105,11,1,2021,4,6,5,2,5,3,0,0,1,0,0,0,1,0,795697,3044,5828178,941,13,35937674,52,52330327
211104,11,8,2021,4,16,6,3,0,6,0,0,1,0,0,0,1,0,801177,8039,5824097,695,13,43622167,52,4837227
211103,11,1,2021,5,11,3,3,1,7,0,0,1,0,0,1,0,0,797602,696,5827695,2,13,3869452,52,51792887
211102,11,8,2021,5,16,3,3,5,3,0,0,1,0,0,0,1,0,802466,2732,5820720,542,13,45207679,52,45274085
211101,11,7,2021,4,11,6,3,5,2,0,0,1,0,0,0,0,0,794957,8779,5825654,493,13,34627229,52,50107391
211100,11,8,2021,5,15,6,3,2,2,0,0,1,0,0,0,0,1,802950,7521,5822468,377,13,46077072,52,46813843
211099,11,4,2021,4,21,3,2,6,4,2,0,1,1,0,0,0,0,790858,2788,5824648,82,13,28516977,52,49425207
211098,11,6,2021,3,15,2,3,2,7,0,1,1,0,0,0,0,0,788954,5289,5817125,577,13,25069417,52,42782055
211097,11,4,2021,4,13,6,3,5,3,0,0,1,0,0,0,0,0,789326,3865,5826835,227,13,26456938,52,51467465
211096,11,7,2021,4,11,3,3,5,3,0,0,1,0,0,0,0,0,797284,5334,5823161,111,13,37822343,52,47746084
211095,11,7,2021,5,12,6,3,0,7,0,0,1,0,1,0,0,1,799210,3481,5820044,78,13,40370059,52,44846914
211094,11,7,2021,5,12,6,1,6,2,0,0,0,1,0,1,0,0,797863,3141,5822206,231,13,38586758,52,46858605
211093,11,7,2021,3,15,3,3,5,2,0,1,1,0,0,0,0,0,797494,102,5820206,71,13,37866592,52,45085784
211092,11,4,2021,4,11,2,3,0,7,0,1,0,0,0,0,0,0,791560,1679,5826491,326,13,29709299,52,5104021
211091,11,2,2021,5,13,2,2,5,3,0,1,1,0,0,0,0,0,802251,2526,5827327,9,13,45491168,52,51207401
211090,11,12,2021,5,13,6,3,0,7,0,0,1,0,1,0,0,0,793845,4771,5837372,682,13,34030419,52,6067202
211089,11,6,2021,5,8,4,3,1,5,0,1,1,0,0,0,0,0,788536,3358,5817278,77,13,24469281,52,42941474
211088,11,1,2021,4,13,7,3,5,2,0,0,1,0,1,0,0,0,794585,5935,5829785,567,13,34446214,52,53830732
211087,11,11,2021,5,20,7,3,0,7,2,0,1,0,0,0,1,0,807363,2469,5833142,523,13,53538221,52,56133631
211086,11,8,2021,4,14,4,3,1,5,0,1,0,0,0,0,1,0,800989,138,5824791,84,13,43407678,52,49004862
211085,11,2,2021,3,8,4,2,3,6,0,1,1,0,0,0,0,0,798198,5573,5825070,652,13,39335006,52,49407926
211084,11,2,2021,5,18,7,3,2,6,0,1,1,0,0,0,0,0,800153,1365,5825759,691,13,4226748,52,49918409
211083,11,10,2021,4,13,2,3,5,3,0,1,1,0,0,0,0,0,811035,922,5829169,91,13,58565555,52,52364433
211082,11,4,2021,5,15,2,3,5,2,0,1,1,0,0,0,0,0,790674,4889,5822688,19,13,28076089,52,47677782
211081,11,3,2021,5,17,3,3,5,3,0,0,1,0,0,0,0,0,804651,8907,5841368,133,13,50307709,52,63658051
211080,11,1,2021,5,16,7,3,5,3,0,0,1,0,0,0,0,0,796672,6446,5830136,189,13,37545722,52,54031809
211079,11,5,2021,5,15,5,3,5,2,0,0,1,0,0,0,0,0,781977,15,5828459,821,13,15793352,52,53309108
211078,11,5,2021,4,21,7,2,6,2,2,0,1,1,0,0,0,1,784620,2,5830939,735,13,1989183,52,55395218
211077,11,1,2021,3,12,4,3,5,3,0,1,1,0,0,0,0,0,796974,8975,5826858,743,13,37697388,52,51077478
211076,11,8,2021,4,15,3,3,3,6,0,0,1,0,1,0,0,0,800905,544,5822390,996,13,43068458,52,46857511
211075,11,2,2021,5,16,4,3,3,6,0,1,1,0,0,0,0,0,798152,421,5825444,695,13,39300728,52,4974573
211074,11,10,2021,4,17,3,3,3,6,0,1,1,0,0,0,0,0,811292,4458,5829779,427,13,59000788,52,52896688
211073,11,8,2021,3,16,2,3,6,2,0,0,1,1,0,0,0,0,803347,9594,5817392,937,13,46199208,52,42242699
211072,11,7,2021,4,19,5,3,1,5,0,0,1,0,0,0,0,0,796497,8425,5815888,96,13,36022057,52,41269952
211071,11,12,2021,3,10,5,3,2,6,0,0,1,0,0,0,0,0,792487,3132,5834332,609,13,31762056,52,58019994
211070,11,5,2021,5,17,2,3,2,6,0,0,1,0,0,0,1,0,787996,282,5827892,635,13,24593451,52,52485893
211069,11,4,2021,5,18,3,3,2,6,0,0,1,0,0,0,0,0,789346,6868,5826177,97,13,26429549,52,50876358
211068,11,4,2021,4,15,4,3,5,2,0,1,1,0,0,0,0,0,790506,8058,5826184,672,13,28134779,52,50821492
211067,11,1,2021,5,9,1,2,5,3,0,1,1,0,0,0,0,0,798559,7937,5826813,427,13,40021762,52,50950347
211066,11,9,2021,4,17,7,3,0,1,0,0,0,0,1,0,0,1,811057,6144,5820653,83,13,57803977,52,44731565
211065,11,1,2021,5,18,6,2,5,7,0,0,1,0,1,0,0,0,796180,7805,5831233,656,13,36920456,52,55042333
211064,11,11,2021,4,11,3,3,2,7,0,0,1,0,0,0,0,0,805135,851,5831396,284,13,50100969,52,54693907
211063,11,12,2021,3,16,3,3,5,3,0,0,1,0,0,0,1,1,792411,1936,5835217,463,13,31728116,52,58817316
211062,11,10,2021,4,12,3,3,5,3,0,0,1,0,0,0,0,0,807624,8067,5832371,179,13,5385137,52,55427592
211061,11,12,2021,5,13,6,3,0,3,0,0,1,0,0,0,0,1,791347,58,5834191,762,13,30071551,52,57954905
211060,11,8,2021,4,18,4,3,5,2,0,1,1,0,0,0,0,0,801370,6877,5819268,199,13,43469305,52,44032814
211059,11,1,2021,3,14,3,3,1,5,0,1,1,0,0,0,0,0,796692,574,5831726,979,13,37717137,52,5545669
211058,11,4,2021,4,17,6,3,1,5,0,1,1,0,0,0,0,0,791847,8256,5825233,715,13,30021719,52,49897398
211057,11,1,2021,3,13,6,3,3,6,0,1,1,0,0,0,0,0,798046,399,5830869,262,13,396311,52,54613947
211056,11,9,2021,5,18,2,3,1,5,0,1,1,0,0,0,0,0,808157,7524,5821058,19,13,53588021,52,45258833
211055,11,4,2021,5,16,5,3,5,2,0,1,1,0,0,0,0,0,793944,2742,5823436,154,13,32942603,52,48173453
211054,11,3,2021,5,19,4,3,2,6,0,1,1,0,0,0,0,0,801939,4522,5831698,878,13,45430209,52,5514317
211053,11,11,2021,4,14,5,3,2,6,0,0,1,0,0,0,0,0,802400,9898,5829008,353,13,45863982,52,5270608
211052,11,7,2021,4,15,6,3,0,4,0,0,0,1,0,0,1,0,795877,1419,5815299,577,13,35060043,52,4077519
211051,11,8,2021,4,18,3,3,6,4,0,0,1,1,0,0,0,0,800908,7804,5824269,491,13,43242704,52,48541088
211050,11,8,2021,3,9,4,3,3,6,0,1,1,0,0,0,0,0,801036,4536,5823868,377,13,43393935,52,48174521
211049,11,4,2021,4,20,6,3,5,2,2,0,1,0,0,0,0,0,793472,3711,5824751,697,13,32365546,52,49378168
211048,11,8,2021,5,10,7,3,2,6,0,0,1,0,0,0,0,0,801092,726,5821975,314,13,43305671,52,46474608
211047,11,8,2021,3,17,3,3,0,1,0,1,0,0,0,0,0,0,804060,2892,5818557,452,13,47349386,52,4324691
211046,11,2,2021,4,7,2,3,1,6,0,1,1,0,0,0,0,0,798896,5979,5826275,374,13,40468247,52,50449614
211045,11,2,2021,5,13,2,3,5,2,0,0,1,0,1,0,0,0,800345,8595,5827172,4,13,42677942,52,51173744
211044,11,7,2021,5,19,7,3,5,3,0,0,1,0,0,0,0,0,797672,5155,5823645,611,13,38435177,52,48159251
211043,11,6,2021,5,12,3,3,5,2,0,1,1,0,0,0,0,0,792121,3734,5818808,284,13,29860915,52,44122432
211042,11,4,2021,5,17,5,3,5,2,0,1,0,0,0,0,1,0,793465,169,5827527,73,13,32599623,52,51866557
211041,11,12,2021,4,7,6,3,1,7,0,0,1,0,0,1,0,0,793097,5415,5832424,215,13,32491406,52,56276387
211040,11,3,2021,4,14,5,3,5,3,0,1,1,0,0,0,0,0,803568,972,5832277,594,13,4787908,52,55571285
211039,11,5,2021,5,10,3,2,9,7,0,0,0,0,0,0,1,0,782313,5675,5827367,516,13,16195464,52,5231228
211038,11,7,2021,3,18,2,3,1,5,0,1,1,0,0,0,0,0,794033,3706,5821631,691,13,32914355,52,46551036
211037,11,4,2021,4,8,5,3,0,5,0,0,1,0,1,0,0,0,792916,9291,5823321,498,13,31424049,52,48125873
211036,11,4,2021,3,11,4,3,0,7,0,1,0,0,0,0,0,1,794309,241,5825566,16,13,33666301,52,5006324
211035,11,12,2021,5,16,3,3,2,6,0,0,1,0,1,0,0,0,794360,9755,5837518,44,13,34802428,52,6077479
211034,11,1,2021,4,12,2,3,1,5,0,1,1,0,0,0,0,0,798467,361,5828975,331,13,40079938,52,52893258
211033,11,10,2021,5,10,2,3,0,7,0,0,0,0,1,0,1,0,807237,7695,5828291,328,13,52905137,52,51793068
211032,11,3,2021,4,14,4,3,5,3,0,0,1,0,1,0,0,0,799239,654,5835178,107,13,41773302,52,58410753
211031,11,9,2021,5,14,1,3,0,7,0,1,0,0,0,0,0,0,807176,514,5819865,882,13,52038963,52,44245479
211030,11,9,2021,5,13,6,3,6,2,0,0,1,1,0,0,0,0,804400,8189,5821752,163,13,48139808,52,46091322
211029,11,8,2021,4,18,7,3,6,4,0,0,1,1,0,0,0,0,806313,9654,5815172,915,13,50344266,52,40087788
211028,11,12,2021,4,22,5,3,8,1,2,0,0,0,1,0,0,0,793088,4441,5833204,85,13,32546925,52,56975989
211027,11,8,2021,5,19,4,3,2,6,0,1,1,0,0,0,0,1,800568,1936,5823276,351,13,42653112,52,47669659
211026,11,1,2021,4,17,3,3,5,3,0,0,1,0,0,0,0,0,794439,4062,5831013,961,13,34340179,52,54939801
211025,11,9,2021,3,5,3,2,5,3,2,1,1,0,0,0,0,0,810056,8643,5819476,836,13,56227054,52,43734282
211024,11,6,2021,4,8,6,3,5,3,0,0,1,0,0,0,0,0,794760,4902,5819248,891,13,3377125,52,44375803
211023,11,3,2021,3,17,6,3,5,2,0,0,1,0,1,0,0,0,799956,8671,5835683,809,13,42875349,52,58824497
211022,11,9,2021,5,19,3,3,9,1,0,0,1,0,0,0,0,1,805159,968,5821478,46,13,49227407,52,45803724
211021,11,12,2021,5,8,3,3,5,2,0,0,1,0,0,1,0,1,792228,163,5833779,836,13,31331741,52,57538388
211020,11,8,2021,4,14,4,3,0,4,0,1,0,1,0,0,0,0,801311,452,5824211,998,13,43828118,52,48467372
211019,11,2,2021,3,18,4,2,5,3,0,1,1,0,0,0,0,0,799410,6206,5826157,35,13,41212684,52,5031564
211018,11,8,2021,5,6,3,3,5,2,0,0,1,0,0,0,1,0,801324,9569,5821331,897,13,43588394,52,45885093
211017,11,1,2021,4,5,2,3,2,6,0,0,1,0,0,0,1,1,794645,1623,5830831,523,13,34626563,52,54765133
211016,11,7,2021,5,16,2,3,2,2,0,0,1,0,1,0,0,0,796053,9394,5822855,38,13,35988571,52,47538868
211015,11,1,2021,5,20,2,3,5,3,0,1,1,0,0,0,0,0,797398,5979,5826956,56,13,38328572,52,51141625
211014,11,11,2021,5,14,6,3,0,6,0,0,1,0,1,0,0,0,803853,9392,5828705,447,13,47971454,52,52353813
211013,11,8,2021,5,18,4,3,5,3,0,1,1,0,0,0,0,0,802953,496,5822471,138,13,46081349,52,46816165
211012,11,1,2021,4,12,1,3,2,6,0,0,1,0,0,0,0,1,794628,672,5830543,137,13,34575842,52,54507541
211011,11,1,2021,4,21,6,3,1,5,2,1,1,0,0,0,0,0,798987,57,5828560,489,13,40807202,52,52492907
211010,11,8,2021,5,11,4,3,6,4,0,1,0,1,0,0,0,0,801268,4221,5821509,861,13,43521499,52,46047725
211009,11,1,2021,4,19,3,3,1,5,1,0,1,0,0,0,0,0,796626,7703,5831624,884,13,3761124,52,55368758
211008,11,8,2021,3,18,1,3,6,6,0,1,0,1,0,0,0,0,800839,139,5822115,149,13,42945944,52,46613923
211007,11,1,2021,4,8,5,3,5,3,0,1,1,0,0,0,0,0,797892,6009,5826671,194,13,39028855,52,50859326
211006,11,6,2021,3,15,5,3,2,6,0,0,1,0,1,0,0,0,793243,1995,5818348,915,13,31466322,52,43650577
211005,11,9,2021,5,6,4,3,5,2,0,0,1,0,0,0,0,0,803785,486,5823283,638,13,47375702,52,47498221
211004,11,4,2021,5,17,3,3,2,2,0,0,1,0,0,0,0,0,790023,5264,5825237,592,13,27342201,52,49998134
211003,11,2,2021,4,8,5,3,1,5,0,1,1,0,0,0,0,1,801087,7852,5826315,553,13,43690437,52,50365156
211002,11,1,2021,5,12,7,3,5,3,0,0,1,0,0,0,0,0,797877,82,5827467,24,13,39077199,52,51573735
211001,11,9,2021,4,7,3,3,0,1,0,1,0,0,0,0,0,0,808090,7057,5820968,768,13,53481419,52,45182471
211000,11,8,2021,5,15,6,3,0,1,0,0,0,0,0,0,1,0,804663,632,5817817,598,13,48165878,52,42550259
210999,11,9,2021,4,10,2,3,5,3,0,1,0,0,0,0,1,0,809218,816,5818619,13,13,54918817,52,43012948
210998,11,5,2021,3,14,2,3,5,3,0,0,1,0,0,1,0,0,784782,177,5828809,74,13,19947676,52,534764
210997,11,8,2021,4,18,3,2,6,7,1,0,0,1,1,0,0,1,806238,6195,5817289,233,13,50427437,52,41988762
210996,11,1,2021,5,19,6,3,5,3,0,0,1,0,0,0,0,1,794917,6931,5830561,401,13,35003324,52,54508244
210995,11,5,2021,4,10,4,3,5,2,0,0,1,0,0,0,0,0,782359,6096,5830492,579,13,16528697,52,55111946
210994,11,9,2021,3,9,3,3,5,3,0,1,1,0,0,0,0,0,810822,8129,5821366,1,13,57525949,52,45383895
210993,11,3,2021,4,8,1,3,6,4,0,0,1,1,0,0,0,0,799191,93,5831330,916,13,41355728,52,54965005
210992,11,1,2021,3,14,6,3,5,3,0,1,1,0,0,0,0,1,796928,8497,5828126,166,13,37742846,52,52216094
210991,11,12,2021,5,9,2,2,0,1,0,0,1,0,0,0,0,0,793936,2325,5835181,409,13,33969543,52,58702805
210990,11,12,2021,5,16,5,3,2,2,0,0,1,0,0,0,0,0,794538,2666,5832979,94,13,34660027,52,56696805
210989,11,1,2021,5,17,4,2,5,3,0,1,1,0,0,0,0,0,799488,4747,5827073,169,13,41409431,52,51132261
210988,11,5,2021,4,10,6,3,5,3,0,0,1,0,0,0,0,0,785852,9197,5831729,408,13,21773358,52,56038647
210987,11,3,2021,4,15,5,3,5,7,0,1,1,0,0,0,0,0,799724,1576,5832504,329,13,42245485,52,5598747
210986,11,8,2021,4,12,4,3,5,3,0,0,1,0,1,0,0,0,801895,41,5816960,825,13,44030083,52,41935731
210985,11,11,2021,3,19,4,3,5,2,2,1,1,0,0,0,0,0,803066,807,5829528,161,13,46888746,52,53135042
210984,11,9,2021,4,18,4,2,2,6,1,0,1,0,0,0,0,0,809196,5662,5818339,8,13,54860383,52,42763976
210983,11,5,2021,5,13,7,3,2,6,0,0,1,0,1,0,0,0,784497,2975,5828871,575,13,1953416,52,53547317
210982,11,4,2021,5,17,7,3,5,3,0,0,1,0,0,0,0,1,790565,743,5822036,703,13,27859684,52,47099654
210981,11,8,2021,4,8,3,3,2,2,0,0,1,0,0,0,0,0,800644,886,5819367,902,13,42413712,52,44162131
210980,11,12,2021,5,17,3,3,5,3,0,1,1,0,0,0,0,0,795564,3886,5834516,939,13,36306544,52,5801896
210979,11,11,2021,5,22,6,3,1,1,2,0,1,0,0,0,0,1,807520,4272,5827763,153,13,53271579,52,51303786
210978,11,4,2021,5,17,5,2,2,7,0,0,1,1,0,0,0,0,790983,4187,5822993,405,13,28556317,52,47935112
210977,11,2,2021,4,15,1,3,5,3,0,1,1,0,0,0,0,1,799611,2348,5824523,121,13,41360374,52,48839787
210976,11,7,2021,3,13,4,3,2,6,0,0,1,0,1,0,0,0,794934,7163,5824578,991,13,34497981,52,49144527
210975,11,8,2021,5,9,3,3,1,5,0,0,1,0,0,0,0,0,801499,3033,5817729,224,13,4351917,52,4264629
210974,11,7,2021,3,19,1,3,0,3,0,1,0,0,0,0,1,0,796112,5526,5824921,606,13,36258167,52,49387887
210973,11,1,2021,4,20,4,3,3,5,2,0,1,0,0,0,0,0,796346,4098,5831849,905,13,37219024,52,55585726
210972,11,2,2021,3,12,5,3,0,7,0,1,0,0,0,0,0,0,797102,9566,5824439,211,13,37669683,52,48901651
210971,11,8,2021,5,13,3,3,1,5,0,1,1,0,0,0,0,0,801464,7265,5824102,5,13,44043804,52,483603
210970,11,4,2021,4,15,1,3,5,7,0,1,1,0,0,0,0,0,793217,4336,5823926,706,13,31918518,52,48652294
210969,11,4,2021,5,2,2,3,0,1,2,1,0,0,0,0,0,0,789604,5615,5830350,335,13,27171948,52,54604054
210968,11,11,2021,4,14,4,2,2,7,0,0,1,0,1,0,0,0,804125,9247,5826815,19,13,48198346,52,5064448
210967,11,5,2021,5,15,1,3,5,2,0,1,1,0,0,0,0,0,787749,2835,5830017,576,13,24414739,52,54404032
210966,11,4,2021,4,12,4,3,5,3,0,1,1,0,0,0,0,0,791346,5215,5821988,648,13,29001692,52,47014986
210965,11,3,2021,5,13,6,3,5,3,0,1,0,0,0,0,1,0,797776,9225,5832954,855,13,3942197,52,56498139
210964,11,6,2021,4,16,2,3,5,3,0,1,0,0,1,0,0,0,794718,6581,5818101,715,13,33608727,52,43349669
210963,11,4,2021,4,15,5,3,0,7,0,0,0,0,1,0,0,0,790510,9731,5826554,832,13,28173211,52,51153121
210962,11,8,2021,4,16,4,2,5,3,0,0,1,1,0,0,0,0,802579,2588,5823086,479,13,45587928,52,47388437
210961,11,5,2021,5,15,4,3,2,6,0,0,1,0,0,0,0,0,780274,279,5821118,767,13,12671438,52,46814355
210960,11,5,2021,4,20,4,3,5,3,1,1,1,0,0,0,0,0,785997,2099,5831721,833,13,21984976,52,56024279
210959,11,5,2021,3,14,3,3,5,2,0,1,1,0,0,0,0,0,783251,4561,5826372,86,13,17489452,52,51371799
210958,11,2,2021,4,6,5,3,5,2,0,0,1,0,0,1,0,0,797857,6124,5825641,1,13,38885295,52,49937793
210957,11,1,2021,3,19,7,2,1,5,1,1,1,0,0,0,0,0,797544,8367,5831285,817,13,38930957,52,55014751
210956,11,2,2021,5,18,4,3,5,3,1,1,1,0,0,0,0,1,801590,6399,5825952,41,13,44396115,52,50011564
210955,11,1,2021,5,12,3,3,5,2,0,1,1,0,0,0,0,0,796704,6463,5831624,16,13,37725701,52,55363867
210954,11,12,2021,4,11,6,3,2,6,0,0,1,0,0,0,0,0,794600,2671,5836264,598,13,35043197,52,5963787
210953,11,9,2021,4,13,3,3,2,2,0,0,1,0,0,0,0,0,812136,5076,5820183,958,13,593425,52,44249682
210952,11,9,2021,5,5,7,3,5,2,0,1,1,0,0,0,0,0,806528,6391,5820098,24,13,51110061,52,44489888
210951,11,3,2021,4,17,3,3,9,1,0,0,1,0,0,0,0,0,800858,641,5832102,317,13,43877534,52,55564581
210950,11,1,2021,3,3,3,2,6,2,2,0,1,1,0,0,0,1,796972,3391,5826716,618,13,37680948,52,50950218
210949,11,8,2021,4,10,6,3,5,3,0,1,0,0,1,0,0,0,800367,4853,5824325,521,13,42453002,52,48621115
210948,11,12,2021,5,12,6,3,2,4,0,0,1,1,0,0,0,1,792886,4102,5832723,419,13,3220724,52,56555971
210947,11,5,2021,5,15,6,3,5,2,0,1,1,0,0,0,0,0,784488,9296,5830919,965,13,19697306,52,55384341
210946,11,4,2021,3,19,4,3,5,3,0,1,1,0,0,0,0,0,790852,3043,5823648,922,13,28420991,52,48529773
210945,11,7,2021,4,18,6,3,1,5,0,1,1,0,0,0,0,0,795501,6469,5824750,513,13,35345779,52,49267624
210944,11,12,2021,3,10,7,3,5,7,0,0,1,0,0,0,0,1,793538,4047,5834134,31,13,33291274,52,57785631