OBJECTID,LAND,BEZ,UJAHR,UMONAT,USTUNDE,UWOCHENTAG,UKATEGORIE,UART,UTYP1,ULICHTVERH,IstRad,IstPKW,IstFuss,IstKrad,IstGkfz,IstSonstige,USTRZUSTAND,LINREFX,LINREFY,XGCSWGS84,YGCSWGS84,,,,
210943,11,3,2021,5,7,2,3,5,3,0,0,1,0,1,0,0,0,801940,5269,5829769,365,13,45256417,52,53413696
210942,11,9,2021,5,16,6,3,5,3,0,1,1,0,0,0,0,1,807398,468,5818318,354,13,52221575,52,42846095
210941,11,1,2021,5,17,4,3,1,5,0,1,1,0,0,0,0,0,799257,7479,5826928,986,13,41057499,52,51015685
210940,11,3,2021,4,0,7,3,5,3,2,0,1,0,0,0,0,0,798603,3798,5833049,902,13,40646191,52,56538069
210939,11,1,2021,5,14,1,3,2,6,0,0,1,0,1,0,0,0,797173,8421,5830389,456,13,38305215,52,54231524
210938,11,12,2021,4,18,4,3,5,2,0,1,1,0,0,0,0,0,793041,5728,5832662,813,13,32430149,52,56493291
210937,11,1,2021,3,17,4,3,5,5,0,0,1,0,0,0,0,0,793834,9646,5830334,752,13,33391226,52,5436357
210936,11,2,2021,4,11,6,3,6,4,0,0,0,1,1,0,0,0,799178,5505,5825621,932,13,40823704,52,49848444
210935,11,12,2021,4,17,2,2,5,3,0,0,1,0,0,0,0,0,790373,4114,5834875,346,13,28698656,52,58619774
210934,11,12,2021,5,17,6,3,2,6,0,1,1,0,0,0,0,0,785768,9057,5836840,89,13,22090473,52,60625133
210933,11,9,2021,4,15,3,3,0,1,0,1,0,0,0,0,0,0,814206,1082,5821659,548,13,62516187,52,45453442
210932,11,1,2021,3,7,3,3,3,6,0,0,1,0,0,1,0,0,793684,1213,5828010,129,13,32964032,52,52287806
210931,11,4,2021,4,12,4,3,0,1,0,0,0,0,1,0,0,0,791173,6885,5829089,183,13,29368868,52,5338981
210930,11,9,2021,5,12,6,1,6,7,0,0,1,1,0,0,0,0,814150,8154,5821717,553,13,62440539,52,45508598
210929,11,3,2021,4,11,5,2,5,3,0,0,1,0,0,0,0,0,797907,9131,5835183,724,13,39814908,52,5848884
210928,11,1,2021,3,16,4,3,5,2,0,1,1,0,0,0,0,0,794957,557,5829449,752,13,34963251,52,5350958
210927,11,10,2021,4,9,7,3,1,5,0,0,1,0,0,0,1,0,807115,2393,5828067,135,13,52704431,52,51599045
210926,11,12,2021,3,17,1,3,1,5,0,0,1,0,0,0,1,0,791724,3852,5838951,512,13,31046329,52,62201617
210925,11,11,2021,5,15,2,3,2,6,0,0,1,0,0,0,0,0,803791,1982,5827705,341,13,47787934,52,51460945
210924,11,10,2021,5,14,6,3,5,3,0,0,1,0,0,0,0,0,812077,3656,5830608,758,13,60231957,52,53594988
210923,11,6,2021,5,22,4,3,5,2,2,1,1,0,0,0,0,0,788833,4552,5819602,443,13,25105894,52,45009093
210922,11,2,2021,4,12,7,3,3,6,0,0,1,0,0,0,0,0,800662,1224,5828466,353,13,43259532,52,52316447
210921,11,2,2021,5,18,7,3,2,6,0,0,1,0,0,0,0,0,800041,3319,5825751,466,13,42102531,52,49917185
210920,11,6,2021,4,7,3,3,6,4,1,0,1,1,0,0,0,0,796040,3713,5817525,487,13,35496216,52,4276175
210919,11,8,2021,3,14,4,3,2,7,0,1,1,0,0,0,0,0,800597,7063,5823187,771,13,42688451,52,47588637
210918,11,3,2021,4,13,7,3,0,2,0,1,1,0,0,0,0,0,801854,9584,5832900,984,13,45415288,52,56225293
210917,11,1,2021,4,8,2,3,5,3,0,1,1,0,0,0,0,0,796500,9258,5830346,851,13,37312066,52,54229992
210916,11,7,2021,5,21,1,3,2,6,2,0,1,0,0,0,0,0,795316,6793,5821012,85,13,34743092,52,45926388
210915,11,6,2021,5,17,7,3,1,7,0,0,1,0,0,0,0,0,790485,4608,5818084,407,13,27398026,52,43560604
210914,11,3,2021,4,16,3,1,6,7,0,0,0,1,0,1,0,0,800274,1818,5831567,624,13,42969685,52,55117578
210913,11,10,2021,5,5,3,3,3,6,0,0,1,0,0,0,1,0,807762,172,5830720,739,13,5390018,52,53940734
210912,11,11,2021,5,10,6,3,0,1,0,0,0,0,1,0,0,1,806482,8784,5832264,107,13,52162465,52,55396008
210911,11,3,2021,5,17,5,3,5,3,0,1,1,0,0,0,0,0,800467,11,5831061,165,13,43207547,52,5465299
210910,11,2,2021,4,19,4,3,5,7,1,0,1,0,0,0,0,0,798817,7416,5825110,925,13,40247938,52,49410164
210909,11,5,2021,4,8,2,3,5,2,0,1,0,0,0,1,0,0,785209,4833,5831445,376,13,2080235,52,55817731
210908,11,1,2021,4,12,5,3,1,5,0,0,1,0,1,0,0,0,794977,8894,5829387,992,13,34987659,52,53453117
210907,11,1,2021,5,18,4,2,1,5,0,1,1,0,0,0,0,0,796691,9015,5829859,969,13,37549368,52,5378316
210906,11,2,2021,4,15,3,3,2,6,0,0,1,0,0,0,0,0,801651,443,5825896,791,13,44479826,52,49958705
210905,11,10,2021,3,13,2,3,2,6,0,0,1,0,0,0,0,0,807826,1943,5830744,37,13,53996666,52,53957988
210904,11,4,2021,4,11,6,3,5,3,0,1,0,0,0,0,1,0,790430,1974,5825978,652,13,28004245,52,50640872
210903,11,9,2021,3,15,5,3,6,7,0,0,0,1,1,0,0,0,810332,2636,5821354,665,13,568053,52,45401518
210902,11,9,2021,5,10,2,3,0,2,0,1,1,0,0,0,0,0,807848,4591,5822058,364,13,53226524,52,46172628
210901,11,9,2021,4,15,1,3,4,6,0,0,1,0,0,0,0,0,813726,542,5818857,353,13,61549693,52,42969916
210900,11,1,2021,5,14,2,3,5,3,0,1,1,0,0,0,0,0,794570,1647,5826081,533,13,34095487,52,50511149
210899,11,9,2021,4,7,4,3,5,2,2,1,1,0,0,0,0,0,808841,1667,5817390,135,13,54251671,52,41932954
210898,11,8,2021,5,12,7,3,5,3,0,1,0,0,0,0,0,0,805772,322,5817107,54,13,49727237,52,41851554
210897,11,7,2021,4,23,7,3,1,7,2,0,1,0,1,0,0,0,797046,1097,5821985,21,13,37367591,52,46704807
210896,11,1,2021,5,20,5,2,6,7,1,0,1,1,0,0,0,0,797630,5683,5832810,742,13,3919376,52,56376963
210895,11,2,2021,4,15,3,3,5,3,0,0,1,0,1,0,0,0,802815,9622,5827300,156,13,46318315,52,51152013
210894,11,12,2021,4,18,5,3,6,7,1,1,0,1,0,0,0,0,792204,5268,5833644,993,13,31285293,52,57418767
210893,11,5,2021,4,11,4,2,5,3,0,0,1,0,0,1,0,1,779998,7026,5821525,96,13,12301371,52,47193602
210892,11,1,2021,5,15,4,2,1,5,0,1,1,0,0,0,0,0,794256,5498,5828091,518,13,3381251,52,52329903
210891,11,7,2021,4,10,4,3,2,2,0,0,1,0,0,0,0,0,794606,4881,5825506,252,13,3409795,52,49993485
210890,11,6,2021,3,16,3,2,5,3,0,1,0,0,0,0,1,0,787067,6434,5818090,685,13,22384775,52,43746691
210889,11,1,2021,4,18,7,3,5,3,0,0,1,0,0,0,0,0,794832,7719,5830187,6,13,34845233,52,54177272
210888,11,8,2021,3,12,6,3,5,2,0,1,1,0,0,0,0,0,802455,8016,5820690,541,13,45189599,52,45247774
210887,11,9,2021,5,10,4,3,2,6,0,0,1,0,0,0,0,0,814677,732,5818280,447,13,62888881,52,42398367
210886,11,7,2021,5,20,3,3,2,6,1,0,1,0,0,0,0,0,796032,7273,5825348,239,13,36178845,52,49774657
210885,11,5,2021,4,16,5,2,6,4,0,0,1,1,0,0,0,0,784764,2202,5830428,88,13,20060059,52,54928941
210884,11,4,2021,5,10,7,3,2,6,0,0,1,0,0,0,0,0,790403,3104,5827309,896,13,28080913,52,51835774
210883,11,3,2021,4,19,3,3,5,3,0,1,1,0,0,0,0,0,800230,7406,5831186,584,13,42871357,52,54778438
210882,11,8,2021,3,17,3,3,5,3,1,1,1,0,0,0,0,0,804304,1851,5819652,28,13,47806673,52,44214398
210881,11,6,2021,4,14,5,3,5,2,0,0,1,0,1,0,0,0,794987,7719,5820025,288,13,34173235,52,45059544
210880,11,3,2021,4,11,3,3,0,1,0,0,0,0,0,0,1,0,800438,4535,5832269,557,13,43274757,52,55737678
210879,11,9,2021,5,20,5,3,3,6,0,1,1,0,0,0,0,1,817812,5588,5817972,443,13,67455332,52,41941197
210878,11,4,2021,5,17,6,3,2,7,0,0,1,0,1,0,0,0,792471,394,5825282,733,13,30941476,52,49907976
210877,11,6,2021,3,21,4,3,0,2,2,0,1,0,1,0,0,0,789341,9784,5817294,255,13,25652266,52,42912807
210876,11,11,2021,4,11,2,3,1,5,0,0,1,0,0,0,0,0,804816,9225,5830614,16,13,49561457,52,54010744
210875,11,6,2021,3,12,7,3,5,2,0,0,1,0,0,0,0,0,791104,6806,5819243,515,13,28407304,52,4456684
210874,11,5,2021,5,18,2,3,1,5,0,0,1,0,0,0,1,0,784734,435,5827514,281,13,19766008,52,52318003
210873,11,10,2021,5,13,5,3,5,3,0,0,1,0,0,0,0,1,812367,6819,5824285,563,13,600653,52,47912047
210872,11,1,2021,5,19,4,3,3,6,0,0,1,0,0,0,0,0,796699,948,5831951,332,13,37746779,52,55657442
210871,11,7,2021,4,16,6,3,1,5,0,1,1,0,0,0,0,0,795838,255,5824326,337,13,3580213,52,48869163
210870,11,4,2021,5,15,2,3,6,4,0,0,1,1,0,0,0,0,792777,6399,5825304,208,13,31393734,52,49910787
210869,11,4,2021,4,14,4,3,5,2,0,1,1,0,0,0,0,0,790210,9262,5827298,62,13,27797148,52,51835407
210868,11,9,2021,3,13,4,3,2,6,0,0,1,0,0,0,0,0,803786,1832,5820881,645,13,47158731,52,4534529
210867,11,4,2021,5,18,7,3,5,3,0,0,1,0,0,0,0,0,789091,121,5827177,988,13,26140831,52,51787242
210866,11,4,2021,4,10,2,3,0,3,0,1,1,0,0,0,0,0,792204,2753,5824876,433,13,30513975,52,49558027
210865,11,12,2021,5,14,2,3,5,2,0,1,0,0,0,0,1,0,793492,2332,5832428,374,13,33072369,52,56258855
210864,11,6,2021,5,21,7,3,6,7,2,0,0,1,0,0,1,0,793538,14,5820450,367,13,32083399,52,45518653
210863,11,5,2021,5,14,3,2,2,2,0,0,1,0,1,0,0,0,781916,1831,5829567,653,13,15797924,52,54305587
210862,11,9,2021,5,20,7,2,8,1,1,0,1,0,0,0,0,0,805859,753,5821778,571,13,50282889,52,46033533
210861,11,4,2021,5,13,4,3,0,3,0,1,1,0,0,0,0,0,790739,7919,5826718,92,13,28523697,52,51287292
210860,11,10,2021,4,17,1,3,5,3,0,0,1,0,0,0,1,1,811992,6029,5830703,374,13,60116274,52,53684627
210859,11,9,2021,4,14,5,3,5,3,0,0,1,0,0,0,0,0,810184,628,5820391,587,13,56499302,52,44546814
210858,11,5,2021,4,12,3,3,2,6,0,0,1,0,0,0,0,0,786818,3557,5829747,14,13,23022394,52,54210658
210857,11,6,2021,4,11,2,3,2,6,0,0,1,0,0,0,0,0,795121,9441,5821294,351,13,34482269,52,46189942
210856,11,5,2021,5,20,5,3,1,5,2,0,1,0,0,0,0,1,784792,4452,5826880,86,13,19797555,52,51746333
210855,11,4,2021,4,19,3,3,5,3,0,0,1,0,0,0,0,0,792825,6448,5821856,686,13,31161407,52,468176
210854,11,3,2021,3,15,1,3,5,3,0,0,1,0,1,0,0,0,803793,413,5839220,722,13,4884568,52,6178155
210853,11,11,2021,4,15,5,2,1,7,0,0,1,0,0,0,0,1,805561,7434,5830265,315,13,50624196,52,53656386
210852,11,7,2021,3,22,5,3,6,2,2,0,1,1,0,0,0,0,795519,8203,5825477,438,13,35436958,52,49918272
210851,11,9,2021,5,6,3,3,0,2,0,1,0,0,0,0,1,0,809480,6822,5818371,539,13,55279852,52,42776357
210850,11,8,2021,4,19,1,3,1,5,2,1,1,0,0,0,0,0,801520,8131,5816580,527,13,43447191,52,41615485
210849,11,4,2021,5,20,2,3,0,7,1,0,0,0,1,0,0,1,791741,373,5826105,43,13,29941198,52,50684242
210848,11,12,2021,4,18,4,3,5,2,0,0,1,0,0,0,1,0,793795,136,5832735,895,13,33545168,52,56518191
210847,11,9,2021,5,17,1,3,5,2,0,1,1,0,0,0,0,0,809404,156,5818446,512,13,55174595,52,42847875
210846,11,8,2021,4,14,7,3,5,2,0,0,1,0,0,0,0,0,803160,776,5818437,406,13,46019451,52,43189235
210845,11,11,2021,4,18,1,3,2,6,0,0,1,0,0,0,0,0,803323,265,5826306,262,13,46972648,52,50233033
210844,11,7,2021,5,14,1,3,2,7,0,0,1,0,0,0,0,0,799697,4058,5819022,722,13,40992986,52,43904732
210843,11,12,2021,5,13,7,3,5,3,0,0,1,0,0,0,0,1,790311,9933,5841090,889,13,29153741,52,64195175
210842,11,4,2021,4,8,2,3,5,2,0,1,1,0,0,0,0,0,794159,5592,5827006,593,13,33574032,52,51362566
210841,11,1,2021,5,13,2,3,2,6,0,0,1,0,0,0,1,0,795670,45,5830901,793,13,36139796,52,54772598
210840,11,2,2021,5,11,6,3,5,2,0,1,0,0,0,1,0,1,799185,1007,5826256,13,4089029,52,50416435,
210839,11,2,2021,5,7,5,3,5,2,0,1,0,0,0,0,1,0,800485,7326,5828469,318,13,43000598,52,52328828
210838,11,3,2021,4,15,2,3,5,3,0,1,1,0,0,0,0,0,800085,6,5831671,331,13,42700967,52,55220956
210837,11,3,2021,3,14,4,2,5,3,0,1,1,0,0,0,0,0,800084,1161,5831671,529,13,42699597,52,55221185
210836,11,3,2021,5,7,4,3,3,6,0,1,0,0,0,1,0,0,796189,5773,5836498,118,13,37403638,52,59760866
210835,11,1,2021,4,15,3,3,5,3,0,0,1,0,1,0,0,0,798221,3573,5826622,411,13,39507452,52,50797636
210834,11,8,2021,3,16,2,3,2,6,0,1,1,0,0,0,0,0,801544,55,5817531,435,13,43566958,52,42466538
210833,11,4,2021,4,16,5,3,5,2,0,0,1,0,0,0,0,0,793352,206,5829681,351,13,32623697,52,53803842
210832,11,12,2021,3,19,5,3,1,5,2,1,1,0,0,0,0,0,793198,862,5832620,806,13,32656682,52,56447208
210831,11,6,2021,5,12,2,3,5,3,0,1,1,0,0,0,0,0,792938,1633,5819048,805,13,3108023,52,44294362
210830,11,2,2021,4,17,7,3,1,5,0,0,1,0,0,0,0,0,799725,4769,5825784,297,13,41641584,52,49963969
210829,11,8,2021,5,15,2,3,0,1,0,1,0,0,0,0,0,0,800948,9428,5822315,26,13,43125322,52,46787235
210828,11,6,2021,4,15,4,2,0,6,0,0,1,0,1,0,0,0,790576,9406,5815193,11,13,27281083,52,40963614
210827,11,11,2021,5,0,7,3,1,5,2,0,0,0,1,0,1,1,804365,3906,5826857,869,13,4855398,52,50669378
210826,11,12,2021,4,15,1,2,5,2,0,0,1,0,1,0,0,0,792183,186,5832945,877,13,31192298,52,56793183
210825,11,1,2021,5,18,5,3,2,7,0,0,1,0,0,0,1,0,796908,4228,5826684,389,13,37584171,52,50924807
210824,11,1,2021,4,13,3,3,2,6,0,0,1,0,0,0,0,0,796838,7662,5831562,531,13,37917429,52,55301316
210823,11,1,2021,4,12,7,3,2,6,0,0,1,0,0,0,0,0,793878,5495,5830057,809,13,33430812,52,54112956
210822,11,2,2021,4,16,3,3,5,2,0,1,0,0,0,0,1,1,797100,5989,5824292,881,13,37653176,52,4877061
210821,11,7,2021,5,15,4,3,5,2,0,1,1,0,0,0,0,0,793901,228,5822395,951,13,32787422,52,47243284
210820,11,8,2021,4,15,5,3,0,6,0,0,0,0,0,0,1,0,801224,3322,5821668,587,13,43471125,52,46192427
210819,11,10,2021,3,7,3,3,2,6,0,0,1,0,0,0,0,0,809937,6314,5831679,768,13,57187276,52,54676872
210818,11,12,2021,4,10,1,3,0,2,0,1,0,0,1,0,0,0,785964,148,5839248,384,13,2258623,52,62774037
210817,11,10,2021,3,9,6,3,4,5,0,1,1,0,0,0,0,0,807551,3097,5828280,264,13,53364738,52,5176548
210816,11,10,2021,5,16,3,3,0,7,0,0,1,0,0,0,0,0,811261,9852,5829653,875,13,58944277,52,52785915
210815,11,10,2021,5,15,3,3,2,6,0,0,1,0,0,0,0,0,809634,2576,5826400,953,13,56249886,52,49963453
210814,11,8,2021,4,13,6,3,5,7,0,0,1,0,1,0,0,0,802105,7012,5824413,594,13,4501308,52,48604155
210813,11,4,2021,5,15,6,3,2,6,0,0,1,0,0,0,0,0,789970,4,5826237,357,13,27350703,52,50897283
210812,11,7,2021,4,14,4,3,2,6,0,0,1,0,0,0,0,0,797478,2589,5819282,246,13,37761086,52,44258528
210811,11,7,2021,3,12,3,3,5,7,0,0,1,0,1,0,0,0,795442,1162,5825720,689,13,35344403,52,50140535
210810,11,7,2021,4,5,5,3,5,3,2,1,1,0,0,0,0,1,799062,912,5814264,64,13,39635928,52,39674452
210809,11,2,2021,4,12,3,3,6,4,0,0,1,1,0,0,0,0,800578,552,5827053,2,13,43008312,52,51054257
210808,11,9,2021,5,15,2,3,5,3,0,1,0,0,0,0,0,0,819487,204,5818434,732,13,69953656,52,4225792
210807,11,9,2021,3,19,3,3,2,6,0,0,1,0,0,0,1,0,809661,4615,5821479,75,13,55832821,52,45551052
210806,11,11,2021,4,11,2,2,0,3,0,0,1,0,0,0,1,0,804944,259,5828708,831,13,49573853,52,52295978
210805,11,3,2021,5,16,2,3,5,2,0,0,1,0,0,0,0,0,800606,2795,5831407,648,13,43443524,52,54955872
210804,11,2,2021,5,20,4,3,5,3,2,0,1,0,0,0,0,0,798032,8728,5824847,806,13,39071748,52,49217221
210803,11,3,2021,5,22,4,3,1,5,2,0,1,0,1,0,0,0,798941,5151,5829965,844,13,40865899,52,53755126
210802,11,2,2021,4,9,6,3,5,2,0,1,1,0,0,0,0,0,800269,3621,5824383,639,13,42314167,52,48678606
210801,11,5,2021,3,16,4,3,5,2,0,1,1,0,0,0,0,0,785306,6709,5828678,392,13,20707626,52,533318
210800,11,4,2021,5,19,1,3,5,2,0,0,1,0,0,0,0,1,790958,9948,5823027,337,13,28523416,52,47966833
210799,11,9,2021,5,13,4,3,2,5,0,0,1,0,0,0,0,0,804338,1858,5819725,367,13,4786322,52,44278238
210798,11,2,2021,4,9,4,2,5,5,0,1,1,0,0,0,0,0,801137,9028,5825081,498,13,4365248,52,49256278
210797,11,1,2021,3,8,4,2,5,3,0,0,1,0,0,0,1,0,797075,8775,5831681,599,13,38276775,52,55395119
210796,11,1,2021,5,13,2,3,0,7,0,1,0,0,0,0,0,0,793542,3113,5828158,422,13,32768706,52,52428379
210795,11,8,2021,4,13,2,3,5,3,0,1,1,0,0,0,0,0,801651,4128,5821579,973,13,44089828,52,46089442
210794,11,12,2021,5,15,2,3,2,6,0,0,1,0,0,0,0,0,794327,444,5836333,187,13,3464767,52,59714127
210793,11,3,2021,5,11,2,3,5,2,0,0,1,0,0,0,1,0,798990,3381,5831802,613,13,41103012,52,55398832
210792,11,1,2021,5,20,6,3,1,5,1,1,1,0,0,0,0,1,794139,1252,5828450,758,13,33671709,52,52658276
210791,11,3,2021,5,14,5,3,2,6,0,0,1,0,0,0,0,0,801077,9634,5832020,127,13,44192604,52,55478794
210790,11,6,2021,4,14,1,2,5,3,0,0,1,0,0,0,1,0,793962,409,5819619,771,13,32632523,52,44751267
210789,11,1,2021,4,17,5,3,1,5,0,0,1,0,1,0,0,0,796899,1971,5831387,944,13,37990685,52,55141525
210788,11,7,2021,5,14,4,3,5,3,0,0,0,0,1,0,1,0,798716,2265,5821874,12,13,3980887,52,46514246
210787,11,2,2021,4,19,4,3,4,7,0,1,0,1,0,0,0,0,801349,19,5826123,833,13,44057043,52,50178883
210786,11,4,2021,3,15,1,3,6,7,0,0,1,1,0,0,0,0,793789,3264,5826287,997,13,32966593,52,50738336
210785,11,8,2021,4,18,5,3,2,6,0,0,1,0,0,0,0,0,803380,9345,5817498,638,13,46257137,52,42335611
210784,11,7,2021,3,14,5,3,5,3,0,0,1,0,0,0,0,0,796820,8675,5822180,297,13,37054366,52,46892095
210783,11,4,2021,5,19,4,3,2,2,0,0,1,0,0,0,0,1,790044,5208,5826673,82,13,27498112,52,51283957
210782,11,5,2021,5,13,2,3,2,3,0,0,1,0,0,0,0,0,787594,7293,5829401,366,13,24134114,52,53859731
210781,11,8,2021,4,16,4,3,5,3,0,1,1,0,0,0,0,0,799537,696,5817722,667,13,40642264,52,42748152
210780,11,5,2021,5,23,1,3,1,5,2,1,1,0,0,0,0,0,785263,6632,5828683,175,13,20644804,52,5333834
210779,11,9,2021,4,17,1,3,5,2,0,1,1,0,0,0,0,0,811358,9466,5820172,317,13,58201129,52,44283575
210778,11,6,2021,5,19,6,3,5,3,0,0,1,0,1,0,0,0,795304,4025,5818536,4,13,34506221,52,43707749
210777,11,4,2021,4,13,3,3,2,6,0,0,1,0,0,0,0,0,790893,177,5824753,602,13,28577216,52,49517955
210776,11,2,2021,3,19,3,3,0,2,0,1,0,0,0,0,1,0,797913,354,5825279,649,13,38934847,52,49610841
210775,11,6,2021,4,17,3,3,0,6,0,1,1,0,0,0,0,0,794197,8605,5819428,554,13,3296167,52,44567164
210774,11,8,2021,5,19,6,3,1,5,0,1,1,0,0,0,0,0,800667,9728,5824296,121,13,42891544,52,48578224
210773,11,12,2021,4,18,5,3,5,3,0,1,1,0,0,0,0,0,786991,3658,5838311,44,13,2401833,52,61879502
210772,11,3,2021,3,9,2,3,2,6,0,0,0,0,1,0,1,0,800138,816,5837724,339,13,43326985,52,60643456
210771,11,8,2021,4,17,7,3,5,3,0,1,1,0,0,0,0,0,802103,9058,5822451,565,13,44832706,52,46845666
210770,11,2,2021,3,19,6,3,0,3,2,1,0,0,0,0,1,0,800116,2313,5825756,834,13,42213019,52,49917878
210769,11,7,2021,5,16,2,3,5,2,0,1,1,0,0,0,0,0,793986,451,5821567,684,13,32839253,52,46496203
210768,11,2,2021,5,19,5,3,1,5,0,1,1,0,0,0,0,0,801241,2658,5827768,991,13,44047416,52,51659426
210767,11,3,2021,5,20,4,3,6,4,1,0,1,1,0,0,0,0,802650,4373,5832424,402,13,4654176,52,55753986
210766,11,8,2021,4,15,4,3,5,3,0,1,1,0,0,0,0,0,803577,5312,5818638,677,13,46648847,52,43346523
210765,11,12,2021,4,12,6,3,3,2,0,0,1,0,0,0,1,0,793475,1896,5836992,618,13,33451481,52,60351323
210764,11,3,2021,4,8,3,2,5,2,0,0,1,0,1,0,0,0,795633,7013,5835623,174,13,36507233,52,59006819
210763,11,1,2021,3,12,4,3,5,3,0,1,1,0,0,0,0,0,797883,8696,5827479,959,13,39088419,52,51584761
210762,11,3,2021,4,15,6,3,2,6,0,0,1,0,0,0,0,0,799269,2216,5837678,515,13,42043629,52,60650283
210761,11,4,2021,5,11,7,3,0,2,0,0,1,0,0,0,1,0,789948,368,5827379,847,13,27418413,52,51922695
210760,11,3,2021,5,9,6,3,1,5,0,1,1,0,0,0,0,0,799419,6476,5830809,642,13,41644799,52,54485209
210759,11,1,2021,4,19,2,3,5,7,0,0,1,0,1,0,0,1,797288,5386,5831275,629,13,38553165,52,55019612
210758,11,5,2021,4,17,5,3,0,7,0,1,0,0,0,0,0,0,788897,9076,5830083,753,13,26109571,52,54402576
210757,11,6,2021,4,19,3,3,0,2,1,1,1,0,0,0,0,1,791677,874,5820658,463,13,29370703,52,45804837
210756,11,4,2021,4,18,3,2,5,3,0,1,0,0,1,0,0,1,791997,7192,5825978,282,13,30307195,52,50556871
210755,11,4,2021,5,17,5,3,0,1,0,1,0,0,0,0,0,1,793903,6187,5826058,263,13,33114225,52,50526235
210754,11,8,2021,4,6,4,3,5,2,0,1,0,0,0,0,1,0,801173,8018,5821800,491,13,43408877,52,46313441
210753,11,1,2021,3,8,2,3,6,4,0,1,0,1,0,0,0,0,794609,3496,5830796,727,13,34570815,52,54735878
210752,11,2,2021,4,15,6,3,5,2,0,1,1,0,0,0,0,0,801962,1072,5828236,961,13,45148974,52,52039007
210751,11,4,2021,3,9,6,2,5,2,0,1,1,0,0,0,0,1,792736,2973,5826094,556,13,31402489,52,50621528
210750,11,12,2021,5,14,3,3,2,6,0,0,1,0,0,0,0,1,792909,6433,5835184,728,13,32458876,52,58761154
210749,11,5,2021,5,9,2,3,5,2,0,0,1,0,0,0,0,0,784300,923,5828706,849,13,19230106,52,53409914
210748,11,12,2021,4,17,5,3,6,7,0,0,1,1,0,0,0,1,795647,1912,5833554,514,13,3634257,52,57151745
210747,11,4,2021,4,16,3,3,0,6,0,0,1,0,1,0,0,0,793183,973,5824554,802,13,31923356,52,49217204
210746,11,7,2021,3,15,3,2,4,6,0,0,1,0,0,0,0,0,796761,2048,5819990,106,13,36772098,52,44932025
210745,11,6,2021,4,14,6,3,6,4,0,0,1,1,0,0,0,0,788513,2224,5816864,52,13,24399604,52,42570872
210744,11,9,2021,4,8,3,3,2,6,0,0,1,0,0,0,1,0,804218,5224,5821056,354,13,4780892,52,45477834
210743,11,10,2021,5,13,7,3,5,2,0,1,1,0,0,0,0,0,811298,162,5831620,77,13,59181667,52,54546437
210742,11,1,2021,5,12,7,3,1,5,0,1,1,0,0,0,0,1,798309,806,5826736,331,13,39646531,52,50894955
210741,11,11,2021,3,16,3,3,2,7,0,0,1,0,0,0,0,0,805436,6294,5830302,949,13,50443764,52,53697127
210740,11,9,2021,4,14,2,3,5,3,0,1,1,0,0,0,0,0,810822,8129,5821366,1,13,57525949,52,45383895
210739,11,6,2021,5,15,2,3,5,3,0,1,0,0,0,0,1,0,793517,6294,5820653,656,13,32071357,52,4570199
210738,11,3,2021,5,18,5,3,5,2,0,1,0,0,0,0,0,0,797949,959,5833669,902,13,39740726,52,57129612
210737,11,11,2021,5,18,4,3,2,6,0,0,1,0,0,0,0,0,804350,5283,5830824,248,13,48895133,52,54225105
210736,11,6,2021,4,10,6,3,5,3,0,0,1,0,0,0,0,0,792504,638,5817473,217,13,30306353,52,42905069
210735,11,5,2021,3,11,4,2,2,6,0,0,1,0,0,0,0,0,784379,9378,5831073,71,13,19550099,52,55527308
210734,11,7,2021,5,18,3,3,0,2,0,1,1,0,0,0,0,0,797599,5324,5815556,719,13,3760752,52,40912347
210733,11,6,2021,4,8,4,3,2,6,0,0,1,0,0,0,1,0,793402,6135,5820065,231,13,31850868,52,45180659
210732,11,1,2021,3,14,4,3,8,7,0,0,0,0,0,0,1,0,798659,6103,5828550,589,13,40324343,52,52502007
210731,11,7,2021,5,20,2,3,5,3,2,0,1,0,0,0,0,1,794839,2389,5824674,58,13,34366175,52,49234907
210730,11,8,2021,4,11,2,3,5,3,0,0,1,0,0,0,0,0,803761,1029,5821792,987,13,4720485,52,46163508
210729,11,5,2021,5,17,2,3,2,7,2,0,1,0,1,0,0,1,780259,9578,5821084,826,13,12647929,52,46784643
210728,11,8,2021,5,12,3,2,5,3,0,1,1,0,0,0,0,0,802291,299,5816652,757,13,44583172,52,41637729
210727,11,2,2021,5,16,7,3,3,6,0,1,1,0,0,0,0,0,799196,2182,5825623,839,13,40849825,52,49849185
210726,11,9,2021,5,14,6,3,5,3,0,1,1,0,0,0,0,0,808916,4005,5819068,123,13,54516918,52,43432524
210725,11,8,2021,4,9,2,3,2,6,0,0,1,0,0,0,1,1,799899,7779,5816559,146,13,41068905,52,41685378
210724,11,4,2021,4,10,6,3,5,3,0,1,1,0,0,0,0,0,791309,672,5822998,915,13,29035837,52,47922657
210723,11,2,2021,4,15,3,3,5,2,0,1,1,0,0,0,0,0,798288,8761,5825321,198,13,39490081,52,49627574
210722,11,1,2021,5,6,4,3,5,2,0,1,1,0,0,0,0,1,793500,7226,5829379,96,13,32815425,52,53525665