OBJECTID,LAND,BEZ,UJAHR,UMONAT,USTUNDE,UWOCHENTAG,UKATEGORIE,UART,UTYP1,ULICHTVERH,IstRad,IstPKW,IstFuss,IstKrad,IstGkfz,IstSonstige,USTRZUSTAND,LINREFX,LINREFY,XGCSWGS84,YGCSWGS84,,,,
210278,11,4,2021,1,19,3,3,6,2,2,0,1,1,0,0,0,1,791482,8917,5828283,193,13,2975276,52,52650725
210277,11,4,2021,2,19,2,3,5,2,2,1,1,0,0,0,0,0,791780,9285,5827465,256,13,30119071,52,51901517
210276,11,4,2021,3,10,2,2,3,5,0,1,1,0,0,0,0,0,794341,4057,5825624,502,13,33719023,52,50113793
210275,11,4,2021,3,13,4,3,5,7,0,1,1,0,0,0,0,0,791596,98,5826097,691,13,29727479,52,50685405
210274,11,1,2021,1,10,3,3,5,3,0,1,1,0,0,0,0,1,794219,46,5828307,448,13,33776435,52,52525498
210273,11,6,2021,2,13,7,3,0,6,0,1,0,0,0,0,1,0,785418,2688,5818372,444,13,19989085,52,44085647
210272,11,11,2021,3,17,3,3,0,1,0,0,0,0,1,0,0,0,805165,62,5829789,449,13,49998285,52,5325209
210271,11,1,2021,1,11,3,3,2,6,0,0,1,0,0,0,1,0,796630,4979,5826687,258,13,37176117,52,50942498
210270,11,1,2021,2,10,4,3,6,4,0,0,1,1,0,0,0,2,793779,5145,5830452,119,13,33320075,52,54471771
210269,11,8,2021,2,18,5,3,0,4,1,0,0,1,1,0,0,0,801372,5603,5824763,708,13,43968321,52,48958486
210268,11,7,2021,1,16,2,3,2,6,0,0,1,0,0,0,0,0,799901,2985,5813192,173,13,40769684,52,38667237
210267,11,2,2021,3,12,4,3,5,3,0,1,1,1,0,0,0,0,798486,7613,5825222,172,13,39771834,52,49527992
210266,11,5,2021,3,21,2,2,6,4,2,0,1,1,1,0,0,0,784879,2492,5829539,282,13,20153008,52,54126028
210265,11,6,2021,1,11,2,2,9,1,0,0,1,0,0,0,0,2,793203,7041,5819646,822,13,31522272,52,44816239
210264,11,1,2021,1,7,4,3,5,2,2,1,1,0,0,0,0,1,795259,2603,5830462,14,13,35496731,52,54400765
210263,11,9,2021,2,17,2,3,6,2,1,0,1,1,0,0,0,0,804805,8299,5822374,842,13,48790947,52,46626834
210262,11,4,2021,3,20,2,3,5,3,2,0,1,0,0,0,1,1,789459,6764,5826669,538,13,26638398,52,51311848
210261,11,2,2021,3,12,4,3,5,2,0,1,1,0,0,0,0,0,800674,8061,5827572,211,13,43197356,52,51514306
210260,11,3,2021,2,17,1,3,2,6,2,0,1,0,0,0,0,2,800104,8559,5829686,466,13,42550763,52,53440774
210259,11,11,2021,2,11,7,3,0,7,0,1,1,0,0,0,1,0,805431,4175,5829110,898,13,5032658,52,52629061
210258,11,1,2021,1,12,4,3,6,7,0,0,1,1,0,0,0,1,797096,9793,5831730,188,13,38312155,52,55437522
210257,11,12,2021,2,15,3,3,5,2,0,1,1,0,0,0,0,0,793947,3557,5835309,322,13,33997263,52,58816868
210256,11,5,2021,2,11,7,3,4,6,0,0,1,0,0,0,1,2,782766,6567,5828174,187,13,16930105,52,53012088
210255,11,9,2021,1,22,4,3,7,7,2,0,0,0,1,0,0,0,812832,4219,5819345,776,13,60284585,52,43458802
210254,11,12,2021,3,13,6,3,2,7,0,0,1,0,0,0,0,0,789961,763,5835548,387,13,28150656,52,59245145
210253,11,1,2021,2,16,2,3,5,2,0,0,1,0,0,0,0,0,797391,3274,5830020,483,13,38591939,52,53888918
210252,11,10,2021,1,12,5,2,2,6,0,0,1,0,1,0,0,0,808517,3689,5831180,74,13,55053043,52,5430967
210251,11,1,2021,3,15,4,3,1,1,0,0,1,0,0,0,1,1,796178,8376,5831232,303,13,36917478,52,55041226
210250,11,1,2021,3,19,5,3,0,1,2,0,0,0,0,0,1,1,798478,96,5828247,781,13,40030412,52,52240522
210249,11,3,2021,3,9,7,3,5,2,0,1,0,0,0,0,1,0,798517,3773,5831494,439,13,40379782,52,55148541
210248,11,7,2021,2,20,4,3,0,5,2,0,1,0,0,0,0,0,800566,565,5814129,337,13,41828323,52,39470824
210247,11,12,2021,3,18,2,3,6,2,2,0,1,1,0,0,0,0,790701,544,5835392,387,13,29226272,52,59065793
210246,11,12,2021,1,19,5,3,6,4,2,0,1,1,0,0,0,1,792077,8752,5837104,955,13,31403993,52,60527276
210245,11,9,2021,2,19,4,3,6,2,2,0,1,1,0,0,0,1,802353,5095,5824747,89,13,45407167,52,48889351
210244,11,3,2021,3,17,6,3,0,4,0,0,1,1,0,0,0,0,799530,4832,5837790,807,13,42438444,52,60736544
210243,11,3,2021,2,17,7,3,5,2,2,1,1,0,0,0,0,2,802387,823,5828846,5,13,45828826,52,52561784
210242,11,3,2021,2,15,4,2,5,2,0,1,1,0,0,0,0,0,798049,287,5837195,636,13,40204006,52,60284478
210241,11,12,2021,1,9,3,3,2,6,0,0,1,0,0,0,0,2,794248,1748,5835451,153,13,34452615,52,58927745
210240,11,8,2021,3,8,5,3,0,6,0,0,1,0,1,0,0,0,801071,7586,5824917,433,13,43540525,52,49112872
210239,11,9,2021,2,18,1,3,5,2,2,0,1,0,0,0,1,2,805017,3174,5822704,571,13,4913144,52,46910555
210238,11,11,2021,3,15,7,3,5,2,0,0,1,0,0,0,0,1,805956,7822,5833709,218,13,51522152,52,5672072
210237,11,6,2021,1,18,5,3,2,6,2,0,1,0,0,0,0,1,794571,9571,5817705,787,13,33358681,52,43002639
210236,11,8,2021,1,16,1,3,0,5,2,1,1,0,0,0,0,1,800872,8111,5822467,963,13,43027357,52,46928301
210235,11,8,2021,2,16,1,2,5,2,0,0,1,0,1,0,0,0,800486,377,5823549,643,13,42557635,52,47919124
210234,11,1,2021,3,16,2,3,2,7,0,0,1,0,0,0,0,0,799364,8239,5826332,852,13,41161195,52,50475465
210233,11,7,2021,1,11,4,3,5,3,0,1,0,0,0,1,0,0,799470,617,5820515,232,13,40793314,52,45255021
210232,11,4,2021,2,18,4,3,6,4,2,0,1,1,0,0,0,2,792669,8231,5823057,32,13,31038002,52,47902034
210231,11,12,2021,2,12,5,3,5,3,0,0,1,0,0,0,0,0,791698,2701,5839251,104,13,31034293,52,6247159
210230,11,11,2021,1,18,4,3,5,2,2,1,1,0,0,0,0,0,803090,3371,5829538,646,13,46925351,52,53143091
210229,11,8,2021,3,7,4,3,2,6,0,0,1,0,0,0,0,0,801743,1908,5822067,88,13,4426854,52,46520986
210228,11,4,2021,1,14,6,3,5,2,0,1,1,0,0,0,0,0,793976,6113,5824458,417,13,3308025,52,49088122
210227,11,4,2021,1,13,3,3,2,2,0,0,1,0,0,0,0,2,788491,4479,5827719,59,13,25306653,52,5230456
210226,11,1,2021,1,19,3,3,0,6,2,0,1,0,1,0,0,1,795072,3777,5827223,179,13,34934474,52,51507414
210225,11,3,2021,2,15,2,3,5,3,0,0,1,0,0,0,0,0,800502,9514,5831781,198,13,43325402,52,55296393
210224,11,4,2021,3,18,3,2,5,3,2,1,1,0,0,0,0,0,793257,5868,5826077,906,13,32166869,52,50578607
210223,11,3,2021,3,17,4,3,1,5,0,1,0,0,0,1,0,0,803167,3237,5831369,699,13,47205564,52,54779937
210222,11,4,2021,2,17,7,3,6,6,2,0,1,1,0,0,0,2,790233,3152,5824588,42,13,27593819,52,49404988
210221,11,7,2021,2,21,7,2,6,4,2,0,1,1,0,0,0,0,796567,4106,5816249,672,13,36156,52,41589536
210220,11,7,2021,1,18,6,2,6,3,2,0,1,1,0,0,0,1,797367,2653,5819343,935,13,37603758,52,44319863
210219,11,7,2021,2,16,3,3,6,2,2,0,0,1,1,0,0,1,797289,7079,5821226,116,13,37657526,52,46011274
210218,11,9,2021,1,11,3,3,6,4,0,1,1,1,0,0,0,1,804601,5042,5822059,646,13,48462335,52,46355727
210217,11,9,2021,3,17,5,3,2,6,0,0,1,0,0,0,0,0,820165,4117,5819626,72,13,7106165,52,43285718
210216,11,7,2021,3,7,7,3,8,1,0,0,1,0,0,0,0,0,794961,5168,5825560,45,13,34624245,52,50022891
210215,11,9,2021,2,14,4,3,5,3,0,1,1,0,0,0,0,0,809220,5463,5823021,8,13,55328922,52,46958581
210214,11,1,2021,1,23,5,3,9,1,2,0,1,0,0,0,0,1,797021,4522,5831512,53,13,3818161,52,55246536
210213,11,9,2021,3,7,4,3,5,2,0,1,1,0,0,0,0,0,810778,3393,5818648,881,13,57208033,52,42951352
210212,11,1,2021,3,15,6,3,1,5,0,1,0,0,0,1,0,0,798670,5822,5828707,183,13,40354533,52,52641772
210211,11,12,2021,3,6,2,3,2,6,0,0,1,0,0,0,0,0,789784,5522,5833673,884,13,27726874,52,57574063
210210,11,1,2021,2,18,2,3,2,6,2,0,1,0,0,0,0,2,797437,3871,5831142,679,13,38760134,52,54892314
210209,11,6,2021,1,11,2,3,5,7,0,0,1,0,0,0,1,2,794767,9487,5820813,1,13,33920232,52,45777544
210208,11,7,2021,3,14,3,2,5,2,0,0,1,0,0,0,1,0,797207,361,5823599,939,13,37748164,52,48143649
210207,11,4,2021,1,20,2,3,6,2,2,0,1,1,0,0,0,1,793345,4028,5826090,331,13,32296976,52,50585024
210206,11,7,2021,2,9,4,2,6,7,0,0,1,1,0,0,0,1,800034,353,5813250,115,13,40969793,52,3871189
210205,11,10,2021,2,13,6,2,6,4,0,0,1,1,0,0,0,1,809578,4244,5825289,759,13,56064644,52,48970802
210204,11,11,2021,3,8,2,3,2,6,0,1,1,0,0,0,0,0,806776,4317,5825678,45,13,51986608,52,49477329
210203,11,4,2021,1,8,4,3,5,2,0,1,1,0,0,0,0,1,793676,862,5826072,268,13,32782334,52,50551
210202,11,9,2021,2,11,3,3,1,5,0,0,1,0,0,0,0,1,811788,4997,5818279,506,13,58654559,52,42562866
210201,11,7,2021,1,9,5,2,2,2,0,0,1,0,0,0,0,0,798522,7335,5816818,134,13,39073231,52,4199281
210200,11,7,2021,3,16,6,3,0,4,0,1,0,1,0,0,0,0,795143,4031,5823170,735,13,34679763,52,47870842
210199,11,9,2021,2,17,3,3,6,7,1,1,0,1,0,0,0,0,806447,4401,5822249,315,13,51188382,52,4642251
210198,11,8,2021,1,14,7,3,1,5,0,0,1,0,0,0,1,1,800516,58,5823437,743,13,42591123,52,4781719
210197,11,4,2021,3,17,4,2,6,4,0,0,1,1,0,0,0,0,790037,9893,5823780,664,13,27236609,52,48691202
210196,11,8,2021,3,8,5,3,0,2,0,1,1,0,0,0,0,1,801637,967,5822641,373,13,44164758,52,47041588
210195,11,8,2021,3,17,1,3,5,2,1,0,1,0,0,0,0,0,802369,622,5819929,247,13,44994255,52,44570184
210194,11,9,2021,2,11,3,3,5,3,0,0,1,0,0,0,0,1,808100,9629,5818953,636,13,53310676,52,43375908
210193,11,10,2021,3,15,3,3,5,3,0,1,1,0,0,0,0,0,808498,75,5829508,787,13,54869552,52,52812991
210192,11,7,2021,1,17,5,3,1,5,2,1,1,0,0,0,0,1,794637,7079,5825746,476,13,34165063,52,50207145
210191,11,3,2021,2,16,4,3,5,3,0,0,1,0,0,0,0,1,795863,1973,5835596,65,13,36842595,52,58970042
210190,11,9,2021,3,8,6,3,0,3,0,0,1,0,0,0,0,1,814210,1404,5821999,652,13,62554104,52,45757975
210189,11,11,2021,2,16,4,3,2,6,0,0,1,0,0,0,1,0,803279,5637,5826314,461,13,4690956,52,50242798
210188,11,1,2021,1,20,2,3,6,4,2,1,0,1,0,0,0,0,795801,1895,5829040,275,13,36166973,52,530968
210187,11,3,2021,3,14,6,3,5,2,0,0,1,0,0,0,1,1,802268,288,5831574,409,13,45902391,52,55013372
210186,11,1,2021,3,17,7,3,5,2,0,1,1,0,0,0,0,1,795727,5688,5828198,207,13,35983865,52,52345957
210185,11,10,2021,3,12,2,3,2,6,0,0,1,0,0,0,0,0,812101,6373,5830901,662,13,60295133,52,53856073
210184,11,6,2021,1,15,5,2,0,2,0,0,1,0,0,0,1,1,790387,9838,5820840,414,13,27494622,52,4603661
210183,11,4,2021,1,14,1,3,6,7,0,0,1,1,0,0,0,0,792911,7253,5824396,527,13,31510883,52,49089884
210182,11,1,2021,2,20,2,3,5,2,2,0,1,0,0,0,0,0,799245,9638,5828468,918,13,41178694,52,52396652
210181,11,3,2021,3,16,2,3,0,1,0,0,0,0,0,0,1,0,802024,907,5840382,5,13,46347499,52,62920996
210180,11,6,2021,1,17,4,3,6,4,2,0,1,1,0,0,0,0,794751,6041,5821238,764,13,3393384,52,461601
210179,11,12,2021,2,14,3,3,5,3,0,0,1,0,0,0,0,2,791643,4513,5834492,359,13,30534255,52,58208501
210178,11,7,2021,2,17,5,3,4,6,0,1,0,0,0,0,0,0,798744,4908,5823946,609,13,40035989,52,48370517
210177,11,4,2021,1,18,3,3,6,2,2,0,1,1,0,0,0,1,793977,4897,5824447,331,13,33080562,52,49078137
210176,11,3,2021,3,9,4,3,0,1,0,1,0,0,0,0,0,0,799181,3164,5831224,38,13,41331723,52,54869743
210175,11,9,2021,1,3,6,3,2,7,2,0,1,0,0,0,0,0,804296,1294,5821790,496,13,4798969,52,46131509
210174,11,7,2021,1,17,5,3,2,6,2,0,1,0,1,0,0,1,797303,841,5822582,158,13,3779797,52,47226102
210173,11,1,2021,1,17,4,3,2,6,2,0,1,1,0,0,0,1,798428,4466,5830218,318,13,40134352,52,54009554
210172,11,9,2021,2,14,2,3,0,6,0,0,1,0,1,0,0,0,810818,403,5820307,289,13,57420433,52,44435302
210171,11,8,2021,3,19,3,3,2,7,2,1,1,0,0,0,0,0,800704,4886,5823897,797,13,42909228,52,48219181
210170,11,7,2021,3,15,4,3,1,5,0,1,1,0,0,0,0,0,797933,5161,5820446,843,13,38532767,52,45277681
210169,11,7,2021,2,17,3,3,2,6,2,0,1,0,0,0,1,1,798171,1886,5819016,264,13,38753809,52,43982365
210168,11,3,2021,3,7,3,2,5,2,0,1,1,0,0,0,0,0,798816,199,5831461,976,13,40816272,52,55103059
210167,11,11,2021,1,18,7,2,6,4,2,0,1,1,0,0,0,0,807240,3908,5824292,701,13,52540115,52,48209304
210166,11,2,2021,2,8,2,3,5,2,0,1,1,0,0,0,0,0,797666,4985,5825846,145,13,38622927,52,50132108
210165,11,9,2021,3,8,6,3,2,7,0,0,1,0,0,0,0,0,804255,672,5824135,165,13,48143281,52,48235261
210164,11,5,2021,2,13,7,3,4,1,0,0,1,0,0,0,0,2,781570,58,5829947,589,13,15321092,52,54664156
210163,11,7,2021,2,12,5,3,5,3,0,1,1,0,0,0,0,0,799474,2837,5813160,221,13,4014125,52,38661951
210162,11,1,2021,1,20,6,3,0,7,2,0,1,0,0,0,0,0,799339,2721,5827653,452,13,41242433,52,51660588
210161,11,1,2021,3,13,5,3,5,2,0,1,1,0,0,0,0,0,799981,3937,5826939,188,13,4212151,52,50985085
210160,11,2,2021,3,20,5,3,2,6,2,1,1,0,0,0,0,1,802406,8572,5826148,662,13,45612725,52,50142627
210159,11,4,2021,3,6,2,3,2,6,0,0,1,0,1,0,0,0,792435,739,5826103,503,13,30961707,52,50645668
210158,11,12,2021,2,18,6,3,2,6,2,0,1,0,0,0,0,0,794457,3242,5832966,317,13,34539741,52,56688972
210157,11,4,2021,1,13,6,3,5,2,0,1,1,0,0,0,0,1,791711,404,5826103,461,13,29896988,52,50684427
210156,11,8,2021,3,12,3,3,5,2,0,1,1,0,0,0,0,0,800175,464,5823650,664,13,42110297,52,48026771
210155,11,10,2021,1,17,1,2,6,4,2,0,1,1,1,0,0,1,809014,212,5834325,516,13,56076169,52,57100346
210154,11,8,2021,2,5,4,3,1,5,2,0,1,0,0,0,0,1,801240,8739,5821609,573,13,43490074,52,46138619
210153,11,2,2021,3,15,3,3,5,3,0,1,0,0,0,0,0,0,801733,3771,5825453,594,13,44560598,52,4955691
210152,11,11,2021,2,17,2,3,0,1,2,0,0,0,1,0,0,2,803424,4385,5828351,966,13,47308094,52,52060915
210151,11,1,2021,2,11,6,2,6,7,0,0,1,1,0,0,0,0,794972,8188,5825955,877,13,34675874,52,50376753
210150,11,8,2021,1,15,2,3,5,3,0,1,0,0,0,0,1,0,801306,9866,5823560,345,13,43763267,52,47883503
210149,11,5,2021,3,9,5,3,5,2,0,0,1,0,0,0,1,1,784590,6969,5831092,77,13,19861757,52,55533339
210148,11,5,2021,1,11,7,3,8,1,0,0,1,0,0,0,0,2,786150,561,5827273,218,13,21827418,52,52027713
210147,11,10,2021,3,17,1,3,5,3,1,0,1,0,0,0,0,1,807610,1316,5832363,226,13,53829056,52,55421293
210146,11,4,2021,1,17,2,2,5,3,2,1,1,0,0,0,0,1,792203,9849,5828107,489,13,30797214,52,5245461
210145,11,2,2021,1,7,3,2,5,3,2,0,1,0,0,0,0,1,798185,387,5826507,304,13,39443787,52,50696443
210144,11,4,2021,2,19,2,2,1,1,2,0,1,0,0,0,0,0,789066,3025,5826974,662,13,2608685,52,51606264
210143,11,7,2021,3,10,3,3,5,2,0,1,0,0,1,0,0,0,799523,285,5813992,505,13,40287409,52,39405316
210142,11,2,2021,3,15,4,3,6,4,0,1,0,1,0,0,0,0,803018,5046,5828285,412,13,46705582,52,52023835
210141,11,12,2021,1,14,4,3,3,2,0,0,1,0,0,0,1,0,790430,8259,5835179,146,13,28809794,52,58889062
210140,11,8,2021,2,14,2,3,3,2,0,0,1,0,0,0,0,1,803195,9041,5822734,415,13,4646103,52,47038691
210139,11,2,2021,3,16,2,3,0,3,0,0,1,0,1,0,0,0,800734,127,5826517,945,13,43189253,52,50566069
210138,11,4,2021,1,18,4,3,6,2,2,0,1,1,0,0,0,1,792095,1637,5825783,309,13,3043325,52,50376865
210137,11,2,2021,3,12,6,3,3,6,0,1,0,0,0,1,0,0,803056,1059,5827005,973,13,46644308,52,50875005
210136,11,7,2021,2,12,4,3,5,7,0,0,1,0,0,0,1,1,798436,1997,5820499,195,13,39274993,52,45297187
210135,11,5,2021,2,12,6,3,5,3,0,1,1,0,0,0,0,0,785201,8584,5831871,845,13,20827786,52,56200495
210134,11,5,2021,1,13,2,3,2,6,0,0,1,0,1,0,0,0,788898,5766,5829301,395,13,26042523,52,53701137
210133,11,1,2021,3,18,5,2,6,4,1,0,0,1,1,0,0,0,795291,125,5826135,607,13,35159241,52,50520657
210132,11,3,2021,3,13,6,2,5,2,0,1,1,0,0,0,0,0,797821,6798,5832997,427,13,39491627,52,5653385
210131,11,11,2021,3,14,2,3,1,5,0,1,1,0,0,0,0,0,803553,6948,5828340,911,13,47497003,52,52043813
210130,11,4,2021,1,11,3,3,5,3,0,0,1,0,0,0,0,1,791451,4375,5827212,862,13,29612736,52,51692869
210129,11,1,2021,1,20,3,3,5,3,2,0,1,0,0,0,0,1,794439,2248,5831463,457,13,34379774,52,5534275
210128,11,9,2021,2,5,2,2,5,3,2,0,1,0,1,0,0,0,807854,3774,5822054,697,13,5323487,52,46169008
210127,11,3,2021,3,22,1,2,5,2,2,0,1,0,0,0,0,1,796758,6104,5834009,81,13,38018445,52,57499382
210126,11,11,2021,1,7,5,2,6,2,2,0,1,1,0,0,0,1,806960,4446,5827802,346,13,52452603,52,51370453
210125,11,9,2021,2,13,1,3,5,7,0,0,1,0,0,0,0,2,803061,7211,5824413,842,13,46416719,52,48551397
210124,11,10,2021,2,21,7,3,1,5,2,0,0,0,0,1,1,0,810115,173,5834527,851,13,57714377,52,57219057
210123,11,2,2021,1,6,4,3,5,3,2,1,1,0,0,0,0,1,799327,382,5826236,786,13,41097559,52,50391409
210122,11,7,2021,3,12,4,3,2,6,0,1,0,0,0,0,1,0,797515,872,5820065,284,13,37885992,52,44958398
210121,11,11,2021,2,5,3,3,5,2,2,0,1,0,0,0,0,1,805090,3309,5834617,54,13,50331281,52,57582977
210120,11,6,2021,1,12,4,3,0,5,0,0,1,0,1,0,0,0,794830,7347,5817895,556,13,33754929,52,43158818
210119,11,2,2021,1,13,5,3,0,1,0,1,0,0,0,0,0,2,799581,6273,5825642,7,13,41417514,52,49844383
210118,11,10,2021,3,12,6,3,5,3,0,0,1,0,0,0,0,0,814189,4225,5830066,59,13,63284361,52,52987353
210117,11,10,2021,2,13,2,3,5,2,0,0,1,0,0,0,0,0,806333,4371,5830184,824,13,51750984,52,53540929
210116,11,3,2021,3,10,2,3,5,3,0,0,1,0,0,0,0,0,802500,3898,5836824,387,13,46722572,52,59705925
210115,11,11,2021,3,13,5,3,5,3,0,1,1,0,0,0,0,0,803669,8355,5828775,329,13,47707311,52,52426703
210114,11,6,2021,2,13,5,3,0,1,0,1,1,0,0,0,0,1,788698,5364,5819790,98,13,24924135,52,45184463
210113,11,7,2021,3,21,3,3,2,6,2,0,1,0,0,0,0,0,797565,6597,5815548,761,13,37557162,52,40907055
210112,11,12,2021,1,15,5,3,2,6,1,0,1,0,0,0,0,1,792345,481,5835048,24,13,31616463,52,58669147
210111,11,1,2021,2,19,4,3,6,4,2,0,1,1,0,0,0,1,797018,9363,5831531,13,13,38179564,52,55263241
210110,11,12,2021,2,15,2,3,5,3,0,0,1,0,0,0,0,2,795734,9294,5837043,604,13,36783077,52,60274579
210109,11,12,2021,3,10,7,2,2,6,0,0,1,0,0,0,1,0,795571,3371,5834537,849,13,36318633,52,58037326
210108,11,4,2021,2,14,4,3,5,3,0,1,0,0,0,0,0,0,790477,41,5825988,24,13,28074429,52,50646761
210107,11,8,2021,1,13,1,2,9,7,0,0,1,1,0,0,1,1,801009,1985,5822149,28,13,4319876,52,46634917
210106,11,4,2021,3,21,5,3,6,4,2,0,1,1,0,0,0,1,792873,9682,5824310,139,13,31447839,52,49014466
210105,11,11,2021,3,17,1,3,5,3,0,1,1,0,0,0,0,1,805545,892,5834234,687,13,50966221,52,57214734
210104,11,9,2021,3,10,2,2,5,3,0,1,1,0,0,0,0,0,802095,9045,5825008,851,13,45052654,52,49138231
210103,11,2,2021,2,14,6,3,6,4,0,1,0,1,0,0,0,0,803081,3368,5827445,99,13,46721438,52,51267984
210102,11,1,2021,1,14,7,3,9,7,0,0,1,0,0,0,0,0,796097,5784,5825570,205,13,3629383,52,49970112
210101,11,8,2021,1,14,3,3,5,2,0,1,1,0,0,0,0,1,802366,5237,5819912,36,13,44988181,52,44555219
210100,11,3,2021,1,14,3,3,1,5,0,1,1,0,0,0,0,1,799572,9647,5830088,323,13,41805169,52,53830235
210099,11,5,2021,2,9,5,3,2,6,0,0,1,0,0,0,0,1,783794,9286,5826305,689,13,1828244,52,5128332
210098,11,11,2021,3,15,3,2,5,2,0,1,1,0,0,0,0,0,805606,1936,5831603,563,13,50812633,52,54853271
210097,11,1,2021,1,14,3,3,0,1,0,1,0,0,0,0,0,0,797963,5368,5827080,911,13,39169744,52,51222713
210096,11,4,2021,2,9,3,3,5,2,0,0,1,0,0,0,0,2,792824,1357,5823228,314,13,31279614,52,48047312
210095,11,1,2021,2,20,5,3,5,3,2,1,1,0,0,0,0,0,797083,8086,5828186,314,13,37975939,52,52261569
210094,11,5,2021,1,13,2,2,3,6,0,1,1,0,0,0,0,0,785194,2052,5831098,867,13,207501,52,55507856
210093,11,4,2021,3,14,4,3,1,5,0,0,0,0,1,0,1,0,794423,124,5826078,216,13,33879181,52,50516113
210092,11,2,2021,2,17,6,3,5,3,2,0,1,0,0,0,0,1,798425,107,5824768,658,13,39640523,52,4912485
210091,11,9,2021,3,18,2,3,2,6,2,0,1,0,0,0,0,0,809738,8844,5821531,568,13,55951268,52,45593709
210090,11,8,2021,1,17,2,3,6,2,2,0,0,1,0,1,0,1,803181,3797,5822714,253,13,46437881,52,47021427
210089,11,1,2021,1,8,3,3,6,4,0,0,0,1,0,0,1,0,797299,4101,5829953,682,13,38450834,52,53834055
210088,11,7,2021,2,14,1,3,6,2,0,0,1,1,0,0,0,0,796569,812,5815882,313,13,361259,52,41260135
210087,11,2,2021,3,8,3,3,6,4,0,0,1,1,0,0,0,0,801549,9626,5825972,873,13,44338258,52,50032485
210086,11,7,2021,3,16,4,2,5,3,0,0,1,0,1,0,0,0,797376,902,5816911,517,13,37400369,52,42138946
210085,11,2,2021,2,11,7,3,5,7,0,0,1,0,0,0,0,0,798677,6971,5825127,111,13,40043723,52,49432337
210084,11,4,2021,2,11,7,3,5,3,0,0,1,0,0,0,0,0,791147,3629,5822596,272,13,28762364,52,47570342
210083,11,8,2021,1,12,4,3,5,3,0,0,1,0,0,0,0,1,801131,3369,5822850,952,13,43441362,52,47257343
210082,11,4,2021,3,17,5,3,2,2,1,0,1,0,0,0,1,0,791219,3575,5829148,864,13,29441235,52,53440873
210081,11,4,2021,2,15,3,3,5,2,0,0,1,0,0,0,0,1,793352,206,5829681,351,13,32623697,52,53803842
210080,11,2,2021,1,10,4,3,5,3,0,0,1,0,0,0,1,0,797389,3503,5826186,965,13,38246276,52,50452726
210079,11,8,2021,3,19,5,3,6,2,2,0,1,1,0,0,0,1,802025,3959,5824297,828,13,44884685,52,48504836
210078,11,6,2021,2,15,3,3,5,3,0,1,1,0,0,0,0,0,782210,8322,5815684,498,13,15056063,52,41841925
210077,11,12,2021,3,13,4,3,2,2,0,0,1,0,0,0,0,0,786976,6144,5838310,851,13,23996583,52,61880108
210076,11,5,2021,3,10,5,3,3,6,0,0,1,0,0,0,0,1,782112,3797,5827109,536,13,15877833,52,52091376
210075,11,2,2021,2,17,3,3,6,4,2,1,1,1,0,0,0,2,798306,533,5825416,517,13,39523845,52,49712077
210074,11,5,2021,3,19,3,3,5,2,2,0,1,0,0,0,1,0,783684,601,5830180,433,13,18450965,52,54763223
210073,11,4,2021,1,14,5,3,2,6,0,0,1,0,0,0,0,0,790851,7612,5824718,28,13,28513533,52,49488487
210072,11,4,2021,2,10,4,3,0,1,0,0,1,0,0,0,0,1,790525,5591,5827347,676,13,28263871,52,51863133
210071,11,6,2021,3,18,1,3,0,7,2,0,1,0,0,0,0,1,795349,5372,5816136,301,13,34360491,52,41553756
210070,11,2,2021,3,14,4,3,6,7,0,0,1,1,0,0,0,0,798696,6891,5825123,182,13,40071262,52,49427775
210069,11,6,2021,2,11,3,3,5,3,0,0,1,0,0,0,0,1,789508,5016,5819011,494,13,26045236,52,44443575
210068,11,3,2021,2,14,6,3,5,3,0,0,1,0,0,0,0,2,800540,7808,5836250,315,13,43786063,52,59300033
210067,11,10,2021,1,14,5,3,2,7,0,0,1,0,0,0,0,0,812183,3367,5830949,202,13,60419668,52,53893994
210066,11,5,2021,1,6,5,2,6,2,1,0,1,1,0,0,0,2,780870,7221,5828313,748,13,14154369,52,53235254
210065,11,4,2021,3,16,5,3,5,3,0,1,1,0,0,0,0,0,793347,5944,5824643,776,13,32172781,52,49288129
210064,11,10,2021,2,16,3,3,2,6,0,0,1,0,0,0,0,0,809958,1668,5831612,286,13,57211165,52,5461523
210063,11,9,2021,3,8,4,3,2,6,0,0,1,0,0,0,0,0,809196,4692,5818339,689,13,5486023,52,42763882
210062,11,1,2021,1,19,5,3,2,6,2,1,1,0,0,0,0,0,798720,594,5829545,364,13,40502561,52,5339037
210061,11,11,2021,3,6,5,3,0,1,1,1,0,0,0,0,0,1,804303,8727,5829080,558,13,48666906,52,52664918
210060,11,6,2021,2,7,5,3,2,6,0,0,1,0,0,0,0,1,793935,2864,5815476,701,13,32229121,52,41038573
210059,11,12,2021,3,16,3,3,6,7,0,1,0,1,0,0,0,0,792971,9152,5835711,554,13,32597123,52,5923007
210058,11,3,2021,1,16,5,3,3,6,1,1,0,0,0,1,0,1,800911,7407,5831246,375,13,43878047,52,54794457