OBJECTID,LAND,BEZ,UJAHR,UMONAT,USTUNDE,UWOCHENTAG,UKATEGORIE,UART,UTYP1,ULICHTVERH,IstRad,IstPKW,IstFuss,IstKrad,IstGkfz,IstSonstige,USTRZUSTAND,LINREFX,LINREFY,XGCSWGS84,YGCSWGS84,,,,
209836,11,7,2021,1,16,3,3,6,4,2,0,0,1,0,0,1,0,795240,4312,5824482,163,13,34938372,52,49041201
209835,11,11,2021,3,9,4,3,2,6,0,0,1,0,0,0,0,0,803834,4415,5828685,44,13,47940976,52,52336968
209834,11,8,2021,2,17,3,2,2,6,2,1,0,0,0,0,1,1,800761,506,5822757,347,13,42890084,52,47193816
209833,11,11,2021,2,13,6,3,5,3,0,0,1,0,0,0,0,0,807680,7844,5824546,55,13,53209958,52,48411567
209832,11,12,2021,1,6,5,2,4,6,2,0,1,0,0,1,0,1,790619,1055,5837357,64,13,29278098,52,60831468
209831,11,2,2021,1,6,5,2,5,3,2,1,0,0,0,0,1,2,800367,4148,5827193,34,13,42711531,52,51191648
209830,11,1,2021,3,20,4,3,5,2,2,0,1,0,0,0,0,0,797507,2937,5831024,317,13,38852324,52,547824
209829,11,5,2021,2,7,2,3,0,1,0,0,0,0,1,0,0,1,782015,3752,5830192,6,13,1599687,52,54860807
209828,11,2,2021,3,11,4,3,5,2,0,1,1,0,0,0,0,0,799222,3755,5825981,783,13,40920402,52,50168596
209827,11,7,2021,3,15,5,3,5,3,0,0,1,0,1,0,0,0,796693,1286,5820021,25,13,36674966,52,44963436
209826,11,12,2021,2,7,5,2,1,5,0,0,1,0,0,0,0,1,791140,4889,5838828,639,13,30175404,52,62122787
209825,11,1,2021,3,20,3,3,5,2,2,1,1,0,0,0,0,0,797250,1496,5827363,761,13,38146891,52,51515178
209824,11,3,2021,1,17,5,3,5,3,2,0,1,0,0,0,0,1,801068,9248,5831437,698,13,441265,52,54957257
209823,11,2,2021,2,8,4,3,5,3,0,1,1,0,0,0,0,1,801622,6327,5825918,286,13,44440045,52,49979542
209822,11,2,2021,2,5,5,3,0,6,0,1,0,0,0,0,1,0,803036,4957,5825809,281,13,46506593,52,49803515
209821,11,8,2021,3,11,6,3,0,2,0,0,1,0,0,0,1,0,802715,9069,5818129,956,13,45339263,52,42938299
209820,11,4,2021,2,14,4,2,5,3,0,0,1,0,1,0,0,0,792768,424,5827045,479,13,31533336,52,51472276
209819,11,3,2021,1,11,6,3,5,3,0,1,1,0,0,0,0,0,798673,4632,5832491,965,13,40699058,52,56034119
209818,11,11,2021,3,17,6,3,1,5,0,1,1,0,0,0,0,0,807176,7624,5824337,309,13,52450823,52,48252862
209817,11,8,2021,3,20,7,2,5,2,2,0,1,0,0,0,0,1,803188,623,5822721,162,13,46449139,52,47027217
209816,11,3,2021,3,13,2,3,5,3,0,0,1,0,0,0,0,0,802889,489,5833531,368,13,46994343,52,5673284
209815,11,12,2021,2,16,7,3,0,7,0,0,1,0,1,0,0,0,793558,2126,5832501,849,13,33175925,52,56321164
209814,11,9,2021,1,7,5,3,5,3,0,1,1,0,0,0,0,1,802352,1958,5824761,8,13,45406507,52,48901964
209813,11,11,2021,1,11,1,3,5,2,0,1,1,0,0,0,0,0,809245,205,5834482,632,13,56430568,52,57228028
209812,11,12,2021,1,12,3,3,5,3,0,0,1,0,1,0,0,1,791275,2142,5834931,873,13,30030949,52,58622238
209811,11,10,2021,2,10,7,3,6,7,0,0,1,1,0,0,0,0,810194,4194,5833731,28,13,57756423,52,56500477
209810,11,7,2021,3,21,1,3,5,2,2,0,1,0,0,0,0,1,799261,7874,5816265,807,13,40107379,52,41457355
209809,11,8,2021,1,17,3,3,0,3,2,0,1,0,1,0,0,1,803098,665,5822634,835,13,46309269,52,46954834
209808,11,12,2021,2,11,2,3,8,1,0,0,1,0,0,0,0,2,790188,7625,5835894,271,13,28516137,52,59543083
209807,11,8,2021,2,17,6,3,1,5,0,1,1,0,0,0,0,0,800353,7642,5824229,73,13,42424165,52,48535419
209806,11,10,2021,1,3,1,3,1,5,2,0,1,0,0,1,0,1,809783,9055,5827918,238,13,56610813,52,51314695
209805,11,9,2021,3,15,4,3,5,2,0,1,1,0,0,0,0,0,809638,3683,5821500,289,13,55800911,52,45571372
209804,11,8,2021,1,6,6,3,6,2,2,0,1,1,0,0,0,0,802030,332,5823470,808,13,44817013,52,47763295
209803,11,8,2021,1,8,3,3,5,3,0,0,1,0,0,0,1,1,801412,9292,5820221,245,13,43617234,52,44884732
209802,11,1,2021,1,18,3,3,1,5,2,1,1,0,0,0,0,1,795950,9984,5825626,761,13,36083553,52,50028761
209801,11,3,2021,2,9,2,3,5,3,0,1,1,0,0,0,0,0,796683,2119,5833998,241,13,37906475,52,57493122
209800,11,4,2021,3,17,2,3,1,5,0,1,1,0,0,0,0,1,792080,1076,5825523,956,13,30388381,52,50145166
209799,11,6,2021,3,9,4,3,5,2,0,1,0,0,0,1,0,0,793383,4496,5816240,135,13,31487066,52,41752579
209798,11,3,2021,2,8,2,3,2,7,0,0,1,0,0,0,0,1,798238,8635,5833057,416,13,4011068,52,56564785
209797,11,12,2021,3,10,2,3,2,6,0,1,0,0,0,0,1,0,795264,2936,5836954,449,13,36082215,52,60220239
209796,11,4,2021,1,16,4,3,5,2,1,1,1,0,0,0,0,1,792827,8783,5821866,143,13,31165516,52,46825958
209795,11,8,2021,2,13,2,3,0,4,0,1,0,1,0,0,0,2,802656,404,5819649,116,13,45389551,52,44303233
209794,11,12,2021,2,13,7,3,3,5,0,0,1,0,0,1,0,2,794539,3769,5833091,1,13,3467153,52,56796391
209793,11,7,2021,1,15,5,3,6,7,0,1,0,1,0,0,0,0,795861,706,5821238,199,13,35562965,52,46099603
209792,11,5,2021,3,16,6,3,0,3,0,1,0,0,1,0,0,0,787958,5016,5829368,943,13,24666181,52,53811452
209791,11,12,2021,2,14,3,3,2,4,0,0,1,1,0,0,0,0,793274,572,5832569,638,13,32763917,52,56397246
209790,11,8,2021,1,16,5,3,0,6,1,0,1,0,0,0,1,0,800983,3279,5822152,235,13,43161082,52,46639217
209789,11,8,2021,3,17,4,2,5,3,0,1,1,0,0,0,0,0,800501,8017,5824565,35,13,4267181,52,4882841
209788,11,1,2021,3,22,5,2,1,5,2,0,1,0,0,0,0,1,797470,2648,5831863,767,13,38873085,52,55536883
209787,11,1,2021,3,15,7,3,5,3,0,1,1,0,0,0,0,0,794697,636,5826029,899,13,34278179,52,50457979
209786,11,4,2021,2,18,1,3,5,2,2,0,1,0,0,0,0,0,793352,5708,5829680,314,13,32624142,52,53802894
209785,11,12,2021,3,15,3,2,4,3,0,0,1,0,0,0,0,1,795466,66,5836393,137,13,3633006,52,59706089
209784,11,4,2021,3,14,5,3,2,6,0,0,1,0,0,0,1,1,788212,8887,5827804,684,13,24904592,52,52395582
209783,11,3,2021,2,12,1,3,5,3,0,0,1,0,0,0,0,0,802407,9844,5832561,754,13,4619773,52,55890561
209782,11,1,2021,2,5,1,3,5,3,1,0,0,0,0,0,1,0,799498,19,5828344,449,13,41537892,52,52271245
209781,11,3,2021,1,10,3,3,5,3,0,1,1,0,0,0,0,1,802447,6618,5832659,497,13,46264987,52,55975963
209780,11,3,2021,3,7,5,3,0,3,0,1,1,0,0,0,0,0,799708,7858,5832505,765,13,42223007,52,55989603
209779,11,8,2021,2,15,3,3,2,6,0,0,1,0,0,0,1,0,804160,448,5817808,675,13,47427567,52,42570246
209778,11,8,2021,2,19,6,3,2,6,2,0,1,0,0,0,0,1,801548,5587,5820595,586,13,43849998,52,45212785
209777,11,4,2021,1,17,5,3,5,3,2,1,1,0,0,0,0,0,790897,3419,5826980,872,13,28778178,52,51514474
209776,11,4,2021,3,12,6,3,2,6,0,0,1,0,0,0,0,0,793777,9205,5824924,944,13,32829587,52,49517039
209775,11,8,2021,2,11,3,3,6,7,0,0,0,1,0,0,1,0,800433,7106,5816333,48,13,41831382,52,41453819
209774,11,11,2021,3,17,3,3,3,6,0,0,1,0,0,0,0,0,806636,2651,5827235,96,13,51924126,52,50880305
209773,11,2,2021,3,12,5,3,2,7,0,0,1,0,0,0,0,1,798902,1072,5825239,753,13,40383393,52,49521021
209772,11,2,2021,2,12,4,3,5,2,0,0,1,0,0,0,0,1,802289,696,5826856,145,13,45504881,52,50783235
209771,11,5,2021,3,13,3,3,0,6,0,0,0,0,0,0,1,0,784757,4011,5828665,334,13,19898931,52,53348818
209770,11,2,2021,1,15,6,3,5,2,2,1,1,0,0,0,0,1,800314,1951,5827616,993,13,42671579,52,51574313
209769,11,7,2021,2,17,4,2,6,2,2,0,1,1,0,0,0,1,798696,5244,5816020,967,13,39256885,52,41268757
209768,11,4,2021,3,11,7,3,5,3,0,1,1,0,0,0,0,0,792720,6783,5826271,546,13,31395105,52,50781032
209767,11,1,2021,2,10,5,3,6,4,0,0,1,1,0,0,0,0,796526,5736,5830338,701,13,37349047,52,5422129
209766,11,10,2021,1,10,6,3,5,7,0,0,1,0,0,0,1,1,809565,237,5829276,697,13,56416022,52,52544511
209765,11,3,2021,3,10,5,3,5,3,0,0,1,0,0,0,0,0,800769,4836,5831326,247,13,4367612,52,54873903
209764,11,5,2021,3,17,2,3,2,6,0,0,1,0,0,0,0,1,787488,3679,5829885,761,13,2401964,52,54299627
209763,11,1,2021,2,15,6,3,2,2,0,0,1,0,0,0,0,1,795415,4341,5825816,393,13,35313699,52,5022777
209762,11,7,2021,1,3,1,3,9,1,2,0,1,0,0,0,0,0,795847,3407,5825426,849,13,35913536,52,49855177
209761,11,7,2021,1,13,2,3,5,2,0,1,1,0,0,0,0,1,799028,2926,5818839,103,13,39995141,52,43776765
209760,11,5,2021,2,15,6,3,5,2,0,1,1,0,0,0,0,0,783239,137,5830270,913,13,17803316,52,54867537
209759,11,5,2021,3,6,1,3,6,2,0,0,1,1,0,0,0,0,783363,9879,5826756,427,13,17687503,52,51709869
209758,11,9,2021,1,13,3,3,0,7,0,0,0,0,0,1,0,0,805733,9173,5821774,457,13,50097879,52,46036888
209757,11,7,2021,2,19,4,3,6,2,2,0,1,1,0,0,0,2,799248,8383,5816259,603,13,40087841,52,41452501
209756,11,5,2021,2,10,5,3,6,7,0,0,0,1,0,0,1,0,784710,2128,5830104,941,13,19952919,52,54642032
209755,11,4,2021,1,11,3,3,0,4,0,0,1,1,0,0,0,0,792147,3173,5826470,281,13,30570157,52,50989929
209754,11,3,2021,3,6,4,3,0,3,0,0,1,0,0,0,0,0,800106,2409,5831699,23,13,42734616,52,5524461
209753,11,6,2021,1,12,7,3,2,6,0,0,1,0,0,0,0,2,788736,1522,5820202,292,13,25014975,52,45552029
209752,11,8,2021,1,16,3,3,0,2,1,1,1,0,0,0,0,1,801456,9391,5823237,761,13,43954236,52,47586089
209751,11,8,2021,1,7,4,3,6,2,2,0,0,1,0,0,1,1,800300,305,5816744,15,13,41672659,52,41829126
209750,11,7,2021,2,7,2,3,6,4,0,0,1,1,0,0,0,0,797207,3519,5823662,118,13,37753693,52,48199386
209749,11,1,2021,3,6,3,3,2,6,0,0,1,0,0,0,0,0,795313,3411,5826122,174,13,35190851,52,50507406
209748,11,1,2021,3,15,4,3,1,5,0,1,1,0,0,0,0,0,795219,2462,5825877,864,13,35030959,52,50293492
209747,11,4,2021,2,9,7,3,5,3,0,0,1,0,0,0,1,1,793702,7567,5824889,362,13,32716053,52,49489186
209746,11,6,2021,2,2,7,2,9,1,2,0,1,0,0,0,0,0,795419,7009,5820401,443,13,3484025,52,45373419
209745,11,12,2021,1,16,5,3,2,6,2,0,1,0,1,0,0,1,793458,242,5832438,935,13,33022982,52,56270166
209744,11,2,2021,2,11,3,3,1,5,0,1,1,0,0,0,0,1,797846,156,5825728,998,13,38876132,52,50017305
209743,11,3,2021,1,13,4,3,0,2,0,1,1,0,0,0,0,1,802028,398,5829641,142,13,45373919,52,53293902
209742,11,9,2021,3,8,5,2,5,3,0,0,1,0,0,0,0,0,808183,3962,5815760,537,13,53137477,52,40509555
209741,11,4,2021,3,16,7,2,0,7,0,1,0,0,0,0,0,0,792749,817,5826948,245,13,31497439,52,51386107
209740,11,11,2021,2,9,5,3,5,2,0,1,1,0,0,0,0,0,804651,6174,5831122,254,13,49365064,52,54475366
209739,11,8,2021,1,19,6,3,2,2,2,1,1,0,0,0,0,0,806252,6903,5816381,531,13,50365008,52,41174444
209738,11,1,2021,3,8,4,3,5,2,0,1,1,0,0,0,0,0,799520,4515,5827576,339,13,41501698,52,51581521
209737,11,3,2021,3,15,5,3,2,6,0,0,1,0,0,0,1,1,804820,219,5841401,754,13,50558781,52,63678737
209736,11,1,2021,3,10,2,3,5,2,0,1,1,0,0,0,0,0,798236,8778,5829639,627,13,39800787,52,53501324
209735,11,12,2021,2,15,3,3,2,6,0,0,1,0,0,0,0,1,790713,6828,5834288,247,13,29147988,52,58075276
209734,11,2,2021,1,1,1,3,5,2,2,1,1,0,0,0,0,0,800439,8276,5825768,848,13,42689368,52,49910842
209733,11,9,2021,3,10,3,2,6,4,0,0,1,1,0,0,0,0,807795,7625,5815891,717,13,52581508,52,40648924
209732,11,6,2021,1,11,2,3,5,3,0,0,1,0,1,0,0,1,789089,7571,5817206,494,13,25274746,52,42847458
209731,11,2,2021,2,8,4,3,0,1,0,0,0,0,1,0,0,1,800999,7732,5825898,57,13,43523426,52,499958
209730,11,3,2021,3,9,6,3,5,3,0,1,1,0,0,0,0,0,799648,6775,5837836,127,13,42616567,52,60770652
209729,11,8,2021,2,12,4,3,2,6,0,0,1,0,0,0,1,1,800356,3648,5824307,212,13,42435025,52,48605316
209728,11,5,2021,2,8,6,3,5,3,0,0,1,0,0,0,0,1,780098,9814,5828715,71,13,13053505,52,53635399
209727,11,12,2021,1,9,2,3,6,4,0,0,1,1,0,0,0,1,789703,626,5833671,205,13,27607553,52,5757597
209726,11,10,2021,3,9,5,3,5,3,0,0,1,0,0,0,0,0,813897,9818,5825571,279,13,62432285,52,48976432
209725,11,3,2021,3,14,6,3,0,3,0,0,1,0,0,0,1,0,800488,5264,5831485,796,13,43277456,52,55032415
209724,11,7,2021,3,11,2,3,3,6,0,0,1,0,0,0,0,0,797282,2648,5821117,838,13,37636961,52,45914619
209723,11,4,2021,1,17,2,2,5,3,2,1,1,0,0,0,0,1,793976,301,5824703,998,13,33101064,52,49308304
209722,11,6,2021,1,14,4,2,6,4,0,1,0,1,0,0,0,0,785395,48,5817640,677,13,19892533,52,43430747
209721,11,4,2021,2,16,2,3,5,2,0,0,1,0,0,0,0,0,788991,2547,5826717,527,13,25954228,52,51379712
209720,11,12,2021,2,6,3,3,2,6,1,0,1,0,0,0,1,1,795253,488,5836361,584,13,3601279,52,59689406
209719,11,7,2021,3,16,3,3,2,6,1,1,0,0,0,0,0,0,798754,3266,5823945,35,13,40050318,52,48368851
209718,11,12,2021,1,13,5,3,5,3,0,0,1,0,0,0,0,1,792855,1598,5833651,921,13,32243252,52,57390007
209717,11,8,2021,2,15,4,3,1,5,0,0,1,0,0,0,0,1,801842,7619,5822693,185,13,44471301,52,47076669
209716,11,5,2021,3,7,6,3,5,2,0,1,1,0,0,0,0,0,783439,13,5828262,684,13,17926155,52,53056516
209715,11,8,2021,2,7,4,3,5,2,0,1,1,0,0,0,0,0,801751,1856,5822053,599,13,44279053,52,46508455
209714,11,2,2021,1,9,3,3,0,6,0,0,0,0,1,0,1,1,798894,7555,5825094,57,13,40359571,52,49391287
209713,11,9,2021,3,13,6,3,5,3,0,1,0,0,0,1,0,1,810882,4842,5820325,394,13,57516629,52,44447864
209712,11,3,2021,3,9,7,3,5,2,0,0,1,0,0,0,0,1,802070,1123,5832773,356,13,45720106,52,56098969
209711,11,9,2021,3,8,2,2,5,2,0,0,1,0,1,0,0,0,804817,8778,5822548,507,13,48824491,52,46781812
209710,11,12,2021,1,7,5,3,1,5,2,0,0,0,0,0,1,1,788619,3377,5833032,771,13,25956374,52,57061214
209709,11,4,2021,1,11,1,3,3,6,0,1,1,0,0,0,0,1,790897,8661,5822651,638,13,28400885,52,47633273
209708,11,10,2021,2,9,2,3,2,6,0,0,1,0,0,0,0,0,809657,6285,5827937,746,13,56427142,52,51339347
209707,11,12,2021,3,11,2,3,2,6,0,0,1,0,0,0,0,0,790148,1253,5842633,22,13,29047784,52,6558642
209706,11,9,2021,1,8,4,3,5,3,0,1,1,0,0,0,0,1,806472,1972,5820681,444,13,51080798,52,45015936
209705,11,6,2021,2,12,3,3,3,6,0,0,1,0,0,0,0,2,793165,357,5817673,243,13,31292421,52,4304904
209704,11,6,2021,2,17,5,3,5,2,1,1,1,0,0,0,0,0,785009,884,5817562,17,13,1932081,52,43380439
209703,11,5,2021,1,16,3,2,9,1,2,0,1,0,0,0,0,1,779668,8534,5821369,593,13,11803918,52,47070286
209702,11,6,2021,3,7,4,3,4,2,0,1,1,0,0,0,0,0,794411,928,5821494,615,13,33457892,52,46407769
209701,11,2,2021,1,9,7,3,2,3,0,1,1,0,0,0,0,2,800118,181,5825729,461,13,42213177,52,49893244
209700,11,8,2021,1,17,3,3,6,2,2,0,1,1,0,0,0,1,802699,584,5820776,2,13,45555013,52,45311058
209699,11,3,2021,1,9,3,3,5,3,0,0,1,0,0,0,0,1,800331,4341,5830180,678,13,42928466,52,53871269
209698,11,6,2021,2,17,3,3,0,1,2,1,0,0,0,0,0,0,794952,6539,5819243,755,13,34052705,52,44360837
209697,11,4,2021,3,6,2,2,6,7,1,1,0,1,0,0,0,0,793339,4519,5823207,254,13,32034392,52,48000776
209696,11,11,2021,3,16,4,3,5,2,0,1,1,0,0,0,0,0,807248,7778,5824232,342,13,52546864,52,48154738
209695,11,7,2021,2,10,7,3,3,6,0,0,1,0,0,0,0,0,796633,5302,5815845,459,13,36217114,52,41223606
209694,11,9,2021,2,7,1,3,8,1,1,0,1,0,0,0,0,0,808883,396,5818088,567,13,5437805,52,42556508
209693,11,8,2021,1,18,7,3,5,3,2,0,1,0,0,0,0,0,802385,4775,5817888,113,13,44832878,52,42739803
209692,11,8,2021,2,15,2,3,5,3,0,1,1,0,0,0,0,0,805314,382,5817774,2,13,49116811,52,42474883
209691,11,11,2021,3,11,6,3,5,2,0,1,0,0,0,0,1,0,805207,941,5828190,626,13,49912503,52,51816836
209690,11,6,2021,2,11,5,3,2,6,0,0,1,0,0,0,0,0,792349,9172,5818511,391,13,30170221,52,43844056
209689,11,2,2021,1,14,7,3,0,1,0,0,0,0,1,0,0,1,802858,6437,5827210,87,13,4637282,52,51068916
209688,11,9,2021,3,13,5,3,2,6,0,0,1,0,0,0,0,0,809062,306,5818757,131,13,54702114,52,43145573
209687,11,4,2021,3,10,5,3,0,4,0,0,1,1,0,0,0,1,790849,909,5827169,264,13,28724944,52,51685897
209686,11,9,2021,3,9,7,2,5,2,0,0,1,0,0,1,0,0,804392,6132,5821739,478,13,48126611,52,4608041
209685,11,8,2021,2,14,6,3,5,2,0,0,1,0,0,0,0,0,802291,7958,5817835,76,13,44690784,52,42698055
209684,11,1,2021,1,12,6,3,5,2,0,0,1,0,0,0,0,1,797500,623,5827750,773,13,3854952,52,51848432
209683,11,6,2021,3,15,3,2,6,4,0,0,1,1,0,0,0,0,792743,6381,5817441,547,13,30654098,52,42863893
209682,11,10,2021,1,17,2,3,5,3,2,1,1,0,0,0,0,1,809226,2155,5827221,914,13,55726936,52,50722313
209681,11,7,2021,2,7,4,2,5,2,1,0,1,0,0,0,0,1,797604,6432,5815567,462,13,37615966,52,409217
209680,11,11,2021,3,12,3,3,5,2,0,1,1,0,0,0,0,0,802392,3577,5829034,957,13,45853716,52,52730404
209679,11,2,2021,2,17,2,3,2,6,2,0,1,0,0,0,0,2,797775,848,5826012,362,13,38798408,52,50275136
209678,11,12,2021,2,17,5,3,5,3,1,0,1,0,0,0,0,1,794545,57,5833236,328,13,34693538,52,56926242
209677,11,6,2021,2,15,6,3,5,3,0,0,1,0,0,0,0,0,790383,9,5820847,656,13,27489258,52,46043319
209676,11,7,2021,1,6,3,2,6,2,2,0,1,1,0,0,0,0,797847,8894,5821927,196,13,38539211,52,46609323
209675,11,7,2021,3,16,5,3,5,7,0,0,1,0,1,0,0,1,798824,3206,5821798,431,13,39960743,52,46440586
209674,11,9,2021,1,12,1,3,5,2,0,0,1,0,0,0,0,1,804104,5389,5823593,452,13,47872895,52,47758122
209673,11,12,2021,3,21,7,3,5,2,2,0,1,0,0,0,0,1,793790,7666,5836751,974,13,33894766,52,60118559
209672,11,12,2021,1,17,2,2,6,2,2,0,1,1,0,0,0,1,790036,214,5835390,623,13,28247168,52,59099715
209671,11,5,2021,1,14,4,3,2,6,0,0,1,0,0,0,0,1,785207,8382,5831853,419,13,20834999,52,56183662
209670,11,3,2021,2,14,1,3,5,2,0,1,0,0,0,0,0,0,798645,9137,5830288,552,13,40460365,52,54060595
209669,11,1,2021,3,17,3,3,6,2,0,0,1,1,0,0,0,0,798303,9994,5829372,735,13,39875499,52,53258418
209668,11,3,2021,3,7,4,3,5,3,0,1,1,0,0,0,0,0,800866,6484,5832076,302,13,43886951,52,55540821
209667,11,9,2021,1,10,4,3,5,2,0,0,1,0,0,0,0,1,804297,855,5824068,557,13,48198885,52,48173221
209666,11,9,2021,2,14,2,3,2,6,0,0,1,0,0,0,0,2,808473,8715,5821701,616,13,54111179,52,45817644
209665,11,6,2021,2,23,7,3,2,2,2,0,1,0,0,0,0,0,792940,94,5817755,784,13,30969744,52,43135086
209664,11,2,2021,1,15,4,2,6,4,1,0,1,1,0,0,0,1,797539,3701,5825014,453,13,383619,52,49393524
209663,11,12,2021,3,13,4,2,5,3,0,1,0,0,0,0,1,0,791974,7911,5831656,45,13,30772205,52,55648073
209662,11,3,2021,2,9,2,2,5,3,0,0,1,0,0,0,0,0,800112,9462,5831694,416,13,4274406,52,55240111
209661,11,4,2021,1,22,4,2,9,1,2,0,1,0,0,0,0,0,792754,4645,5827051,649,13,31513366,52,51478557
209660,11,4,2021,1,17,5,3,0,1,2,0,0,0,1,0,0,1,790836,202,5827225,407,13,28709709,52,5173696
209659,11,4,2021,3,11,5,3,2,6,0,0,1,0,0,0,0,0,789612,13,5826505,747,13,26847998,52,5115692
209658,11,10,2021,2,13,3,3,0,6,0,0,0,0,0,0,1,0,809512,7105,5831408,859,13,56537398,52,54458252
209657,11,3,2021,3,5,4,3,5,3,2,1,1,0,0,0,0,0,802303,6383,5832631,631,13,46050641,52,55958984
209656,11,7,2021,3,15,5,3,6,4,0,0,1,1,0,0,0,1,797828,952,5822204,418,13,38536161,52,46858854
209655,11,11,2021,2,17,2,3,5,2,2,0,1,0,1,0,0,0,804255,106,5827662,994,13,48465588,52,51397133
209654,11,5,2021,3,15,3,3,6,4,0,0,1,1,0,0,0,0,785174,4265,5833859,713,13,20958367,52,57984219
209653,11,11,2021,1,16,6,3,1,5,2,1,1,0,0,0,0,1,802819,1604,5829686,554,13,46540278,52,5329073
209652,11,5,2021,3,8,3,3,5,2,0,0,1,0,0,0,0,0,789196,2757,5829300,288,13,26480126,52,53684355
209651,11,10,2021,1,19,4,3,5,3,2,1,1,0,0,0,0,1,811149,515,5830928,109,13,58897617,52,53934242
209650,11,8,2021,2,19,2,3,0,1,2,0,1,0,0,0,0,2,800964,2642,5824742,893,13,43366915,52,48962354
209649,11,11,2021,3,14,2,3,2,6,0,0,1,0,0,0,0,0,805182,6741,5829579,173,13,50004045,52,53062678
209648,11,7,2021,1,19,4,3,5,2,2,1,1,0,0,0,0,1,795953,7127,5824319,655,13,35971421,52,48856903
209647,11,7,2021,3,7,4,3,5,3,0,1,1,0,0,0,0,0,798917,3931,5813343,962,13,39341777,52,38857064
209646,11,5,2021,1,19,1,3,2,6,2,0,1,0,0,0,0,1,782927,5584,5828585,116,13,17201644,52,53372191
209645,11,8,2021,1,21,4,3,0,6,2,0,1,0,0,0,0,0,800851,2172,5820567,692,13,428244,52,45226206
209644,11,7,2021,1,16,4,3,5,2,2,1,1,0,0,0,0,1,797341,8514,5821933,394,13,37797057,52,46642441
209643,11,1,2021,2,9,3,3,3,6,0,0,1,0,0,0,0,0,796664,5716,5831988,17,13,37699284,52,55692206
209642,11,5,2021,3,10,3,3,5,3,0,0,1,0,0,0,1,0,782559,8737,5828523,727,13,16655801,52,53336222
209641,11,10,2021,3,16,4,2,5,2,0,1,1,0,0,0,0,0,809479,5898,5831403,82,13,56488174,52,54454956
209640,11,4,2021,2,9,4,3,2,6,0,0,1,0,0,0,1,1,793708,2487,5825478,614,13,32776079,52,50017128
209639,11,1,2021,3,8,3,3,5,3,0,0,1,0,0,0,0,0,797155,626,5831080,556,13,38340263,52,54852005
209638,11,1,2021,1,12,6,3,5,3,0,1,1,0,0,0,0,1,795044,7149,5830699,563,13,35202367,52,54625218
209637,11,8,2021,2,23,4,3,5,2,2,1,1,0,0,0,0,1,802576,7974,5823079,417,13,45583674,52,47382243
209636,11,7,2021,2,19,5,3,0,3,2,0,1,0,0,0,1,1,799792,5679,5813977,225,13,40680608,52,39376889
209635,11,11,2021,3,7,6,3,1,5,0,1,1,0,0,0,0,0,803731,268,5826831,31,13,4762013,52,50680913
209634,11,1,2021,2,5,1,3,9,1,2,0,0,0,0,0,1,0,796060,402,5831959,174,13,36807606,52,5569925
209633,11,9,2021,2,17,4,3,0,1,1,1,0,0,0,0,0,0,815363,8902,5814447,422,13,63534654,52,38924104
209632,11,12,2021,1,16,7,3,5,2,2,0,1,0,0,0,0,1,794839,3814,5833053,4,13,35109497,52,56746034
209631,11,3,2021,3,8,3,3,6,4,0,0,1,1,0,0,0,0,800786,5185,5833538,155,13,43901626,52,56855523
209630,11,4,2021,3,7,6,3,2,6,0,0,1,0,1,0,0,1,794223,4799,5825389,686,13,33525052,52,49909654
209629,11,10,2021,3,11,7,3,6,7,0,0,0,1,0,0,1,0,812132,797,5830835,633,13,60334725,52,53795119
209628,11,10,2021,2,15,6,3,6,4,0,0,1,1,0,0,0,0,813194,7213,5831259,275,13,61935262,52,54113819
209627,11,5,2021,1,8,6,3,5,3,1,1,1,0,0,0,0,1,781899,854,5831952,879,13,1597533,52,56445165
209626,11,4,2021,1,14,2,2,2,6,0,0,1,0,0,0,0,1,791630,5,5827942,567,13,29939123,52,52337492
209625,11,6,2021,1,14,3,2,4,6,0,0,1,0,0,0,1,0,790579,5424,5816027,365,13,27357321,52,41711411
209624,11,2,2021,2,11,7,3,0,3,0,0,1,0,1,0,0,0,802711,9738,5826981,332,13,46136556,52,50872026
209623,11,4,2021,3,16,3,3,6,7,0,0,1,1,0,0,0,0,793644,1414,5825481,239,13,32682142,52,50022931
209622,11,9,2021,1,14,3,3,5,2,0,0,1,0,0,0,0,0,806173,391,5818733,593,13,50463509,52,43286941
209621,11,8,2021,2,16,3,3,2,2,1,0,1,0,0,0,0,2,803582,34,5818144,418,13,46610578,52,4290327
209620,11,6,2021,2,12,5,3,5,2,0,0,1,0,1,0,0,0,794414,4436,5821504,932,13,33462495,52,46416882
209619,11,4,2021,1,11,2,3,5,2,0,1,0,0,0,0,1,1,793913,8103,5825506,457,13,3308049,52,5003102
209618,11,11,2021,3,7,4,3,6,2,0,0,1,1,0,0,0,0,804972,4448,5833019,739,13,50011,52,56158016
209617,11,6,2021,1,10,6,3,7,7,0,1,0,0,0,0,0,0,789131,7671,5815311,466,13,25172606,52,41146243
209616,11,3,2021,3,15,2,3,6,4,0,0,1,1,0,0,0,1,801792,5409,5838286,6,13,45813952,52,61055324
209615,11,6,2021,1,17,3,3,5,2,2,0,1,0,0,0,0,1,794309,473,5820843,171,13,33249454,52,45829322