OBJECTID,LAND,BEZ,UJAHR,UMONAT,USTUNDE,UWOCHENTAG,UKATEGORIE,UART,UTYP1,ULICHTVERH,IstRad,IstPKW,IstFuss,IstKrad,IstGkfz,IstSonstige,USTRZUSTAND,LINREFX,LINREFY,XGCSWGS84,YGCSWGS84,,,,
209614,11,1,2021,1,18,3,3,5,3,2,0,1,0,0,0,0,1,796635,8383,5826669,199,13,37182353,52,5092602
209613,11,8,2021,2,14,2,3,5,3,0,1,1,0,0,0,0,0,799983,875,5816612,685,13,41195835,52,41728803
209612,11,5,2021,3,15,3,3,2,6,0,1,0,0,0,0,1,0,785399,9131,5830327,434,13,2098638,52,54805426
209611,11,6,2021,3,13,5,3,2,2,0,0,1,0,0,0,0,0,795355,6729,5818450,59,13,34573842,52,43628057
209610,11,12,2021,2,20,5,3,6,4,2,0,0,1,0,0,1,2,790897,309,5834325,629,13,29421508,52,58098974
209609,11,7,2021,2,14,6,3,1,5,0,1,1,0,0,0,0,0,794973,8209,5825107,48,13,34602164,52,49615782
209608,11,4,2021,1,19,3,2,6,4,2,0,1,1,0,0,0,1,792990,832,5822304,401,13,31443203,52,47210109
209607,11,4,2021,3,13,5,3,0,2,0,1,1,0,0,0,0,0,792028,8895,5824087,505,13,30187217,52,48860152
209606,11,1,2021,2,14,2,3,2,6,0,0,1,0,0,0,0,0,793860,6703,5830041,275,13,33403063,52,54099098
209605,11,1,2021,2,11,7,3,0,7,0,0,1,0,0,0,1,1,794727,7519,5831802,833,13,34834231,52,55631369
209604,11,2,2021,1,10,5,3,0,1,0,1,0,0,0,0,0,0,799322,2726,5825724,159,13,41043977,52,49932195
209603,11,8,2021,1,15,4,3,5,2,0,0,1,0,1,0,0,1,800619,7233,5823777,607,13,42773944,52,48116118
209602,11,1,2021,3,14,5,3,5,7,0,0,1,0,0,0,1,0,797715,3242,5831855,19,13,39232694,52,55515652
209601,11,4,2021,2,17,3,3,3,6,0,0,1,0,1,0,0,0,793947,3313,5823099,44,13,32917372,52,47871084
209600,11,6,2021,3,15,3,2,5,2,0,0,1,0,1,0,0,0,795521,518,5818642,475,13,34834061,52,43791112
209599,11,7,2021,3,14,6,3,1,7,0,1,1,0,0,0,0,0,795703,615,5815372,17,13,34811285,52,40849669
209598,11,1,2021,2,17,3,3,3,6,2,0,1,0,0,0,0,1,798050,2594,5830034,201,13,39561856,52,53865216
209597,11,4,2021,3,12,3,3,5,2,0,0,1,0,0,0,0,0,793965,6766,5824958,647,13,33108328,52,49537143
209596,11,1,2021,1,10,7,3,6,4,0,0,0,1,0,0,1,1,797320,459,5829006,478,13,38396439,52,52983874
209595,11,8,2021,2,13,5,2,1,7,0,0,1,1,0,0,0,1,805596,5032,5817384,82,13,49494808,52,42109664
209594,11,7,2021,3,11,6,3,5,2,0,0,1,0,0,0,1,0,797200,8724,5817146,337,13,37164322,52,4235896
209593,11,1,2021,2,19,4,3,9,1,2,0,1,0,0,0,0,0,796755,6826,5829662,651,13,37625512,52,53602814
209592,11,8,2021,1,13,6,3,0,7,0,0,1,0,1,0,0,0,800345,983,5824271,188,13,42416536,52,48573597
209591,11,8,2021,3,17,5,3,5,2,2,0,1,0,0,0,1,1,806755,211,5815623,779,13,51031819,52,40467189
209590,11,4,2021,1,3,5,3,1,1,2,0,1,0,0,0,1,1,793200,4777,5827266,757,13,32187704,52,51647433
209589,11,6,2021,3,15,2,3,2,2,0,0,1,0,0,0,0,0,793514,8298,5820648,503,13,32066795,52,45697521
209588,11,1,2021,2,9,6,3,5,3,0,1,1,0,0,0,0,1,796646,7684,5829048,65,13,37410554,52,53057832
209587,11,1,2021,2,19,7,3,2,6,2,0,1,0,0,0,0,0,797364,458,5828955,485,13,38456549,52,52935764
209586,11,11,2021,1,14,7,3,2,6,0,0,1,0,0,0,1,0,805287,671,5832070,127,13,50386352,52,55289314
209585,11,7,2021,1,7,2,3,5,2,1,0,1,0,1,0,0,2,795809,584,5816028,171,13,35025395,52,41431981
209584,11,2,2021,1,14,3,3,5,3,0,1,1,0,0,0,0,0,801250,9189,5827845,47,13,44068485,52,51727064
209583,11,8,2021,2,16,6,3,5,2,0,0,1,0,0,0,1,0,802220,1894,5822714,593,13,45027192,52,4707499
209582,11,9,2021,3,15,2,3,6,7,0,0,1,1,0,0,0,0,815321,4262,5814196,677,13,63448877,52,38701856
209581,11,6,2021,1,15,3,2,6,7,0,0,1,1,0,0,0,0,793671,634,5820871,42,13,3231648,52,45888596
209580,11,1,2021,2,9,5,3,5,2,0,1,1,0,0,0,0,1,797120,6405,5831804,709,13,38353622,52,55503029
209579,11,6,2021,3,10,7,2,0,7,0,1,1,0,0,0,0,0,791813,4028,5821400,172,13,29635601,52,46462501
209578,11,4,2021,2,13,4,3,2,6,0,0,1,0,0,0,1,0,789842,8267,5827383,917,13,27263657,52,51931954
209577,11,6,2021,1,18,1,3,1,1,2,0,1,0,0,0,0,1,794108,3437,5821534,73,13,33015852,52,4646008
209576,11,2,2021,3,15,6,3,5,3,0,1,1,0,0,0,0,1,801240,6865,5827686,87,13,4403913,52,51585852
209575,11,2,2021,3,15,6,3,0,7,0,0,0,0,0,0,1,0,801517,991,5825996,727,13,44293461,52,50055632
209574,11,2,2021,3,18,7,3,1,5,2,1,1,0,0,0,0,0,799870,337,5825993,396,13,41873172,52,50143436
209573,11,9,2021,2,8,7,3,0,1,0,1,0,0,0,0,0,0,811255,8046,5820225,535,13,58054827,52,44337138
209572,11,8,2021,1,7,5,2,6,4,2,0,0,1,0,1,0,1,803262,118,5822044,124,13,46495474,52,46416314
209571,11,2,2021,1,19,7,3,5,3,2,0,1,0,0,0,1,0,798213,41,5826240,701,13,39460988,52,50455939
209570,11,3,2021,1,9,4,2,0,3,0,0,1,0,0,0,1,1,799198,482,5831108,937,13,41346593,52,5476563
209569,11,8,2021,2,14,7,3,5,2,0,0,1,0,0,0,0,0,802470,5212,5820710,898,13,45213038,52,45265206
209568,11,4,2021,3,15,3,3,1,5,0,1,1,0,0,0,0,0,791930,5161,5826202,11,13,30228083,52,50761036
209567,11,3,2021,1,10,3,3,4,1,0,0,1,0,0,0,0,2,799699,8611,5836405,151,13,42562384,52,59485217
209566,11,10,2021,2,18,5,3,6,4,2,0,1,1,0,0,0,1,812377,3075,5830961,136,13,60705861,52,53893574
209565,11,3,2021,2,11,5,3,5,3,0,1,1,0,0,0,0,0,802090,4336,5830587,185,13,45551096,52,54138397
209564,11,8,2021,1,16,2,3,3,6,1,0,1,0,0,0,0,0,805264,2933,5817240,811,13,48994727,52,41999794
209563,11,2,2021,3,13,4,3,5,7,0,1,1,0,0,0,0,0,800536,949,5826318,97,13,42880402,52,50398633
209562,11,9,2021,1,6,6,3,2,6,2,0,1,0,0,0,0,0,810040,1595,5819480,63,13,56202911,52,43738629
209561,11,2,2021,1,17,2,3,5,3,2,0,1,0,0,0,1,1,801895,5673,5826858,361,13,44926132,52,50807045
209560,11,12,2021,1,12,4,3,2,6,0,0,1,0,0,0,0,0,795393,2439,5832477,963,13,35873088,52,56200506
209559,11,7,2021,2,13,1,3,5,3,0,0,1,0,0,0,1,0,797382,993,5820513,187,13,3772961,52,45367178
209558,11,10,2021,3,11,3,3,2,6,0,0,1,0,1,0,0,0,806364,2599,5830200,304,13,51797712,52,5355307
209557,11,4,2021,3,15,4,3,5,3,0,0,1,0,0,0,0,0,792749,574,5824123,448,13,31247992,52,48853803
209556,11,10,2021,2,8,6,3,6,6,0,0,1,1,0,0,0,2,808273,9092,5828852,871,13,54479356,52,52237848
209555,11,1,2021,2,17,7,3,6,4,1,0,1,1,0,0,0,0,797665,777,5832141,843,13,3918555,52,55775459
209554,11,7,2021,1,18,4,3,5,2,2,0,1,0,0,0,0,1,798898,8125,5821215,157,13,40017836,52,45913681
209553,11,5,2021,2,17,3,3,2,6,2,0,1,0,0,0,0,1,784229,702,5828947,789,13,19147217,52,53629614
209552,11,8,2021,2,20,6,3,2,7,2,0,1,0,0,0,1,2,800692,4819,5823953,32,13,42896582,52,48269351
209551,11,7,2021,1,19,3,3,6,2,2,0,1,1,0,0,0,1,796152,9256,5815941,42,13,3552103,52,41335311
209550,11,3,2021,3,14,6,3,5,2,0,1,1,0,0,0,0,0,801903,8822,5830586,546,13,45276798,52,54148164
209549,11,11,2021,2,17,3,3,5,3,0,0,1,0,0,0,0,0,804821,3438,5831618,87,13,49660153,52,54910961
209548,11,1,2021,1,20,7,3,2,6,2,0,1,0,0,0,1,1,795192,5654,5827241,793,13,35112726,52,51517596
209547,11,2,2021,3,7,3,3,2,3,0,0,1,0,0,0,0,0,798336,5494,5825557,555,13,39581267,52,49836832
209546,11,5,2021,3,5,5,3,8,1,2,0,1,0,0,0,0,1,784049,86,5827145,393,13,18727533,52,52022985
209545,11,7,2021,3,9,6,3,2,6,0,0,1,0,0,1,0,1,798964,1505,5819571,116,13,39966548,52,44436432
209544,11,5,2021,2,16,3,3,5,3,0,0,1,0,0,0,0,1,780871,3005,5828315,856,13,14155397,52,53237115
209543,11,8,2021,3,16,3,3,6,4,0,0,1,1,0,0,0,0,800376,2112,5825114,548,13,42536935,52,49327871
209542,11,7,2021,1,17,6,3,5,2,2,0,1,0,0,0,0,1,798897,8786,5821214,877,13,4001644,52,45913481
209541,11,1,2021,2,10,4,2,1,5,0,1,0,0,0,0,1,0,798924,9066,5828542,692,13,40713512,52,52480391
209540,11,5,2021,3,21,6,3,1,5,2,0,1,0,0,0,0,0,782047,6924,5828230,94,13,15877799,52,53099467
209539,11,11,2021,2,11,5,3,5,3,0,0,1,0,0,0,1,0,804248,1591,5828685,778,13,48548918,52,52314203
209538,11,12,2021,1,20,1,3,5,3,2,0,1,0,0,0,0,1,796291,9816,5833216,793,13,37261029,52,56813954
209537,11,11,2021,3,18,6,3,2,6,0,0,1,0,0,0,0,0,804656,4447,5833347,173,13,49576341,52,56469164
209536,11,5,2021,3,12,7,2,6,7,0,0,1,1,0,0,0,1,782001,7686,5828380,451,13,15823034,52,53236661
209535,11,4,2021,1,15,1,3,4,6,0,1,1,0,0,0,0,0,786790,6643,5825324,945,13,22600342,52,50247322
209534,11,2,2021,1,6,2,3,6,4,2,0,1,1,0,0,0,1,799855,461,5825832,519,13,41836837,52,50000052
209533,11,10,2021,2,22,1,3,0,1,2,0,1,0,1,0,0,0,811513,5506,5828657,174,13,59220556,52,51878378
209532,11,4,2021,3,22,2,3,9,1,2,0,1,0,0,0,0,0,793113,601,5822994,67,13,31683246,52,47821817
209531,11,6,2021,1,12,4,3,5,3,0,0,1,0,0,0,0,1,794147,262,5819464,906,13,32890638,52,44602475
209530,11,3,2021,2,13,4,3,5,3,0,0,1,0,0,0,0,1,801056,178,5832019,637,13,44160524,52,55479559
209529,11,4,2021,2,5,6,2,6,4,2,0,0,1,0,1,0,1,786219,2818,5825990,991,13,21818126,52,50874488
209528,11,1,2021,1,9,4,3,5,3,0,0,1,0,0,0,0,1,797903,8892,5826568,669,13,39036263,52,50766808
209527,11,4,2021,3,9,4,3,1,5,0,1,1,0,0,0,0,0,793612,9088,5823693,797,13,32478747,52,48422246
209526,11,4,2021,2,18,6,3,6,2,2,0,0,1,0,0,1,2,790698,1424,5829206,252,13,28679995,52,53520147
209525,11,4,2021,1,14,2,2,6,4,0,0,0,1,0,0,1,1,792561,8694,5824715,22,13,31025053,52,49394347
209524,11,6,2021,1,7,3,3,6,2,1,0,1,1,0,0,0,1,795734,9793,5818923,278,13,35172014,52,44031295
209523,11,7,2021,2,15,2,3,2,6,0,0,1,0,0,0,0,0,795987,4966,5825360,408,13,36113493,52,49788018
209522,11,6,2021,3,11,2,2,2,2,0,0,1,0,1,0,0,0,791783,8234,5819650,211,13,29439249,52,44895242
209521,11,2,2021,3,17,4,3,5,2,0,1,1,0,0,0,0,0,797815,34,5824933,342,13,38759939,52,49305767
209520,11,5,2021,2,19,2,3,5,3,2,0,1,0,0,0,0,1,784416,6867,5829920,568,13,19505436,52,54492055
209519,11,3,2021,2,18,1,3,6,4,2,0,0,1,0,0,1,0,798663,9483,5831824,127,13,40624971,52,55436023
209518,11,9,2021,1,18,5,3,2,6,2,0,1,0,0,0,0,1,812133,2135,5820708,759,13,59386693,52,44720164
209517,11,4,2021,2,17,3,3,6,2,2,0,1,1,0,0,0,1,792979,346,5827553,64,13,31887511,52,51915997
209516,11,8,2021,2,10,3,3,5,2,0,0,1,0,0,0,0,2,803570,1655,5818642,711,13,46638412,52,43350548
209515,11,1,2021,2,16,5,3,2,6,0,0,1,0,0,0,0,0,799982,9352,5828516,11,13,42265946,52,52398366
209514,11,3,2021,1,20,2,3,2,6,2,0,1,0,0,0,0,0,802034,36,5829632,433,13,45381891,52,53285765
209513,11,5,2021,3,16,4,3,5,3,0,0,1,0,0,0,0,0,783824,827,5830142,388,13,1865286,52,54721847
209512,11,8,2021,1,16,6,3,0,6,1,0,1,0,0,0,0,0,801609,1943,5820670,287,13,43945703,52,45276397
209511,11,2,2021,2,19,6,3,6,4,2,0,1,1,0,0,0,2,798242,5542,5826120,407,13,3949362,52,50346495
209510,11,5,2021,1,11,3,3,5,2,0,1,0,0,0,0,1,1,784659,7556,5828460,75,13,19737786,52,53169883
209509,11,10,2021,1,19,3,2,0,1,2,1,0,0,0,0,0,2,809702,2846,5834119,263,13,57068933,52,56876409
209508,11,4,2021,2,16,1,2,5,2,0,0,1,0,0,0,1,0,791664,8217,5830679,32,13,30230482,52,54789073
209507,11,4,2021,3,14,2,2,2,2,0,1,1,0,0,0,0,1,794199,2575,5823112,306,13,3328842,52,47869407
209506,11,1,2021,3,18,3,2,6,4,2,0,1,1,0,0,0,0,797322,7944,5831227,627,13,38599239,52,54974715
209505,11,7,2021,2,14,1,3,6,4,0,0,1,1,0,0,0,1,797665,5012,5819360,79,13,38042686,52,44318108
209504,11,1,2021,3,12,2,2,6,4,0,0,0,1,0,0,1,0,795355,7966,5829851,49,13,35584383,52,53848137
209503,11,1,2021,1,22,3,3,0,1,2,1,0,0,0,0,0,1,794539,3991,5829205,79,13,34326853,52,53312863
209502,11,1,2021,1,21,1,3,0,2,2,0,0,0,1,0,1,2,797712,66,5832891,76,13,39321719,52,56444484
209501,11,11,2021,2,10,7,3,2,1,0,0,1,0,0,0,0,2,802856,4597,5831193,58,13,46732461,52,54639375
209500,11,5,2021,1,10,5,3,6,2,0,0,1,1,0,0,0,0,783238,7748,5830269,909,13,17802879,52,54866649
209499,11,9,2021,3,12,6,3,5,7,0,0,1,0,0,0,1,0,808594,254,5821648,39,13,54282505,52,45762846
209498,11,1,2021,2,8,3,3,5,2,0,1,1,0,0,0,0,0,799110,5655,5828465,99,13,40979455,52,52401456
209497,11,4,2021,1,18,7,3,2,6,2,0,1,0,0,0,0,1,793429,771,5823929,6,13,32230534,52,48642948
209496,11,3,2021,3,6,4,3,5,2,0,0,1,0,0,0,0,0,796762,127,5834005,493,13,38023233,52,5749532
209495,11,4,2021,3,12,6,3,0,6,0,0,0,0,0,1,1,0,792752,655,5826109,201,13,31427809,52,5063378
209494,11,2,2021,3,18,1,3,3,6,1,1,1,0,0,0,0,0,800053,9115,5824928,625,13,42046892,52,49178946
209493,11,9,2021,2,10,3,3,5,2,0,0,1,0,0,0,1,1,805013,875,5822699,212,13,49125898,52,46905944
209492,11,2,2021,3,5,3,3,5,2,2,1,1,0,0,0,0,0,800939,3721,5828520,227,13,43671819,52,5234944
209491,11,1,2021,1,17,6,2,5,2,2,1,1,0,0,0,0,1,793984,1336,5828213,923,13,33422966,52,52454328
209490,11,6,2021,2,15,4,3,5,3,0,0,1,0,1,0,0,1,795867,206,5819268,978,13,35396582,52,4433404
209489,11,1,2021,3,1,6,3,8,1,2,0,1,0,0,0,0,1,793710,1931,5830572,761,13,33228813,52,54583658
209488,11,1,2021,2,19,4,3,5,3,2,0,1,0,1,0,0,0,797833,6564,5830458,113,13,39281433,52,5425704
209487,11,10,2021,1,1,1,3,9,1,2,0,1,0,0,0,0,1,808377,9333,5831035,342,13,5483465,52,54187857
209486,11,5,2021,3,7,5,3,0,1,0,0,0,0,1,0,0,1,788192,614,5829379,407,13,25010501,52,53808486
209485,11,5,2021,3,11,7,2,2,6,0,0,1,0,0,0,0,1,783110,4013,5826827,455,13,17320831,52,51786726
209484,11,3,2021,2,7,6,3,5,2,0,1,1,0,0,0,0,0,799178,6275,5831110,501,13,41317541,52,54768123
209483,11,2,2021,3,18,2,2,6,4,1,0,1,1,0,0,0,0,797279,9061,5824517,997,13,37936554,52,48962641
209482,11,1,2021,1,18,2,3,6,7,2,1,0,1,0,0,0,0,797045,9985,5826572,611,13,37776313,52,5081712
209481,11,5,2021,1,0,4,2,9,1,2,0,1,0,0,0,0,2,779667,587,5821367,567,13,11801888,52,47068534
209480,11,1,2021,2,6,2,3,5,7,2,1,1,0,0,0,0,0,796350,1661,5831860,917,13,37225532,52,55595393
209479,11,10,2021,3,8,3,3,5,3,0,0,1,0,0,0,1,0,812039,138,5830713,106,13,60185576,52,53690684
209478,11,1,2021,1,15,4,3,6,4,0,1,0,1,0,0,0,0,794927,2694,5829890,183,13,34957816,52,53906031
209477,11,2,2021,2,12,6,3,2,6,0,0,1,0,0,0,0,1,799981,9793,5825438,287,13,41987153,52,49639732
209476,11,4,2021,3,1,2,3,0,1,2,0,0,0,1,0,0,0,794111,9276,5826426,414,13,33452773,52,50845037
209475,11,7,2021,1,17,4,3,6,2,2,0,0,1,0,0,1,1,794544,9075,5823904,73,13,33865911,52,48561139
209474,11,8,2021,3,11,4,3,5,3,0,0,1,0,0,0,1,0,802051,2833,5823575,159,13,4485722,52,47855668
209473,11,3,2021,1,3,1,3,9,1,2,0,1,0,0,0,0,2,797168,75,5835657,435,13,38768625,52,58953922
209472,11,6,2021,2,18,6,3,5,3,2,0,1,0,0,0,0,1,793132,1829,5817598,877,13,31237719,52,42984132
209471,11,1,2021,1,16,4,3,5,2,1,1,1,0,0,0,0,0,799581,6859,5828045,312,13,41633898,52,5199852
209470,11,2,2021,1,7,5,3,6,2,1,0,1,1,0,0,0,1,798094,827,5826212,336,13,39284853,52,50436971
209469,11,8,2021,2,18,3,3,5,3,2,0,1,0,0,0,0,0,801360,9668,5822930,767,13,43785621,52,47316219
209468,11,4,2021,3,11,2,3,2,6,0,0,1,0,0,0,0,0,793109,9161,5826938,434,13,32025703,52,51357973
209467,11,12,2021,3,19,4,2,5,2,2,0,1,0,1,0,0,0,793947,116,5835296,537,13,33995776,52,58805421
209466,11,12,2021,2,5,4,3,6,4,2,0,1,1,0,0,0,1,790210,44,5840080,269,13,28915293,52,63294606
209465,11,8,2021,3,11,2,3,2,7,0,0,1,0,1,0,0,0,801167,9846,5824123,831,13,43610112,52,48396238
209464,11,8,2021,1,19,6,3,1,5,2,1,0,0,0,0,1,0,801681,6764,5824557,986,13,44403587,52,48757021
209463,11,3,2021,2,11,3,2,5,3,0,0,1,0,0,0,0,1,799657,4444,5832809,522,13,42174927,52,56264696
209462,11,4,2021,3,10,6,3,5,3,0,0,1,0,1,0,0,0,791753,4961,5826431,161,13,29988086,52,50975935
209461,11,11,2021,2,14,5,3,5,3,0,1,1,0,0,0,0,0,807663,522,5833599,355,13,54022147,52,5652608
209460,11,1,2021,1,21,7,3,0,1,2,0,0,0,1,0,0,2,798761,8801,5828210,212,13,40444063,52,52191305
209459,11,9,2021,3,16,4,2,6,4,0,0,1,1,0,0,0,1,811429,214,5821578,199,13,58434959,52,45539465
209458,11,3,2021,3,14,6,3,2,6,0,0,1,0,0,0,0,0,802777,4804,5841683,787,13,47575289,52,64045789
209457,11,9,2021,2,16,6,3,5,7,1,0,0,0,0,0,1,1,806767,148,5823078,653,13,51733751,52,47147848
209456,11,4,2021,3,11,2,3,5,7,0,1,0,0,0,0,1,0,793023,8889,5825754,985,13,31795116,52,50301677
209455,11,6,2021,2,12,7,2,4,6,0,0,1,0,0,0,0,0,794188,6108,5816823,464,13,32718866,52,42232295
209454,11,5,2021,1,18,1,3,5,2,2,0,1,0,0,0,0,1,785641,7207,5828031,792,13,21144674,52,52734519
209453,11,11,2021,1,11,7,3,6,4,0,0,1,1,0,0,0,0,806685,326,5834004,918,13,5262058,52,56944753
209452,11,1,2021,2,18,4,3,2,6,2,0,1,0,0,0,0,1,797064,2106,5831460,163,13,38239804,52,55197264
209451,11,2,2021,3,20,2,3,5,2,2,0,1,0,1,0,0,0,802833,5683,5826936,15,13,46311061,52,50824781
209450,11,2,2021,2,18,4,3,5,3,2,0,1,0,0,0,0,2,802057,547,5827162,652,13,45191684,52,51070817
209449,11,3,2021,2,17,5,3,1,7,2,0,1,0,1,0,0,0,799183,9237,5832355,55,13,41437483,52,55883378
209448,11,3,2021,1,6,2,3,6,4,2,0,1,1,0,0,0,0,800154,8412,5833852,163,13,43000844,52,57171841
209447,11,1,2021,1,17,5,2,6,4,2,0,1,1,0,0,0,1,798842,8031,5827283,586,13,40479744,52,51356282
209446,11,5,2021,3,12,5,3,2,6,0,0,1,0,0,1,0,0,781189,937,5828371,795,13,14628635,52,53270843
209445,11,1,2021,3,19,7,3,0,6,2,1,1,0,0,0,0,0,798214,9232,5827832,953,13,39606482,52,51883082
209444,11,3,2021,2,11,5,3,5,2,0,0,1,0,0,0,0,0,803718,8255,5842300,318,13,49018872,52,64545774
209443,11,11,2021,1,14,5,2,5,3,0,1,1,0,0,0,0,0,807019,2811,5825790,736,13,52353545,52,49564307
209442,11,12,2021,3,15,4,3,5,3,0,1,1,0,0,0,0,1,791419,1955,5834293,731,13,30186752,52,58042452
209441,11,12,2021,3,17,5,3,2,6,0,0,1,0,0,0,1,1,794559,1058,5832994,145,13,34691945,52,56708412
209440,11,8,2021,3,12,1,2,2,6,0,0,1,0,0,0,0,0,801487,5423,5820853,912,13,43783801,52,45447696
209439,11,7,2021,2,18,3,3,8,1,2,0,1,0,0,0,0,1,798609,8672,5814279,572,13,38974586,52,3971251
209438,11,8,2021,1,18,2,3,6,2,2,0,1,1,0,0,0,1,803170,514,5818441,369,13,46033412,52,43192273
209437,11,4,2021,3,14,3,3,5,2,0,0,1,0,0,0,0,0,792926,2073,5824391,464,13,31531707,52,49084569
209436,11,7,2021,1,11,2,3,5,3,0,0,1,0,0,0,0,1,795613,2326,5815766,278,13,34714409,52,41207816
209435,11,4,2021,2,10,4,3,5,2,0,0,1,0,0,0,0,1,792089,4425,5825772,192,13,3042387,52,50367206
209434,11,4,2021,3,14,6,3,6,2,0,0,1,1,0,0,0,0,793930,4444,5823431,91,13,32921923,52,48170392
209433,11,6,2021,2,16,4,3,2,6,0,0,1,0,0,0,0,2,787608,8726,5817000,642,13,23085005,52,42740949
209432,11,5,2021,2,12,6,3,0,1,0,0,0,0,1,0,0,0,787052,2854,5829360,715,13,23333001,52,53851887
209431,11,7,2021,1,8,3,3,5,2,0,1,1,0,0,0,0,1,795015,1511,5825657,233,13,34711602,52,50106751
209430,11,11,2021,3,15,5,3,2,6,0,0,1,0,0,0,0,0,804993,628,5833017,619,13,50041958,52,56154929
209429,11,12,2021,1,12,6,3,5,7,0,0,1,0,0,0,0,0,792960,8905,5835533,57,13,32565153,52,5907111
209428,11,8,2021,3,11,1,3,2,6,0,0,1,0,0,0,0,1,801669,2189,5823746,89,13,44311824,52,48029993
209427,11,5,2021,1,14,2,3,1,5,0,0,1,0,1,0,0,1,788100,7709,5829036,618,13,24846554,52,53505989
209426,11,5,2021,1,7,4,3,2,2,2,0,1,0,0,0,0,1,786952,437,5829594,836,13,23206406,52,54067049
209425,11,8,2021,2,13,1,2,5,2,0,1,1,0,0,0,0,0,805810,7417,5816833,2,13,49758532,52,41603963
209424,11,12,2021,3,17,1,3,0,1,0,0,0,0,1,0,0,0,789497,7864,5836128,185,13,27519329,52,59789615
209423,11,1,2021,1,8,5,3,5,3,1,1,1,0,0,0,0,1,799525,5107,5827559,66,13,4150763,52,51566293
209422,11,8,2021,2,20,2,3,1,5,2,0,1,0,0,0,0,2,802448,1968,5818958,7,13,45021616,52,43695301
209421,11,1,2021,3,18,2,3,0,4,2,1,0,1,0,0,0,0,794989,1328,5828898,447,13,34960743,52,53013669
209420,11,7,2021,1,15,4,3,6,7,1,0,0,1,1,0,0,1,794424,5632,5822207,981,13,33539383,52,47046585
209419,11,11,2021,3,14,4,3,5,2,0,1,1,0,0,0,0,0,806444,6849,5826869,493,13,51609072,52,50563408
209418,11,12,2021,2,14,3,2,3,6,0,1,1,0,0,0,0,1,790545,9493,5840516,807,13,29448032,52,63668011
209417,11,4,2021,2,13,6,3,9,1,0,0,0,0,0,0,1,0,791542,9566,5828057,106,13,29821225,52,5244483
209416,11,1,2021,1,16,4,3,6,4,1,1,0,1,0,0,0,1,799662,1615,5827043,883,13,41661961,52,51096473
209415,11,8,2021,1,10,5,3,3,6,0,0,1,0,0,0,0,1,801810,966,5817486,69,13,43952934,52,42411208
209414,11,4,2021,3,14,6,3,3,6,0,0,1,0,0,0,0,0,790414,9899,5827158,265,13,28084841,52,51699214
209413,11,6,2021,2,13,3,3,1,7,0,0,1,0,0,0,0,0,789316,4158,5819200,872,13,25779807,52,44623529
209412,11,5,2021,3,16,4,3,5,3,0,1,1,0,0,0,0,1,783659,7199,5825366,199,13,18003668,52,50447984
209411,11,2,2021,3,9,6,3,5,2,0,1,1,0,0,0,0,1,797090,6595,5824706,913,13,37675493,52,49142288
209410,11,6,2021,2,18,5,3,1,5,2,0,1,0,1,0,0,1,792070,6507,5819014,839,13,29804558,52,44310318
209409,11,6,2021,3,15,3,2,6,2,0,0,1,1,0,0,0,0,793263,4389,5819085,123,13,31560611,52,44309485
209408,11,7,2021,1,5,5,3,6,2,2,0,1,1,0,0,0,1,799762,7403,5813974,749,13,40636682,52,39376302
209407,11,11,2021,2,7,5,3,5,2,0,0,1,0,0,0,0,1,805561,5075,5827263,926,13,50348107,52,50966446
209406,11,1,2021,3,17,7,3,6,2,0,0,1,1,0,0,0,0,796795,4014,5831268,116,13,37827339,52,55039769
209405,11,1,2021,2,11,3,3,5,2,0,1,0,0,0,0,1,0,799976,2915,5826925,317,13,42112764,52,50972932
209404,11,2,2021,1,0,1,3,0,1,2,1,0,0,0,0,0,1,802395,7084,5827438,729,13,45713535,52,51299529
209403,11,7,2021,3,22,5,3,1,5,2,0,1,0,0,0,1,1,800140,8638,5814995,976,13,41282203,52,40270993
209402,11,7,2021,3,16,7,3,0,5,0,0,1,0,0,0,0,1,795308,4323,5824397,697,13,3503075,52,48961806
209401,11,5,2021,3,17,2,3,6,7,0,1,0,1,0,0,0,0,785634,2725,5832064,988,13,21480583,52,56350995
209400,11,4,2021,2,14,7,2,5,3,0,0,1,0,1,0,0,0,792968,4187,5825893,35,13,31725776,52,50428412
209399,11,12,2021,1,10,2,2,3,6,0,1,0,0,0,0,1,2,790939,2206,5833801,545,13,29437192,52,57626902
209398,11,8,2021,1,15,3,3,2,6,0,0,1,0,0,0,0,1,801824,6545,5821947,835,13,44377305,52,46409598
209397,11,1,2021,1,19,3,3,2,6,2,0,1,0,0,0,0,0,795782,6922,5826685,665,13,35930409,52,50987105
209396,11,2,2021,2,3,6,3,5,3,2,1,1,0,0,0,0,1,798330,424,5825545,883,13,39571225,52,49826705
209395,11,7,2021,3,19,1,3,5,2,2,0,1,0,0,0,0,0,794958,3109,5824308,266,13,34508668,52,48900565
209394,11,4,2021,1,15,3,3,5,2,0,1,1,0,0,0,0,0,790889,1515,5827397,988,13,28802613,52,51888855