OBJECTID,LAND,BEZ,UJAHR,UMONAT,USTUNDE,UWOCHENTAG,UKATEGORIE,UART,UTYP1,ULICHTVERH,IstRad,IstPKW,IstFuss,IstKrad,IstGkfz,IstSonstige,USTRZUSTAND,LINREFX,LINREFY,XGCSWGS84,YGCSWGS84,,,,
209393,11,7,2021,2,6,4,3,6,2,2,0,0,1,0,0,1,1,797876,6516,5821888,308,13,38577953,52,46572896
209392,11,2,2021,2,17,5,3,5,3,0,0,1,0,0,0,1,0,798898,3554,5825249,249,13,40378736,52,49529738
209391,11,12,2021,1,8,2,3,0,6,0,0,1,0,1,0,0,1,786482,5003,5837696,721,13,23215524,52,61355586
209390,11,7,2021,3,8,4,3,5,2,0,1,1,0,0,0,0,0,796133,3132,5815933,395,13,35491602,52,41329517
209389,11,1,2021,1,14,1,3,6,2,0,0,1,1,0,0,0,0,797374,9011,5831200,614,13,38673441,52,54947657
209388,11,2,2021,1,21,2,2,6,4,2,0,1,1,0,0,0,1,799886,6708,5825728,45,13,41873306,52,49905056
209387,11,4,2021,1,12,4,2,5,7,0,0,1,0,1,0,0,1,793439,9267,5823929,944,13,3224553,52,48643243
209386,11,11,2021,2,9,2,3,6,2,0,0,1,1,0,0,0,0,806017,4071,5826406,179,13,50938931,52,50172152
209385,11,4,2021,3,20,3,2,5,3,2,0,1,0,0,0,0,0,792337,4519,5824069,948,13,30638825,52,48827898
209384,11,3,2021,3,18,4,3,5,3,2,1,1,0,0,0,0,0,799533,4963,5830089,503,13,41747256,52,53833462
209383,11,1,2021,2,15,6,3,1,5,0,0,1,0,0,0,0,1,796354,6662,5830762,343,13,37134098,52,54610394
209382,11,7,2021,2,12,7,3,1,5,0,1,1,0,0,0,0,1,795685,3775,5824073,732,13,35555558,52,48650992
209381,11,6,2021,1,7,3,3,6,2,2,0,1,1,0,0,0,1,794389,2917,5819078,428,13,33211671,52,44242987
209380,11,7,2021,3,13,5,3,7,7,0,1,0,0,0,0,0,1,800202,7065,5821536,331,13,41960032,52,46130098
209379,11,5,2021,2,14,2,3,6,4,0,0,1,1,0,0,0,2,784756,3897,5827316,794,13,19781947,52,52139768
209378,11,2,2021,2,14,7,3,2,7,0,0,1,0,0,0,0,1,800320,825,5827624,179,13,42680877,52,5158043
209377,11,7,2021,1,22,4,3,1,5,2,1,1,0,0,0,0,0,797772,8985,5819924,579,13,38250542,52,44818277
209376,11,11,2021,3,7,5,3,5,2,0,1,1,0,0,0,0,0,808265,6068,5834028,399,13,54947476,52,56876523
209375,11,7,2021,3,15,5,3,5,3,0,0,1,0,0,0,0,0,795992,9886,5822770,335,13,35891546,52,47465935
209374,11,1,2021,1,13,1,3,2,6,0,0,1,0,0,0,0,0,793865,3481,5830045,811,13,33410341,52,54102913
209373,11,1,2021,3,16,2,3,5,3,0,0,1,0,0,0,1,1,796719,1566,5831362,46,13,37723652,52,55128492
209372,11,8,2021,3,12,2,2,0,2,0,0,1,0,0,0,1,0,802718,7917,5818132,123,13,45343689,52,42940082
209371,11,2,2021,1,14,3,3,6,4,0,0,1,1,0,0,0,1,803066,453,5826969,182,13,46656157,52,50841455
209370,11,1,2021,1,14,4,3,2,6,0,0,1,0,0,0,0,1,795044,9654,5827224,672,13,34894327,52,51510235
209369,11,4,2021,2,8,2,3,2,6,0,0,1,0,1,0,0,0,793936,3001,5825140,282,13,33081209,52,49701551
209368,11,12,2021,3,6,3,2,2,7,0,0,0,0,0,0,1,1,794489,9591,5836248,476,13,34879379,52,59629392
209367,11,9,2021,3,20,3,2,0,1,2,0,0,0,1,0,0,0,810056,9796,5820435,609,13,56316174,52,44593505
209366,11,8,2021,1,15,4,3,5,3,0,0,1,0,0,0,0,0,801183,529,5820607,313,13,43315515,52,4524342
209365,11,8,2021,2,16,2,3,3,6,0,0,1,0,0,1,0,0,801543,4261,5820658,709,13,43848167,52,45269648
209364,11,9,2021,3,15,2,3,2,6,0,1,1,0,0,0,0,0,808521,7884,5817331,893,13,53778151,52,4189877
209363,11,8,2021,1,10,4,3,5,7,0,0,1,0,0,0,1,1,800526,2147,5823440,529,13,42606284,52,47819129
209362,11,4,2021,3,19,4,3,5,5,2,1,1,0,0,0,0,0,791495,8461,5824900,426,13,29475513,52,49617419
209361,11,9,2021,2,15,3,3,5,2,0,0,1,0,0,0,0,1,807223,6345,5818286,459,13,51962929,52,42827306
209360,11,1,2021,1,19,3,2,5,3,2,1,1,0,0,0,0,1,797983,8751,5826889,512,13,39182489,52,51050036
209359,11,11,2021,1,6,5,2,6,4,2,0,1,1,0,0,0,1,804293,5443,5828442,64,13,48593363,52,52093755
209358,11,2,2021,3,8,5,3,5,2,0,1,1,0,0,0,0,0,800682,8882,5828487,432,13,43291953,52,52334196
209357,11,6,2021,2,15,2,3,2,2,0,0,1,0,0,0,0,0,794769,1185,5820994,868,13,33938007,52,45940515
209356,11,3,2021,3,8,4,3,6,4,0,0,1,1,0,0,0,1,803868,166,5839176,144,13,48951661,52,61737418
209355,11,1,2021,3,16,5,3,0,6,0,0,1,0,0,0,1,0,795446,6336,5829547,189,13,35690872,52,53570434
209354,11,1,2021,2,18,3,3,5,2,2,0,1,0,0,0,0,1,799238,9633,5828468,117,13,41168334,52,52396318
209353,11,1,2021,3,7,3,3,2,2,0,1,1,0,0,0,0,0,798528,335,5828078,634,13,40089058,52,52086154
209352,11,8,2021,1,9,7,3,1,5,0,0,1,0,0,0,0,1,801338,5003,5819439,844,13,43437571,52,44188439
209351,11,5,2021,2,21,3,3,0,7,2,1,0,0,0,0,0,1,785205,3093,5831802,689,13,20826918,52,56138311
209350,11,1,2021,2,19,5,3,5,2,2,1,1,0,0,0,0,1,797542,6441,5828718,717,13,38697861,52,52713785
209349,11,8,2021,3,16,6,3,2,6,0,0,1,0,0,0,0,0,802870,9076,5821930,538,13,4591108,52,46336204
209348,11,9,2021,2,14,4,3,1,5,0,0,1,0,1,0,0,0,806112,441,5821091,182,13,50590041,52,45403339
209347,11,3,2021,1,14,5,3,5,7,0,1,1,0,0,0,0,0,804810,787,5840646,304,13,50474158,52,63002257
209346,11,11,2021,3,16,6,3,5,2,1,1,1,0,0,0,0,0,806029,2174,5826603,799,13,50974437,52,50348603
209345,11,3,2021,3,15,2,3,5,2,0,1,1,0,0,0,0,1,799696,289,5837333,227,13,42640747,52,60317282
209344,11,2,2021,2,15,1,3,5,3,0,1,1,0,0,0,0,0,799282,4992,5826219,381,13,41030067,52,50378271
209343,11,2,2021,1,17,6,3,6,4,2,1,0,1,0,0,0,0,803151,8596,5826876,85,13,46773135,52,50753269
209342,11,11,2021,1,17,2,3,6,4,2,0,1,1,0,0,0,1,805810,38,5833785,739,13,51313326,52,56797547
209341,11,12,2021,1,10,3,3,5,3,0,0,1,0,0,0,0,1,792764,8637,5832768,1,13,32032365,52,56602474
209340,11,6,2021,2,14,6,3,3,6,0,1,1,0,0,0,0,0,794172,9268,5815151,764,13,3254894,52,40734512
209339,11,1,2021,3,16,2,3,5,3,0,1,1,0,0,0,0,0,795846,415,5831130,538,13,36419575,52,54968068
209338,11,2,2021,1,10,3,3,6,2,0,0,1,1,0,0,0,1,800787,8474,5825815,362,13,432047,52,49933363
209337,11,2,2021,2,10,2,3,0,7,0,0,1,0,0,0,0,2,797819,692,5825893,988,13,38852223,52,50166635
209336,11,9,2021,2,16,5,2,5,3,1,1,1,0,0,0,0,0,822194,1325,5819275,445,13,74001688,52,42852475
209335,11,9,2021,1,17,3,3,2,6,2,0,1,0,1,0,0,2,810508,7068,5820318,89,13,56967848,52,44463273
209334,11,6,2021,3,11,4,3,5,3,0,0,1,0,0,0,0,0,792707,8599,5821743,198,13,30978556,52,46722173
209333,11,3,2021,1,5,6,3,3,2,2,1,0,0,0,0,1,0,799205,7243,5831774,45,13,4141721,52,5536176
209332,11,5,2021,1,13,3,2,6,2,0,0,1,1,0,0,0,2,784356,94,5828104,465,13,1926079,52,52866896
209331,11,2,2021,1,8,3,3,6,2,0,0,0,1,0,0,1,1,797752,4757,5824596,905,13,38637554,52,49007619
209330,11,3,2021,2,13,1,3,0,1,0,0,0,0,1,0,0,0,798402,6175,5834844,649,13,40512386,52,581578
209329,11,12,2021,3,6,2,3,5,7,1,0,1,0,0,0,1,0,793954,6318,5836633,84,13,34125465,52,60003127
209328,11,2,2021,3,10,4,3,2,6,0,0,1,0,0,0,0,0,800907,2584,5826424,508,13,43435121,52,50472774
209327,11,4,2021,2,23,1,3,2,6,2,0,1,0,0,0,0,1,788249,2906,5827804,86,13,24958113,52,52393816
209326,11,3,2021,3,9,2,3,2,7,0,0,1,0,1,0,0,0,799280,2916,5829357,529,13,41309125,52,53191272
209325,11,7,2021,1,17,4,3,6,2,2,0,0,1,0,0,1,1,795250,5038,5822269,373,13,34757214,52,47057041
209324,11,11,2021,2,17,3,3,5,3,2,1,1,0,0,0,0,1,802942,5965,5829203,477,13,46677677,52,52850899
209323,11,2,2021,1,9,3,3,6,4,0,1,0,1,0,0,0,0,800826,1309,5828073,287,13,43464991,52,51955088
209322,11,9,2021,3,14,6,3,5,7,0,0,1,0,0,0,1,0,808592,688,5821647,686,13,54279602,52,45762639
209321,11,11,2021,2,22,2,2,5,2,2,0,1,0,0,0,0,0,803070,1284,5829533,16,13,4689515,52,53139298
209320,11,2,2021,1,16,7,3,0,1,0,0,0,0,1,0,0,1,799851,6006,5825697,4,13,4181897,52,49878829
209319,11,1,2021,3,14,4,3,5,2,0,1,0,0,0,0,1,1,797832,6121,5830457,566,13,39279849,52,54256607
209318,11,9,2021,3,17,5,3,1,1,0,1,1,0,0,0,0,1,810725,6271,5815558,791,13,56843887,52,40185096
209317,11,1,2021,3,2,7,3,5,3,2,0,1,0,0,0,0,0,796155,8054,5832265,798,13,36975812,52,55968899
209316,11,6,2021,2,19,4,3,6,2,2,0,1,1,0,0,0,1,790148,7877,5819783,721,13,27051726,52,4510196
209315,11,5,2021,3,13,2,3,0,6,0,0,1,0,0,0,1,0,784726,8036,5828634,275,13,19851284,52,53322568
209314,11,1,2021,1,15,5,3,1,5,0,1,0,0,0,0,1,1,796506,983,5829236,46,13,37220557,52,53233991
209313,11,9,2021,2,14,4,3,5,3,0,0,1,0,0,0,0,1,807853,1108,5822055,482,13,53233084,52,46169783
209312,11,8,2021,3,18,6,2,9,1,2,0,1,0,0,0,0,0,801110,287,5823523,769,13,4347083,52,47861582
209311,11,1,2021,2,17,4,3,0,7,0,1,0,1,0,0,0,0,797213,7475,5832052,82,13,38512699,52,55719688
209310,11,3,2021,1,16,2,3,6,7,1,0,1,1,0,0,0,0,799573,8748,5837422,673,13,4246901,52,60404187
209309,11,3,2021,3,8,6,2,0,3,0,0,1,0,1,0,0,1,800672,893,5829604,888,13,43377137,52,53336393
209308,11,9,2021,3,16,6,3,2,1,0,0,1,0,0,0,0,0,807201,9303,5822183,509,13,52289421,52,46321168
209307,11,1,2021,2,13,2,3,5,3,0,1,1,0,0,0,0,0,799457,4638,5827067,389,13,41363352,52,51128783
209306,11,5,2021,3,14,4,3,5,2,0,0,1,0,0,0,0,1,783904,3307,5826604,715,13,18468733,52,51545739
209305,11,5,2021,3,16,6,3,6,4,0,1,0,1,0,0,0,0,789396,6938,5829303,71,13,26775092,52,53676783
209304,11,1,2021,2,18,3,3,2,6,2,0,1,0,0,0,0,1,793400,5348,5829557,561,13,32683819,52,53690269
209303,11,1,2021,3,8,3,3,2,6,0,0,1,0,0,1,0,0,795011,57,5827227,59,13,34844761,52,51514685
209302,11,4,2021,1,14,6,3,2,6,0,0,1,0,0,0,0,0,793270,2357,5823951,133,13,31998207,52,48671356
209301,11,1,2021,2,10,5,2,5,3,0,1,1,0,0,0,0,1,798022,5414,5826590,177,13,39212494,52,50779607
209300,11,4,2021,2,18,5,3,5,3,2,1,1,0,0,0,0,1,793280,8442,5826149,486,13,32207343,52,50641525
209299,11,2,2021,3,18,1,3,5,7,2,0,1,0,0,0,0,0,799884,8676,5825911,568,13,41887146,52,50069291
209298,11,11,2021,2,15,4,3,5,3,0,1,0,0,0,0,1,0,807359,3683,5833144,43,13,53532694,52,56135559
209297,11,3,2021,1,10,7,3,5,3,0,1,0,0,0,0,1,1,800217,1095,5831589,858,13,42887775,52,55140653
209296,11,8,2021,3,9,5,3,6,4,0,0,1,1,0,0,0,0,801572,9972,5817392,279,13,43596848,52,42340213
209295,11,12,2021,3,15,2,3,2,6,0,0,1,0,0,0,1,1,792854,4544,5835149,231,13,32374509,52,58732304
209294,11,1,2021,3,19,2,3,5,2,2,0,1,0,0,0,0,0,793534,2359,5829127,78,13,32842421,52,53297794
209293,11,7,2021,2,8,5,3,2,6,0,0,1,0,0,0,0,0,796402,9085,5823371,292,13,36546723,52,47982411
209292,11,7,2021,1,22,7,3,6,2,2,0,0,1,0,0,1,1,797362,6538,5821915,334,13,3782598,52,4662512
209291,11,4,2021,1,15,2,3,5,2,0,1,1,0,0,0,0,1,790166,9872,5825424,324,13,27569218,52,50157915
209290,11,2,2021,2,14,6,3,1,5,0,0,1,0,0,0,0,0,801104,4111,5825221,8,13,43615913,52,49383237
209289,11,4,2021,3,16,2,3,2,2,0,0,1,0,0,0,0,0,793469,7269,5824747,253,13,32361271,52,49374326
209288,11,4,2021,1,11,4,3,6,4,0,0,1,1,0,0,0,0,791197,1352,5822734,938,13,28847547,52,47692004
209287,11,1,2021,2,14,4,3,2,6,0,0,1,0,0,0,0,1,795253,8682,5827307,946,13,35208673,52,51573579
209286,11,4,2021,2,8,6,3,2,6,0,0,1,0,0,0,0,1,793147,5861,5826900,908,13,32077749,52,51322308
209285,11,2,2021,1,23,1,3,5,3,2,0,1,0,0,0,1,1,800141,1183,5827349,677,13,42393174,52,51344236
209284,11,8,2021,3,16,4,3,5,2,0,1,1,0,0,0,0,0,801810,2526,5821967,604,13,44357959,52,46428113
209283,11,8,2021,1,13,2,3,1,5,0,1,1,0,0,0,0,1,802372,9878,5817403,923,13,44770798,52,42306505
209282,11,4,2021,1,20,3,3,6,2,2,0,1,1,0,0,0,1,791936,7535,5826095,589,13,30227914,52,50665297
209281,11,11,2021,2,11,1,3,0,6,0,0,1,0,0,0,1,0,806159,3503,5833822,321,13,51830525,52,56810697
209280,11,5,2021,3,16,3,3,2,2,0,0,1,0,0,0,0,0,784415,8022,5829932,991,13,19505199,52,54503239
209279,11,6,2021,3,9,4,2,0,1,0,0,0,0,1,0,0,0,794646,3726,5819198,816,13,33599421,52,44337063
209278,11,12,2021,2,17,6,3,2,6,1,0,1,0,0,0,0,1,790282,382,5834517,93,13,28533362,52,58304212
209277,11,4,2021,3,0,2,3,6,4,2,0,1,1,0,0,0,0,792326,4168,5825322,174,13,30732498,52,49951083
209276,11,9,2021,1,15,6,3,2,6,0,0,1,0,0,0,0,1,809784,3929,5820546,994,13,55926711,52,44708776
209275,11,9,2021,2,18,3,3,6,2,2,0,1,1,0,0,0,1,811358,9558,5820172,312,13,58201142,52,4428357
209274,11,11,2021,1,7,5,3,5,3,2,1,1,0,0,0,0,1,804309,4241,5828168,384,13,48591607,52,51847064
209273,11,6,2021,3,14,5,2,6,7,0,0,0,1,0,0,1,0,793912,4381,5821467,61,13,32722354,52,46409958
209272,11,9,2021,3,15,1,3,6,4,0,0,1,1,0,0,0,0,806758,2809,5822288,513,13,51648099,52,46440199
209271,11,6,2021,2,12,4,3,6,7,0,0,0,1,0,0,1,0,791890,2937,5818966,704,13,29535754,52,44276795
209270,11,7,2021,1,14,7,3,0,6,0,0,1,0,1,0,0,1,797373,8153,5819874,669,13,37660606,52,44795259
209269,11,7,2021,3,16,4,3,3,6,0,0,1,0,0,0,0,1,797186,9624,5823737,792,13,37730503,52,48268329
209268,11,11,2021,3,15,6,3,5,2,0,0,1,0,0,0,1,0,802920,9017,5831082,631,13,46817084,52,54536351
209267,11,1,2021,3,16,1,2,6,4,0,0,1,1,0,0,0,0,793724,5833,5827917,753,13,3301534,52,52202816
209266,11,8,2021,2,13,5,3,6,2,0,0,1,1,0,0,0,0,802385,4876,5824033,102,13,45389349,52,48247631
209265,11,12,2021,1,22,7,2,0,3,2,0,1,0,0,0,0,0,792542,279,5835162,836,13,31916235,52,58761297
209264,11,7,2021,3,14,3,3,5,2,0,1,1,0,0,0,0,0,796460,3402,5815899,352,13,35968001,52,41281298
209263,11,8,2021,1,11,2,2,6,2,0,0,1,1,0,0,0,1,802546,4085,5822994,509,13,45531369,52,47307824
209262,11,6,2021,2,6,4,3,2,6,2,0,1,0,0,0,0,1,796020,5414,5817677,42,13,35480584,52,4289902
209261,11,1,2021,3,19,6,3,1,5,2,1,1,0,0,0,0,0,798202,5891,5828999,499,13,39692959,52,52929411
209260,11,4,2021,2,18,2,3,5,2,2,0,1,0,0,0,0,2,792440,9697,5824104,655,13,30793894,52,48853468
209259,11,9,2021,2,8,6,3,1,5,1,1,1,0,0,0,0,1,810696,8163,5821848,968,13,57386055,52,45823785
209258,11,4,2021,1,14,2,3,5,3,0,0,1,0,0,0,0,0,790515,5001,5829777,109,13,28461389,52,54041658
209257,11,10,2021,3,18,5,3,5,3,2,0,1,0,0,0,0,0,813006,615,5827610,884,13,61315429,52,50855311
209256,11,6,2021,3,10,7,3,0,2,0,0,1,0,1,0,0,1,795893,4942,5819895,709,13,35490654,52,44894437
209255,11,3,2021,2,12,6,3,5,2,0,1,0,0,0,0,1,0,800746,4297,5829153,61,13,43445577,52,52927801
209254,11,3,2021,3,13,2,2,5,3,0,0,1,0,0,0,0,0,800677,654,5831577,962,13,43563893,52,55104589
209253,11,1,2021,1,17,3,3,6,2,2,0,1,1,0,0,0,1,797572,1292,5828596,148,13,38730226,52,52602308
209252,11,5,2021,1,13,4,3,5,3,0,0,1,0,0,0,0,0,786142,4785,5829359,682,13,21995128,52,53898811
209251,11,6,2021,2,17,2,3,0,1,2,0,0,0,1,0,0,0,792287,7147,5818592,16,13,30086038,52,4391979
209250,11,4,2021,3,22,2,2,5,3,2,0,1,0,0,0,0,0,791924,255,5826239,278,13,30222152,52,5079478
209249,11,10,2021,1,6,4,3,5,3,2,0,1,0,0,0,1,1,810931,5541,5828228,97,13,58325571,52,5152786
209248,11,5,2021,2,12,2,3,1,7,0,0,1,0,0,0,0,0,780184,5551,5827867,351,13,13107826,52,52870297
209247,11,1,2021,2,19,1,3,5,3,2,0,1,0,0,0,0,0,797496,3851,5832915,439,13,39005775,52,56478144
209246,11,9,2021,1,21,4,3,0,6,2,0,1,0,0,0,1,1,804879,4239,5822489,53,13,48909423,52,46725519
209245,11,11,2021,3,7,4,3,0,1,0,0,0,0,1,0,0,2,802435,8625,5828901,892,13,45905546,52,52608725
209244,11,6,2021,1,18,1,3,4,3,2,0,1,0,1,0,0,2,793329,53,5816986,282,13,31472725,52,42424401
209243,11,6,2021,2,19,6,3,5,3,2,1,1,0,0,0,0,2,795396,574,5820130,494,13,34782349,52,4513178
209242,11,10,2021,1,12,5,3,0,3,0,0,1,0,0,0,1,0,808579,946,5830116,809,13,55045039,52,53353302
209241,11,10,2021,1,7,5,2,6,4,0,0,0,1,0,0,1,1,809395,719,5831060,695,13,56333003,52,54152885
209240,11,9,2021,2,16,3,3,5,3,0,1,1,0,0,0,0,0,806411,1472,5822970,435,13,51201345,52,47070838
209234,11,4,2021,1,10,2,3,5,3,0,1,1,0,0,0,0,1,792746,9398,5823119,583,13,31156721,52,47953977
209225,11,4,2021,1,14,2,3,5,3,0,0,1,0,0,0,0,0,793965,8567,5824962,66,13,33108895,52,49540198
209197,11,2,2021,1,19,7,2,5,3,2,1,0,0,0,0,1,0,801972,1869,5828241,904,13,45164233,52,52042879
209169,11,4,2021,1,23,2,3,5,3,2,0,1,0,1,0,0,1,793443,877,5824199,107,13,32273871,52,48884367
209138,11,4,2021,1,18,1,3,5,7,0,0,1,0,0,0,0,1,793917,457,5825315,53,13,33068955,52,4985924
209111,11,1,2021,1,17,6,3,0,1,2,1,0,0,0,0,0,1,799634,555,5828547,551,13,41756095,52,5244582
209057,11,7,2021,1,18,2,3,1,7,2,0,1,0,0,0,0,1,797546,3336,5823049,369,13,38196712,52,47631662
209031,11,4,2021,1,8,2,3,6,4,1,0,1,1,0,0,0,1,793477,6376,5824497,912,13,32350926,52,49150376
209005,11,9,2021,1,20,2,3,6,2,2,0,1,1,0,0,0,1,802326,8162,5825310,216,13,45419066,52,49395562
208955,11,7,2021,1,17,7,2,6,2,2,0,1,1,0,0,0,0,794962,4953,5824924,375,13,34569355,52,4945264
208917,11,1,2021,1,17,7,3,5,3,2,0,1,0,0,0,0,0,795324,9179,5826261,255,13,35220195,52,50631455
208904,11,10,2021,1,12,7,3,2,6,0,0,1,0,0,0,0,1,810017,365,5827161,418,13,56883249,52,50623202
208875,11,9,2021,1,21,7,1,8,1,2,0,1,0,0,0,0,1,820448,5872,5819536,522,13,71468176,52,43188902
208836,11,4,2021,1,10,2,3,0,7,0,0,0,0,0,1,0,1,792967,5428,5825869,311,13,31722401,52,50407191
208821,11,1,2021,1,9,1,3,8,1,0,0,1,0,0,0,0,2,797247,64,5831130,741,13,38479208,52,54892002
208783,11,1,2021,1,11,2,3,5,7,0,1,1,0,0,0,0,1,793822,7262,5828155,65,13,33180593,52,5241079
208734,11,7,2021,1,12,2,3,5,2,0,0,1,0,1,0,0,1,795219,248,5824365,114,13,34896894,52,48937421
208679,11,5,2021,1,16,1,3,5,2,2,0,1,0,0,0,0,2,781908,5137,5829573,923,13,15787177,52,54311606
208651,11,12,2021,1,23,7,3,0,7,2,0,0,0,1,0,0,1,791716,2523,5833715,242,13,3057301,52,57507937
208639,11,12,2021,1,13,2,3,2,6,0,0,1,0,0,0,0,1,792947,8206,5832179,836,13,32249588,52,56065372
208623,11,4,2021,1,13,7,3,2,2,0,1,1,0,0,0,0,0,792329,2377,5825256,603,13,30730887,52,4989215
208597,11,1,2021,1,18,2,3,6,2,2,0,1,1,0,0,0,1,794063,7798,5828469,151,13,33562594,52,52678829
208581,11,11,2021,1,12,6,3,0,1,0,1,0,0,0,0,0,1,805048,1006,5831501,247,13,4998273,52,5479285
208547,11,12,2021,1,23,6,3,8,1,2,0,1,0,0,0,0,1,792102,5724,5837669,144,13,31490159,52,61031719
208510,11,5,2021,1,15,7,3,5,2,0,0,1,0,0,0,0,0,789018,1024,5829783,79,13,26260159,52,5412664
208496,11,9,2021,1,10,7,3,0,1,0,1,0,0,0,0,0,1,809148,4988,5819519,491,13,54898983,52,43823926
208457,11,1,2021,1,12,7,3,2,6,0,0,1,0,0,0,0,0,795713,819,5828192,436,13,35963144,52,52341529
208414,11,12,2021,1,16,1,3,6,4,2,0,0,1,0,0,1,1,795471,5648,5832479,532,13,35988432,52,56197662
208376,11,2,2021,1,19,2,3,5,2,2,1,1,0,0,0,0,1,802638,4829,5827920,207,13,46113983,52,51717609
208366,11,4,2021,1,23,2,3,5,3,2,0,1,0,0,0,1,0,792066,492,5826858,9,13,30484777,52,51341871
208361,11,9,2021,1,1,1,3,6,4,2,0,1,1,0,0,0,0,810203,5192,5819613,968,13,56454829,52,43848861
208322,11,11,2021,1,7,2,2,6,4,2,0,1,1,0,0,0,1,806555,4587,5833551,868,13,52388131,52,56546025
208271,11,2,2021,1,20,1,3,5,2,2,1,1,0,0,0,0,1,798311,4541,5825329,351,13,39523971,52,49633648
208232,11,1,2021,1,16,7,3,0,7,1,0,1,0,1,0,0,1,795110,9338,5831544,666,13,35374844,52,55379194
208214,11,5,2021,1,0,7,3,9,1,2,0,1,0,0,0,0,1,783785,2905,5822558,789,13,1794905,52,47924257
208187,11,11,2021,1,0,1,3,0,2,2,0,1,0,0,0,0,1,805705,3331,5831358,701,13,50935847,52,54628256
208137,11,4,2021,1,11,1,3,5,2,0,0,1,0,0,0,0,1,790974,116,5826670,181,13,2886383,52,51231845
208122,11,8,2021,1,4,6,3,9,1,2,0,0,0,0,0,1,1,805036,2885,5817845,666,13,48715633,52,42554623
208100,11,4,2021,1,16,7,3,5,2,1,0,1,0,0,0,0,0,792089,6582,5825771,812,13,30424153,52,50366853
115644,11,12,2021,6,17,4,2,5,2,1,1,1,0,0,0,0,0,791883,4019,5839013,549,13,31286042,52,6224869
115642,11,7,2021,9,5,1,2,9,1,2,0,1,0,0,0,0,0,794221,233,5823025,56,13,3331303,52,47790459
115641,11,7,2021,11,15,4,3,2,6,0,0,1,0,0,0,0,0,794429,1214,5823089,821,13,33623919,52,47836863
115640,11,4,2021,8,14,1,3,5,2,0,0,1,0,0,0,0,1,791570,1382,5826545,567,13,29728701,52,51088303
115637,11,2,2021,7,7,2,3,5,2,0,0,1,0,0,0,0,0,800372,9887,5827974,204,13,42790211,52,51891254
115636,11,4,2021,10,10,3,3,2,2,0,1,1,0,0,0,0,1,791845,7789,5826592,29,13,30137783,52,51115215
115635,11,12,2021,12,15,4,3,2,6,1,0,1,0,0,0,0,1,794557,8625,5833881,34,13,34768887,52,57503504
115634,11,4,2021,5,7,6,3,2,6,0,0,1,0,0,0,1,0,791140,28,5829419,906,13,29348356,52,53688097
115631,11,7,2021,1,10,4,3,3,2,0,0,1,0,0,0,0,1,795638,2603,5823236,336,13,35412109,52,47902882
115627,11,1,2021,6,14,2,3,1,5,0,0,1,0,0,0,0,0,797128,4722,5826745,826,13,37912936,52,50967897
115624,11,7,2021,12,16,6,3,6,2,2,0,1,1,0,0,0,1,795242,8346,5823529,518,13,34857516,52,48187091
115623,11,1,2021,8,12,2,3,3,6,0,0,1,0,1,0,0,0,795987,4142,5827312,315,13,36286917,52,51537736
115621,11,12,2021,9,14,1,3,1,5,0,1,1,0,0,0,0,0,791015,6182,5841218,821,13,30201962,52,64272191
115619,11,9,2021,3,21,1,3,5,5,2,1,1,0,0,0,0,1,802930,858,5824726,478,13,46253005,52,48838873
115616,11,7,2021,6,10,1,3,2,6,0,0,1,0,0,0,0,0,797828,3069,5822743,214,13,38583315,52,4734186
115614,11,9,2021,9,10,3,2,0,1,0,1,0,0,0,0,0,0,804509,4389,5823189,906,13,48430389,52,47373877
115613,11,10,2021,11,17,2,3,2,6,2,0,1,0,0,0,0,0,810336,6929,5827083,145,13,5734493,52,50534904
115612,11,4,2021,8,17,3,3,2,6,0,0,1,0,1,0,0,0,792043,5808,5823877,203,13,30190364,52,48670834
115607,11,7,2021,10,17,7,3,1,5,0,1,1,0,0,0,0,0,797834,9232,5822252,26,13,38549196,52,46901413
115606,11,1,2021,12,16,3,3,5,3,2,0,1,0,0,0,1,1,799107,1095,5827693,697,13,40904932,52,517094
115603,11,6,2021,2,19,2,3,2,6,2,0,1,0,0,0,1,0,785280,4223,5816277,423,13,19608087,52,42214409
115599,11,7,2021,6,17,3,3,5,5,0,0,1,0,1,0,0,0,798203,6175,5818848,994,13,38786452,52,43830658
115595,11,7,2021,5,6,4,3,5,7,0,1,1,0,0,0,0,0,799683,6742,5815208,742,13,40631217,52,40486749
115594,11,1,2021,8,8,5,3,3,6,0,0,1,0,0,0,1,0,799003,5737,5828205,284,13,40798787,52,5217364
115587,11,1,2021,7,8,3,3,0,7,0,1,0,0,0,0,0,0,800072,1154,5828070,788,13,42356832,52,5199439
115585,11,12,2021,10,16,2,3,5,2,0,1,1,0,0,0,0,0,791888,6087,5838992,367,13,31291842,52,62229421
115584,11,3,2021,11,16,2,3,5,3,1,0,1,0,0,0,0,0,800173,8223,5832247,771,13,42883612,52,55732743
115583,11,8,2021,9,15,6,3,2,6,0,0,1,0,0,0,0,0,802062,5448,5821856,877,13,44718175,52,46314925
115580,11,4,2021,4,14,4,3,0,1,0,1,0,0,0,0,0,0,789832,9371,5826243,802,13,27149815,52,50910347