OBJECTID,LAND,BEZ,UJAHR,UMONAT,USTUNDE,UWOCHENTAG,UKATEGORIE,UART,UTYP1,ULICHTVERH,IstRad,IstPKW,IstFuss,IstKrad,IstGkfz,IstSonstige,USTRZUSTAND,LINREFX,LINREFY,XGCSWGS84,YGCSWGS84,,,,
115577,11,7,2021,3,15,2,3,5,7,0,0,1,0,0,0,0,1,797918,5341,5820156,317,13,3848487,52,45018072
115576,11,9,2021,10,7,6,3,3,6,1,0,1,0,1,0,0,0,802877,3198,5824778,627,13,46179136,52,48888584
115575,11,3,2021,12,11,4,3,3,6,0,0,1,0,0,0,1,0,798043,6606,5833922,31,13,39901236,52,5735048
115574,11,9,2021,9,21,4,2,3,6,2,0,1,0,0,0,0,1,806567,8035,5818308,95,13,51003355,52,42883483
115572,11,3,2021,2,21,4,3,6,4,2,0,0,1,0,0,1,2,800052,675,5829007,804,13,42412807,52,5283534
115568,11,6,2021,6,10,2,3,5,2,0,1,1,0,0,0,0,0,789579,6468,5817961,3,13,26058598,52,43498
115564,11,6,2021,5,1,4,3,0,1,2,0,1,0,0,0,0,0,778573,4275,5814897,649,13,9655865,52,41322702
115563,11,7,2021,8,13,7,3,0,7,0,0,1,0,0,0,0,0,797349,1362,5822327,457,13,37842867,52,46995282
115559,11,12,2021,7,14,5,3,1,5,0,1,1,0,0,0,0,0,795759,3724,5832649,126,13,3642689,52,56334061
115557,11,4,2021,10,16,2,3,2,6,0,0,1,0,0,0,0,0,792209,2353,5823676,429,13,30416029,52,48481979
115556,11,1,2021,11,7,4,3,6,2,2,0,1,1,0,0,0,1,799791,6383,5828611,657,13,41993451,52,52494619
115552,11,12,2021,1,7,6,3,3,6,0,0,1,0,0,1,0,1,792727,4817,5837424,981,13,32388811,52,60779221
115549,11,1,2021,4,10,2,3,2,6,0,0,1,0,0,0,0,0,796213,7884,5830220,113,13,36878603,52,54132001
115548,11,12,2021,6,2,1,3,9,1,2,0,1,0,0,0,0,0,791813,508,5839299,6,13,31208333,52,62508876
115546,11,4,2021,11,14,6,3,5,3,0,0,1,0,0,0,1,0,792257,905,5826682,827,13,30751306,52,51174548
115544,11,3,2021,5,8,7,2,5,2,0,0,1,0,0,0,0,0,799141,8061,5830374,505,13,4119712,52,54110438
115543,11,7,2021,8,5,1,3,5,2,0,0,1,0,0,0,0,0,797848,5281,5822307,39,13,38574086,52,46950089
115542,11,11,2021,9,12,5,3,3,6,0,0,1,0,0,0,1,0,803795,9588,5827579,12,13,47783405,52,51347552
115538,11,1,2021,2,16,1,3,5,2,0,1,0,0,0,0,0,0,800165,8512,5828031,697,13,4249104,52,51954193
115535,11,7,2021,7,8,5,3,2,6,0,0,1,0,0,0,1,1,796273,844,5822709,4,13,36297283,52,47395803
115533,11,9,2021,9,17,6,3,2,3,0,1,0,0,0,0,1,0,803092,5922,5824569,821,13,46476227,52,48689486
115532,11,3,2021,11,13,2,3,5,2,0,1,1,0,0,0,0,1,798082,9611,5833574,57,13,39927825,52,57036878
115531,11,10,2021,8,14,7,2,0,7,0,1,0,0,0,0,0,0,812196,1132,5827147,555,13,60081637,52,50486553
115526,11,7,2021,7,13,1,3,3,6,0,0,1,0,1,0,0,0,797823,7106,5822488,31,13,38553785,52,47113368
115525,11,3,2021,10,14,5,3,2,6,0,0,1,0,0,0,0,1,800210,2312,5839286,126,13,43574933,52,62039314
115524,11,7,2021,12,17,2,3,0,3,2,0,0,0,1,0,1,0,797550,6852,5818306,766,13,37780491,52,43380165
115523,11,2,2021,5,12,2,3,0,6,0,1,0,0,0,0,0,0,802146,2533,5827747,788,13,45375122,52,51590362
115522,11,2,2021,5,16,7,3,2,6,0,0,1,0,0,0,0,0,802561,7282,5827688,7,13,45980161,52,5151437
115519,11,3,2021,2,16,3,3,6,7,2,0,1,1,0,0,0,1,799165,5228,5830386,212,13,4123304,52,54119629
115515,11,1,2021,6,10,6,3,2,6,0,0,1,0,0,0,0,0,799692,5916,5828505,978,13,41838371,52,5240534
115511,11,7,2021,5,8,6,2,0,7,0,0,1,0,0,0,0,0,800466,1569,5812468,585,13,41532357,52,37987693
115510,11,7,2021,8,15,5,3,2,6,0,0,1,0,0,0,1,0,796847,61,5822389,496,13,37112233,52,47078169
115508,11,8,2021,9,13,7,3,0,7,0,0,0,0,0,0,1,0,801016,5404,5821648,578,13,43164398,52,46185942
115507,11,9,2021,3,10,6,3,5,2,0,1,0,0,0,0,1,1,802709,6029,5825270,788,13,4597759,52,49339007
115503,11,4,2021,7,6,5,2,2,6,0,0,1,0,0,0,0,0,789168,5385,5826160,711,13,26166366,52,50871113
115501,11,4,2021,9,17,5,3,3,6,0,0,1,0,1,0,0,0,791145,8558,5829378,13,13,29353253,52,5365023
115500,11,10,2021,11,13,2,3,6,7,0,1,0,1,0,0,0,0,808048,9874,5827445,904,13,54018635,52,50989646
115499,11,4,2021,8,8,3,3,0,2,0,1,1,0,0,0,0,1,791564,8657,5826544,665,13,29720875,52,51087776
115496,11,6,2021,4,18,5,2,9,1,0,0,0,0,1,0,0,0,785095,8953,5815956,227,13,19310092,52,41936035
115493,11,4,2021,3,15,6,3,5,2,0,0,0,0,0,1,1,0,793302,3784,5826822,804,13,32298312,52,51243969
115492,11,1,2021,10,8,4,3,5,2,0,1,1,0,0,0,0,1,796319,2263,5830073,464,13,3702054,52,53994813
115491,11,7,2021,12,19,5,3,2,6,0,0,1,0,0,0,0,0,796854,4466,5822387,822,13,37122119,52,47076297
115490,11,3,2021,9,21,6,2,5,2,2,0,1,0,0,0,1,0,801348,9709,5831003,534,13,44498869,52,54552629
115488,11,7,2021,2,16,6,3,2,6,0,0,1,0,0,0,0,0,797777,269,5823509,976,13,38576861,52,48031959
115484,11,6,2021,6,16,7,2,1,7,0,0,1,0,0,0,0,0,790726,328,5818643,664,13,27799992,52,44049192
115480,11,1,2021,5,8,5,3,3,6,0,0,1,0,1,0,0,0,799187,703,5828390,667,13,41085107,52,52329743
115479,11,4,2021,5,20,7,3,5,3,0,0,1,0,0,0,1,0,792384,1254,5826703,72,13,30938603,52,51186514
115478,11,7,2021,8,11,5,3,3,6,0,1,0,0,0,1,1,0,795560,3455,5823888,428,13,35355527,52,48491652
115474,11,4,2021,7,16,2,3,8,1,0,0,1,0,0,0,0,0,792063,3455,5823862,24,13,30218077,52,48656362
115470,11,11,2021,7,15,3,3,2,6,0,1,1,0,0,0,0,0,803778,7922,5827580,785,13,47758338,52,5135
115468,11,7,2021,10,13,7,3,1,5,0,0,1,0,0,0,1,0,798324,1365,5818500,906,13,38932158,52,43512062
115467,11,3,2021,11,19,1,3,1,5,2,1,1,0,0,0,0,1,801011,3286,5830594,723,13,43965417,52,54204871
115466,11,3,2021,9,14,6,3,0,2,0,0,1,0,0,0,1,0,802791,2609,5832257,26,13,46733603,52,55596353
115463,11,12,2021,4,0,7,3,8,1,2,0,1,0,0,0,0,0,791862,911,5831369,927,13,3058249,52,55397574
115460,11,3,2021,4,14,6,3,2,6,0,0,1,0,1,0,0,0,797848,3408,5837673,667,13,39951188,52,60723973
115459,11,4,2021,10,7,5,3,2,6,0,0,1,0,0,0,0,0,791655,2298,5824286,441,13,29655873,52,49058472
115458,11,1,2021,12,19,3,3,3,2,2,1,1,0,0,0,0,0,799571,12,5828269,929,13,41638443,52,5220044
115457,11,12,2021,5,16,3,3,2,6,0,0,1,0,1,0,0,0,790764,4607,5834742,757,13,29262594,52,58480023
115456,11,9,2021,7,14,7,3,2,7,0,0,1,0,0,0,0,0,804168,368,5823519,231,13,47959819,52,47688046
115453,11,9,2021,2,20,2,3,5,3,2,1,1,0,0,0,0,0,805147,852,5822568,757,13,49310587,52,46781541
115450,11,3,2021,6,18,3,3,5,2,0,1,1,0,0,0,0,0,801433,9662,5829173,243,13,44457808,52,52907426
115447,11,2,2021,10,10,5,3,5,2,0,0,1,0,0,0,0,1,797866,1764,5825500,474,13,38885306,52,49811359
115446,11,2,2021,12,19,2,3,2,6,2,0,1,0,0,0,0,1,797844,8639,5825011,23,13,38810259,52,49373973
115444,11,4,2021,1,15,3,3,2,6,0,0,1,0,0,0,1,1,790740,9749,5826291,537,13,28488172,52,50904822
115440,11,7,2021,6,19,7,3,5,2,0,0,1,0,0,0,0,0,798881,5821,5817221,652,13,39635394,52,42334931
115436,11,1,2021,5,20,4,3,2,6,1,0,1,0,0,0,0,0,799793,4001,5828679,678,13,42002172,52,52555492
115435,11,1,2021,5,15,6,3,0,6,0,0,1,0,1,0,0,1,796025,9101,5829345,138,13,36524435,52,53357882
115434,11,4,2021,8,17,5,3,5,3,0,1,1,0,0,0,0,0,790254,6687,5826331,512,13,27777122,52,50966557
115427,11,4,2021,7,20,3,2,0,2,1,1,0,0,0,0,0,0,792384,242,5826703,703,13,30938453,52,51186504
115425,11,2,2021,10,20,2,3,4,7,2,0,1,0,0,0,0,0,802141,9085,5826113,124,13,45220365,52,5012545
115424,11,3,2021,11,5,3,3,5,3,2,1,1,0,0,0,0,1,801005,9477,5829623,609,13,43869542,52,53334746
115423,11,4,2021,9,17,6,3,2,6,0,0,1,0,0,0,0,0,791527,8389,5829160,647,13,29895775,52,53434945
115420,11,12,2021,4,10,2,3,3,6,0,0,0,0,0,1,1,0,795380,9528,5833692,27,13,35963117,52,57289466
115417,11,4,2021,3,16,3,3,5,2,0,1,1,0,0,0,0,0,791855,8875,5826593,765,13,30152788,52,5111623
115416,11,7,2021,10,8,2,3,2,6,0,0,1,0,0,0,0,0,797823,5764,5822490,992,13,38553853,52,47116029
115415,11,4,2021,12,14,5,3,2,6,1,0,1,0,0,0,1,1,790560,872,5825136,1,13,28122703,52,49878471
115414,11,3,2021,6,8,3,3,2,6,0,0,1,0,0,0,0,0,800003,5034,5830309,363,13,42458022,52,54004677
115413,11,4,2021,9,20,4,3,3,6,2,0,1,0,0,1,0,1,790510,2106,5825528,154,13,28082494,52,50232738
115411,11,6,2021,2,14,1,2,2,6,0,0,1,0,1,0,0,0,787885,2271,5821881,625,13,23911015,52,47102545
115408,11,4,2021,6,18,7,3,8,1,0,0,1,0,0,0,0,0,792627,744,5823353,668,13,31002254,52,48170218
115405,11,7,2021,5,18,1,3,2,6,0,0,1,0,0,0,1,1,795753,515,5823099,571,13,35569191,52,47774042
115404,11,3,2021,8,19,1,3,0,1,0,1,0,0,0,0,0,0,799225,8742,5832014,452,13,41468474,52,55575777
115400,11,3,2021,7,2,4,3,2,6,2,1,0,0,0,0,0,1,799163,268,5830607,422,13,41249291,52,54318047
115398,11,11,2021,10,12,4,3,5,3,0,0,1,0,0,0,1,0,805652,666,5827389,905,13,50492697,52,51074281
115397,11,8,2021,11,14,7,3,2,6,0,0,1,0,0,0,0,1,802090,1096,5821851,669,13,44758153,52,46308734
115396,11,4,2021,5,15,2,3,2,6,0,0,1,0,1,0,0,0,790872,2053,5824707,557,13,28542625,52,49477785
115394,11,7,2021,4,10,6,3,6,7,0,0,1,1,0,0,0,0,798846,8789,5817304,102,13,39591876,52,42410734
115391,11,12,2021,1,1,2,3,5,7,2,0,1,0,0,0,0,1,795828,37,5832343,686,13,36500662,52,56056534
115388,11,4,2021,4,17,5,3,2,6,0,0,1,0,0,0,0,0,792306,1337,5823564,494,13,30548504,52,48376444
115387,11,3,2021,6,9,4,3,6,4,0,1,0,1,0,0,0,0,798013,3179,5833719,831,13,39838424,52,57170897
115385,11,1,2021,12,11,5,3,2,6,0,0,1,0,0,0,0,1,798638,483,5827034,88,13,40157234,52,51144542
115384,11,7,2021,5,8,4,3,2,2,0,0,1,0,0,0,0,0,796602,3502,5816010,29,13,36186011,52,41373054
115383,11,10,2021,8,15,4,3,2,6,0,0,1,0,0,0,0,0,807669,2504,5829970,436,13,53694371,52,53273555
115382,11,3,2021,9,12,5,3,5,2,0,1,1,0,0,0,0,0,800767,345,5829819,755,13,4353659,52,53523727
115379,11,7,2021,3,10,2,3,2,6,0,0,1,0,0,1,0,0,797952,8931,5819962,462,13,38517987,52,44842429
115376,11,2,2021,6,9,3,2,5,2,0,1,0,0,0,1,0,0,797897,8275,5825434,918,13,3892593,52,49750869
115374,11,5,2021,9,11,4,3,5,2,0,0,1,0,0,0,0,0,783515,2877,5826712,876,13,17906168,52,51662957
115373,11,1,2021,10,14,1,3,0,2,0,1,1,0,0,0,0,0,799792,4349,5828612,935,13,41994737,52,5249572
115372,11,2,2021,8,22,1,3,8,1,2,0,1,0,0,0,0,0,800970,3627,5827852,244,13,43656921,52,51749004
115367,11,4,2021,7,12,7,3,1,5,0,1,1,0,0,0,0,0,787877,4353,5825954,276,13,24251411,52,50754321
115366,11,7,2021,10,19,5,3,2,6,1,0,1,0,0,0,0,1,795220,9047,5822902,26,13,34769781,52,47625983
115365,11,10,2021,12,18,2,3,5,3,2,1,1,0,0,0,0,0,809660,1683,5827317,94,13,5637321,52,50783755
115364,11,6,2021,5,17,1,3,2,6,0,0,1,0,0,0,1,0,784957,2324,5817376,116,13,19227713,52,43216362
115361,11,3,2021,2,14,3,3,0,2,0,1,0,0,0,0,1,1,799688,867,5830258,74,13,41990858,52,53976017
115357,11,3,2021,6,14,6,3,2,6,0,0,1,0,0,0,0,0,800310,2512,5830043,229,13,42884905,52,53749237
115353,11,3,2021,5,13,2,2,5,2,0,1,0,0,0,1,0,0,798116,7335,5835781,42,13,40175954,52,59012808
115352,11,1,2021,8,22,7,3,2,6,2,0,1,0,0,0,0,0,796218,6357,5825862,704,13,36497662,52,50225741
115350,11,4,2021,9,10,4,3,3,6,0,0,1,0,0,1,0,0,787521,2722,5825897,186,13,23723155,52,5072192
115348,11,1,2021,3,19,2,2,6,4,2,0,1,1,0,0,0,1,799785,9017,5828602,456,13,41984191,52,52486687
115344,11,12,2021,7,13,2,3,2,6,0,0,1,0,0,0,0,0,791885,3908,5839005,453,13,31288257,52,62241325
115342,11,9,2021,9,12,3,3,6,2,0,0,1,1,0,0,0,0,805458,105,5822258,8,13,49737515,52,46486404
115341,11,3,2021,11,7,3,2,0,1,0,1,0,0,0,0,0,1,802770,575,5832785,415,13,46751364,52,56070876
115340,11,2,2021,8,12,5,3,5,2,0,1,1,0,0,0,0,0,797898,3349,5825432,554,13,38926464,52,49748722
115337,11,3,2021,4,16,5,3,3,6,0,0,1,0,0,0,0,0,799142,3576,5832305,623,13,41371895,52,55841353
115334,11,6,2021,3,14,2,3,5,2,0,1,1,0,0,0,0,1,789579,102,5817961,181,13,26057679,52,43498193
115333,11,7,2021,10,12,4,3,5,3,0,0,1,0,1,0,0,1,798039,5547,5819470,87,13,38601273,52,44397046
115332,11,1,2021,12,16,3,3,5,3,1,0,1,0,0,0,0,1,795878,6791,5832059,299,13,36549796,52,55798859
115331,11,10,2021,9,7,5,3,5,3,0,0,1,0,0,0,0,1,808930,197,5827407,125,13,55309359,52,50905064
115329,11,11,2021,2,12,1,3,3,6,0,0,1,0,0,0,1,2,805162,9532,5827444,262,13,49779205,52,51150381
115325,11,2,2021,6,13,7,3,2,6,0,0,1,0,0,0,0,0,803526,8071,5827605,271,13,47390386,52,51385974
115320,11,6,2021,5,7,4,3,1,1,0,1,1,0,0,0,0,0,790364,8435,5818432,59,13,27251295,52,43878689
115319,11,2,2021,8,14,2,3,6,4,0,1,0,1,0,0,0,0,803474,3464,5827595,52,13,47312427,52,51380154
115315,11,4,2021,7,16,2,3,3,6,0,0,1,0,0,1,0,0,794188,209,5823021,413,13,33263904,52,47788531
115312,11,3,2021,7,6,6,2,2,6,0,0,1,0,0,1,0,1,799532,2184,5840731,893,13,427074,52,63372596
115310,11,2,2021,10,18,7,3,5,3,0,0,1,0,0,0,1,0,797886,146,5825492,833,13,38913953,52,49803421
115309,11,11,2021,11,11,2,3,5,2,0,0,1,0,0,0,1,0,803759,7974,5827566,547,13,47729134,52,51338297
115308,11,2,2021,5,8,2,3,5,2,0,1,1,0,0,0,0,0,797898,3349,5825432,554,13,38926464,52,49748722
115306,11,7,2021,9,11,7,3,3,6,0,0,1,0,0,0,1,0,795218,814,5822882,283,13,34763867,52,47608227
115303,11,7,2021,4,6,3,3,2,6,0,0,1,0,0,0,0,0,799411,331,5821538,273,13,40798451,52,46175272
115300,11,7,2021,4,17,6,3,2,6,0,0,1,0,0,0,0,0,796071,2918,5825473,918,13,3624666,52,49885225
115299,11,12,2021,7,15,2,3,5,2,0,1,1,0,0,0,0,0,795828,3672,5832341,796,13,36500979,52,56054822
115297,11,4,2021,10,12,7,3,2,6,0,0,1,0,0,0,0,0,790416,4396,5827768,394,13,2814024,52,52246121
115296,11,4,2021,12,11,3,3,2,6,0,0,1,0,0,0,0,0,791127,1042,5829357,44,13,29323882,52,53632788
115295,11,6,2021,5,16,3,3,2,6,0,0,1,0,0,0,0,0,790620,5746,5818559,769,13,27637553,52,43979599
115294,11,3,2021,8,18,3,3,0,7,0,1,0,0,0,0,0,0,800203,3069,5831120,398,13,42825039,52,54720625
115291,11,7,2021,3,8,4,3,5,2,0,1,1,0,0,0,0,0,798225,9006,5818769,853,13,38812075,52,43758502
115288,11,4,2021,6,23,1,3,8,1,2,0,1,0,0,0,0,0,790872,386,5824707,697,13,28542393,52,49477919
115286,11,11,2021,9,12,3,3,2,2,0,1,1,0,0,0,0,0,804235,9806,5827518,658,13,48424296,52,51268837
115285,11,2,2021,5,15,2,3,2,2,0,0,1,0,0,0,0,0,797873,2738,5825445,1,13,38890769,52,49761247
115284,11,3,2021,8,12,3,2,5,2,0,0,1,0,1,0,0,0,799219,5428,5831434,484,13,41406893,52,55056276
115280,11,12,2021,7,10,3,3,5,3,0,0,1,0,0,0,0,0,795421,7279,5833562,357,13,36011558,52,57171017
115278,11,4,2021,10,9,5,2,9,1,0,1,0,0,0,0,0,0,786462,22,5825927,433,13,22169313,52,50804763
115277,11,3,2021,11,17,5,3,5,2,1,1,1,0,0,0,0,0,799220,7687,5831454,912,13,41410536,52,55074519
115273,11,1,2021,1,5,5,3,6,2,2,0,1,1,0,0,0,1,796420,6609,5826329,247,13,36835955,52,50632981
115269,11,7,2021,6,18,1,3,6,7,0,1,0,1,0,0,0,0,797844,4407,5822094,773,13,38549107,52,46759725
115266,11,12,2021,12,14,3,3,2,6,0,0,1,0,0,0,0,2,794558,8474,5833836,13,13,34766337,52,57463093
115265,11,3,2021,5,8,6,3,5,2,0,1,1,0,0,0,0,1,803324,592,5833647,293,13,47644925,52,56812514
115264,11,3,2021,6,15,4,3,5,3,0,0,1,0,1,0,0,0,798052,4662,5834008,769,13,39921988,52,57427745
115263,11,3,2021,8,17,6,3,2,6,0,1,1,0,0,0,0,0,801829,8011,5831386,955,13,45240627,52,54869672
115261,11,12,2021,9,17,3,3,2,3,0,0,1,0,1,0,1,0,794457,4105,5834356,9,13,34663278,52,57934788
115259,11,1,2021,3,18,6,3,2,7,2,0,1,0,1,0,0,0,798822,4872,5828009,169,13,40515064,52,52007778
115256,11,7,2021,6,11,2,3,2,6,0,0,1,0,0,0,0,0,798041,9116,5819017,229,13,38564272,52,43990277
115254,11,10,2021,9,20,4,3,3,6,2,1,1,0,0,0,0,0,808274,3962,5831917,631,13,54764348,52,54984405
115253,11,1,2021,11,8,2,3,5,3,0,1,1,0,0,0,0,1,795877,854,5832063,731,13,36548977,52,55802876
115252,11,6,2021,9,13,4,3,5,2,0,1,1,0,0,0,0,0,790291,8532,5818366,836,13,27138554,52,43824089
115248,11,1,2021,7,11,5,3,3,6,0,0,1,0,0,0,1,0,795942,83,5829467,234,13,36412083,52,53471881
115247,11,3,2021,10,9,5,3,5,3,0,1,1,0,0,0,0,1,803319,1692,5833642,56,13,47636516,52,56808575
115246,11,4,2021,12,12,4,3,2,6,0,0,1,0,0,0,0,1,791265,5844,5829827,208,13,29568654,52,54046529
115245,11,2,2021,5,16,1,2,6,2,0,0,1,1,0,0,0,1,797025,4864,5825883,779,13,37684725,52,50200772
115244,11,4,2021,8,19,3,3,5,2,1,1,1,0,0,0,0,0,791024,9822,5826458,32,13,28920021,52,51038941
115240,11,2,2021,7,18,3,3,5,2,0,1,1,0,0,0,0,0,802035,297,5827023,689,13,45145995,52,5094751
115238,11,3,2021,10,14,3,3,5,3,0,0,1,0,0,0,0,1,798114,3654,5835733,138,13,40168158,52,58969999
115237,11,9,2021,11,0,6,3,0,7,2,0,1,0,0,0,0,0,802969,5685,5821182,369,13,45987958,52,45660151
115235,11,4,2021,5,14,6,2,3,6,0,0,1,0,0,1,1,0,790631,1603,5825957,318,13,28297641,52,50611045
115232,11,1,2021,1,18,3,2,5,2,2,0,1,0,0,0,0,0,796201,537,5830191,629,13,36858051,52,54107134
115229,11,2,2021,4,7,1,3,1,7,0,0,1,0,0,0,0,1,803554,8006,5827586,444,13,47429793,52,51367542
115228,11,2,2021,6,10,4,3,2,4,0,1,0,1,0,0,0,0,797772,573,5824636,396,13,38670595,52,49041922
115225,11,7,2021,12,18,4,3,6,7,2,0,0,1,0,0,1,1,799254,2114,5816323,815,13,40101459,52,41509766
115224,11,4,2021,8,15,7,3,5,2,0,1,0,0,0,0,0,0,791846,8636,5826592,214,13,30139393,52,51115322
115222,11,2,2021,9,17,7,3,2,6,1,1,1,0,0,0,0,1,802046,3726,5827074,679,13,45167285,52,50992585
115220,11,3,2021,3,11,5,2,6,4,0,0,1,1,0,0,0,0,802139,8669,5831501,855,13,45706967,52,54955468
115217,11,1,2021,6,8,2,3,0,3,0,1,1,0,0,0,0,0,795861,8024,5832068,738,13,36525815,52,55808236
115215,11,3,2021,9,14,6,3,5,3,0,1,1,0,0,0,0,0,799237,931,5831941,483,13,41478395,52,55509756
115214,11,7,2021,11,0,5,2,6,2,2,0,1,1,0,0,0,1,795236,5971,5823509,692,13,34846601,52,48169656
115213,11,10,2021,8,10,5,2,5,2,0,1,0,0,0,0,1,0,809659,5512,5827336,26,13,56373986,52,50799999
115208,11,12,2021,7,9,6,2,6,4,0,0,0,1,0,0,1,0,794066,6383,5835075,749,13,34152097,52,58601041
115207,11,11,2021,10,13,6,3,0,7,0,0,0,0,1,0,0,1,804540,6898,5827485,638,13,48868899,52,5122224
115206,11,11,2021,12,12,2,3,3,6,0,0,1,0,0,1,0,0,804883,651,5827448,154,13,49369274,52,51169486
115203,11,2,2021,1,15,3,3,0,2,0,1,1,0,0,0,0,1,802032,4311,5827012,7,13,45141118,52,50937184
115199,11,10,2021,6,7,2,2,6,2,0,0,1,1,0,0,0,0,810878,4297,5827088,184,13,5814099,52,50508582
115195,11,9,2021,5,18,1,3,5,3,0,1,1,0,0,0,0,1,804106,561,5824366,79,13,47946399,52,48451132
115194,11,7,2021,6,12,6,3,3,6,0,0,1,0,1,0,0,0,797330,1297,5822340,749,13,37816154,52,47008231
115193,11,6,2021,8,6,7,3,8,1,0,0,0,0,0,0,1,0,792896,7096,5820055,489,13,31107679,52,45199057
115187,11,4,2021,7,13,7,3,3,6,0,0,1,0,1,0,1,0,792398,3222,5823205,971,13,3065243,52,48050099
115185,11,12,2021,10,11,6,3,5,3,0,0,1,0,0,0,0,0,792782,403,5837344,434,13,32462024,52,60704077
115184,11,1,2021,11,16,2,2,0,7,1,0,0,0,0,0,1,1,796352,85,5828840,597,13,36960043,52,52887845
115183,11,4,2021,8,8,2,2,0,1,0,1,0,0,0,0,0,1,790372,6662,5826351,84,13,27952208,52,50977824
115180,11,12,2021,4,10,3,3,5,3,0,1,1,0,0,0,0,0,792823,1985,5837273,103,13,32516318,52,60637917
115177,11,7,2021,3,16,6,3,2,6,0,0,1,0,0,0,1,0,797831,1429,5822322,38,13,38549907,52,46964475
115176,11,10,2021,10,18,4,2,6,4,2,1,0,1,0,0,0,0,810356,2826,5827082,433,13,57373633,52,50533152
115175,11,10,2021,12,15,5,3,2,3,0,1,1,0,0,0,0,1,807669,372,5830002,109,13,53697481,52,53301934
115174,11,1,2021,9,21,2,3,1,5,2,1,1,0,0,0,0,0,794879,6465,5827128,431,13,34642881,52,51432903
115172,11,4,2021,2,11,5,3,3,6,0,0,1,0,0,0,0,2,787973,238,5825969,729,13,24393199,52,5076313
115168,11,12,2021,6,23,4,2,1,5,2,1,1,0,0,0,0,0,795814,4755,5832332,835,13,36479748,52,56047544
115163,11,1,2021,5,8,4,3,2,6,0,0,1,0,0,0,0,0,796435,1589,5826378,194,13,36861612,52,5067607
115162,11,4,2021,8,9,4,3,2,6,0,0,1,0,0,0,1,0,790468,7914,5827632,803,13,28205342,52,52121775
115158,11,1,2021,7,23,2,3,1,5,2,1,1,0,0,0,0,0,795998,715,5831452,431,13,36671282,52,55248375
115155,11,6,2021,7,22,6,3,5,2,2,1,0,0,0,0,1,1,790294,1564,5818368,259,13,27142056,52,43825242
115153,11,2,2021,10,14,4,3,3,6,0,0,1,0,0,0,0,0,800387,6745,5827977,421,13,4281208,52,51893329
115152,11,4,2021,11,9,3,3,6,7,0,0,1,1,0,0,0,1,792033,6712,5826623,606,13,30416631,52,51133467
115150,11,2,2021,9,22,5,3,6,6,2,1,0,1,0,0,0,0,802593,9702,5827685,465,13,46027235,52,51509681
115148,11,4,2021,6,15,7,3,6,4,0,0,1,1,0,0,0,0,791448,9747,5826546,32,13,29550736,52,51095453
115146,11,6,2021,4,4,2,3,0,7,2,0,1,0,0,0,0,0,785393,393,5818267,771,13,1994313,52,43993112
115143,11,4,2021,3,10,4,2,5,7,0,0,1,0,0,0,0,0,792130,457,5826661,219,13,30562143,52,51162003
115142,11,9,2021,7,20,4,3,5,3,0,0,1,0,0,0,1,0,802580,269,5825073,445,13,4576975,52,491693
115140,11,4,2021,10,21,2,3,6,2,2,0,1,1,0,0,0,0,791560,5247,5826565,167,13,29716293,52,51106388
115139,11,7,2021,6,14,7,2,5,7,0,1,0,0,0,1,0,0,798485,7567,5818110,52,13,39134344,52,43153309
115138,11,4,2021,12,17,6,3,2,6,2,0,1,0,0,0,0,0,790561,8244,5825168,191,13,28126911,52,4990728
115137,11,7,2021,8,14,5,3,3,6,0,0,0,0,1,0,1,0,797889,388,5820398,308,13,38463691,52,45236579
115136,11,7,2021,9,17,6,3,5,3,0,0,1,0,0,0,0,1,798039,3446,5819472,66,13,38601072,52,4439813
115132,11,4,2021,2,9,3,3,5,2,0,1,1,0,0,0,0,0,792741,5603,5826763,859,13,31469086,52,51221254
115129,11,7,2021,6,14,4,3,2,6,0,0,1,0,0,0,0,0,797865,2948,5820536,799,13,38440694,52,45362034
115127,11,1,2021,9,21,7,3,2,6,2,0,1,0,0,0,0,0,799706,5468,5828469,702,13,4185561,52,52372057
115126,11,3,2021,8,8,4,3,3,6,0,1,1,0,0,0,0,0,800269,1376,5831825,268,13,42985568,52,55348789
115123,11,2,2021,7,16,6,3,5,3,0,0,1,0,1,0,0,0,803096,2419,5827650,3,13,46761943,52,51450275
115121,11,1,2021,10,15,6,3,2,6,0,0,1,0,0,0,0,1,796035,5102,5831394,238,13,3672115,52,55194176
115120,11,5,2021,12,7,3,3,2,6,0,0,1,0,0,0,0,0,783994,1713,5826586,487,13,18599216,52,51524717
115119,11,2,2021,4,18,6,3,0,1,1,1,0,0,0,0,0,0,801992,3152,5828182,942,13,45188456,52,51988917
115116,11,9,2021,1,17,3,3,6,2,2,0,1,1,0,0,0,1,802670,9121,5825216,967,13,45915886,52,49292914
115112,11,7,2021,6,15,2,3,2,6,0,0,1,0,0,0,1,0,797877,15,5820468,853,13,38451829,52,45300489
115109,11,7,2021,12,19,2,3,1,5,2,1,1,0,0,0,0,0,795692,7732,5823984,24,13,35558459,52,48570176