OBJECTID,LAND,BEZ,UJAHR,UMONAT,USTUNDE,UWOCHENTAG,UKATEGORIE,UART,UTYP1,ULICHTVERH,IstRad,IstPKW,IstFuss,IstKrad,IstGkfz,IstSonstige,USTRZUSTAND,LINREFX,LINREFY,XGCSWGS84,YGCSWGS84,,,,
115108,11,4,2021,5,11,6,3,2,7,0,0,1,0,0,0,1,0,790663,592,5824996,54,13,28261382,52,49747538
115107,11,4,2021,8,10,2,3,3,6,0,1,1,0,0,0,0,0,792129,4758,5826661,52,13,30560687,52,51161906
115105,11,1,2021,9,7,3,3,0,6,0,1,0,0,0,0,1,0,798122,6946,5827657,924,13,39455275,52,51731234
115103,11,7,2021,3,15,6,2,6,4,0,0,1,1,0,0,0,0,799169,7176,5816471,283,13,39990777,52,41646572
115100,11,3,2021,7,14,5,3,2,6,0,0,1,0,0,0,1,1,797962,181,5834415,803,13,39825735,52,57797537
115098,11,4,2021,9,13,2,2,2,6,0,0,1,0,0,0,1,0,790649,1626,5828804,971,13,28572896,52,53163011
115097,11,1,2021,11,9,5,3,3,6,0,1,0,0,0,0,0,0,799669,4469,5828467,39,13,41800882,52,52372024
115096,11,4,2021,8,16,6,3,2,6,0,0,1,0,0,0,0,0,792664,5648,5823337,323,13,31054885,52,48153591
115091,11,4,2021,10,16,6,3,2,6,1,0,1,0,0,0,0,1,790756,8699,5824879,323,13,2838821,52,49637919
115090,11,7,2021,12,17,6,2,6,4,2,0,1,1,0,0,0,1,796596,6028,5815996,657,13,36176377,52,41361145
115087,11,11,2021,1,16,6,3,5,2,2,1,1,0,0,0,0,1,804249,7475,5827531,799,13,48445721,52,51279847
115083,11,1,2021,6,5,5,3,5,3,0,0,1,0,0,0,0,0,796437,3879,5826316,888,13,36859427,52,50620994
115079,11,4,2021,5,15,4,3,2,6,0,0,1,0,0,0,0,0,791848,6945,5824083,281,13,29922214,52,48866001
115078,11,7,2021,8,15,6,3,5,2,0,1,1,0,0,0,0,0,795230,7697,5823535,285,13,34840312,52,48192914
115071,11,7,2021,7,14,5,3,2,6,0,0,1,0,0,0,0,0,795317,2563,5822785,826,13,34900923,52,47516398
115069,11,1,2021,10,15,3,3,0,2,0,1,1,0,0,0,0,1,799261,8696,5827859,517,13,4114724,52,51849542
115068,11,7,2021,11,16,5,3,6,4,0,0,1,1,0,0,0,1,797870,3018,5820507,722,13,38445447,52,45335697
115067,11,4,2021,9,11,6,3,2,6,0,0,1,0,0,0,0,0,790468,6622,5827594,352,13,28201795,52,5208731
115064,11,4,2021,4,16,4,3,2,6,0,0,1,0,0,0,0,0,791212,4377,5829675,195,13,29477187,52,53913092
115061,11,1,2021,3,13,6,3,5,3,0,0,1,0,0,0,0,0,795878,9476,5832057,858,13,36550062,52,55797552
115060,11,12,2021,10,22,3,2,0,1,2,0,0,0,1,0,0,1,792886,9275,5832275,174,13,32168432,52,56154113
115059,11,1,2021,12,18,7,3,0,6,2,0,1,0,1,0,0,1,796413,7514,5826241,151,13,36817961,52,50554387
115058,11,2,2021,9,16,1,3,2,2,0,1,1,0,0,0,0,0,802797,1233,5827665,93,13,46323845,52,51480148
115056,11,11,2021,2,16,7,3,0,7,1,0,1,0,0,0,0,0,807003,807,5827371,978,13,52475537,52,50982351
115052,11,5,2021,6,17,4,2,5,2,0,0,1,0,1,0,0,0,785373,567,5826218,253,13,20594138,52,51122586
115048,11,7,2021,5,17,4,3,2,6,0,0,1,0,0,0,0,0,794559,2732,5823114,934,13,33817223,52,47852357
115047,11,4,2021,8,10,4,3,5,2,0,1,1,0,0,0,0,0,791024,4361,5826476,598,13,28920842,52,51055614
115042,11,8,2021,1,20,2,3,5,3,2,0,1,0,0,0,0,1,800999,6172,5821672,991,13,43141766,52,46208756
115038,11,7,2021,6,6,5,3,2,6,0,0,1,0,0,0,0,0,798518,8065,5822085,263,13,39538029,52,46714396
115034,11,7,2021,5,14,2,2,5,3,0,1,0,0,0,0,1,0,797899,1737,5820343,248,13,38473138,52,4518669
115033,11,1,2021,8,18,5,3,2,6,0,0,1,0,1,0,0,0,796343,923,5830077,937,13,37057247,52,53997479
115026,11,4,2021,7,23,7,3,2,6,2,0,1,0,0,0,0,0,788345,243,5826029,996,13,24945009,52,50797513
115024,11,4,2021,10,15,7,3,2,6,0,0,1,0,0,0,0,0,788384,8431,5826036,435,13,25004074,52,50801181
115023,11,5,2021,11,16,4,3,8,7,1,0,1,0,0,0,0,0,780645,5907,5822885,876,13,13365691,52,48379816
115022,11,2,2021,9,13,7,3,2,6,0,0,1,0,0,0,0,0,803097,124,5827633,336,13,46761694,52,51435022
115019,11,1,2021,4,20,3,2,5,3,1,0,1,0,0,0,1,0,799571,12,5828269,929,13,41638443,52,5220044
115016,11,7,2021,3,11,4,3,2,6,0,0,1,0,0,0,1,0,797855,7144,5821404,286,13,38504028,52,46140165
115015,11,3,2021,10,19,1,2,2,6,2,0,1,0,0,0,0,1,801133,8996,5837311,46,13,4475551,52,60218326
115014,11,8,2021,12,10,6,3,3,6,0,0,1,0,0,1,0,0,801986,421,5821846,914,13,44605009,52,46310224
115013,11,2,2021,9,5,1,3,2,4,2,0,1,1,0,0,0,0,797844,9792,5824959,104,13,38805769,52,49327242
115011,11,12,2021,2,21,2,3,8,1,2,0,1,0,0,0,0,2,790530,9014,5841892,452,13,29546883,52,64902042
115007,11,6,2021,6,14,5,3,2,6,0,0,1,0,0,0,0,0,793786,934,5820758,136,13,3247452,52,45781228
115002,11,1,2021,5,20,3,3,3,6,1,0,1,0,0,0,0,1,799705,2879,5828467,538,13,41853565,52,52370186
115001,11,2,2021,8,9,2,3,5,2,0,1,0,0,0,1,0,0,801681,565,5828880,61,13,44795141,52,52631441
114997,11,9,2021,7,16,2,3,5,2,0,0,1,0,0,0,0,0,802671,471,5825217,155,13,45916101,52,49293074
114995,11,2,2021,7,0,4,3,5,3,2,1,1,0,0,0,0,1,801653,5942,5828873,615,13,44753401,52,52626719
114993,11,3,2021,10,17,5,3,5,2,0,0,1,0,0,0,0,0,797157,1286,5838899,228,13,39043545,52,61860349
114992,11,10,2021,11,9,2,3,5,2,0,0,1,0,0,0,1,1,812048,9709,5827139,718,13,59864819,52,50487947
114990,11,4,2021,9,16,4,3,2,6,0,0,1,0,0,0,0,0,790064,1657,5825197,106,13,27398375,52,49959677
114987,11,4,2021,4,14,4,3,2,6,0,0,1,0,1,0,1,0,790597,2169,5825076,743,13,28170922,52,49823411
114984,11,7,2021,4,15,3,3,2,6,0,0,1,0,0,0,0,0,798546,1569,5822068,126,13,39576638,52,4669754
114983,11,9,2021,7,4,1,3,0,1,2,1,0,0,0,0,0,0,802696,6918,5825221,445,13,45954148,52,49295497
114981,11,2,2021,10,19,2,3,5,2,2,1,1,0,0,0,0,0,802580,8809,5827686,778,13,46008124,52,51511584
114980,11,6,2021,12,19,7,3,2,6,2,0,1,0,0,0,0,1,789578,3764,5817961,359,13,26056765,52,43498386
114979,11,3,2021,8,8,4,3,5,2,0,1,1,0,0,0,0,0,799716,9672,5830274,487,13,42033647,52,53989183
114978,11,7,2021,9,12,4,3,5,2,0,0,1,0,0,0,1,0,796034,264,5825282,561,13,36175265,52,49715699
114974,11,1,2021,3,13,3,3,5,2,0,1,1,0,0,0,0,0,796195,46,5830185,826,13,36847991,52,54102285
114971,11,4,2021,6,17,4,3,3,6,0,0,1,0,0,0,1,0,793292,727,5826869,321,13,32288231,52,51286189
114969,11,1,2021,9,23,6,3,6,4,2,1,0,1,0,0,0,0,799817,952,5828653,437,13,42035887,52,52530621
114968,11,12,2021,11,11,7,3,5,2,0,0,1,0,0,0,0,0,795336,4422,5833746,175,13,35902452,52,57340421
114967,11,1,2021,8,13,1,3,5,3,0,0,1,0,0,0,0,1,799119,178,5827656,891,13,4091912,52,51675755
114963,11,2,2021,7,19,7,3,2,6,0,0,1,0,0,0,0,0,797918,476,5825340,678,13,38947199,52,4966529
114962,11,7,2021,10,15,5,3,0,7,0,0,0,0,1,0,0,1,795427,9894,5822838,372,13,35068139,52,47557515
114961,11,9,2021,12,16,4,3,5,2,2,1,1,0,0,0,0,0,806133,5022,5821620,399,13,50670041,52,45876445
114960,11,4,2021,5,18,7,3,3,6,0,0,1,0,0,0,0,0,790678,4558,5824979,265,13,28281751,52,49731695
114957,11,7,2021,1,10,6,3,5,2,0,0,1,0,0,0,0,1,797057,4444,5816814,445,13,36924546,52,42069235
114953,11,7,2021,6,16,6,3,2,6,0,1,1,0,0,0,0,0,798418,958,5818273,75,13,39049686,52,43303317
114949,11,2,2021,5,19,3,3,3,6,0,1,0,0,0,0,0,0,801857,3072,5826475,209,13,44835189,52,50465741
114948,11,10,2021,8,8,5,3,5,2,0,1,1,0,0,0,0,0,811528,2057,5827129,827,13,59099124,52,5050884
114946,11,7,2021,9,9,1,3,3,6,0,0,1,0,0,0,1,0,797827,961,5822395,493,13,38551763,52,47030185
114944,11,1,2021,3,7,5,3,5,2,0,1,1,0,0,0,0,0,798784,9028,5828000,693,13,40459074,52,5200224
114941,11,1,2021,6,14,3,3,5,3,0,0,0,0,0,0,1,0,799707,583,5828531,754,13,41862725,52,52427619
114939,11,7,2021,9,22,1,3,5,2,2,1,1,0,0,0,0,0,797777,9082,5823495,986,13,3857655,52,48019384
114938,11,3,2021,11,17,5,3,5,2,2,1,1,0,0,0,0,1,799970,6949,5830201,965,13,42400095,52,53910218
114937,11,4,2021,9,13,4,3,2,6,0,0,1,0,0,0,0,0,790522,6717,5825360,267,13,28086152,52,50081562
114934,11,3,2021,4,8,2,2,6,6,0,1,0,1,0,0,0,0,799165,39,5830944,2,13,4128308,52,54619609
114931,11,6,2021,10,11,3,2,3,6,0,0,0,0,1,0,1,0,794195,8975,5821370,321,13,33129865,52,46307981
114930,11,12,2021,12,7,4,3,3,6,1,0,1,0,0,1,0,1,788079,4663,5837415,33,13,25543133,52,61018897
114927,11,3,2021,2,18,2,2,5,2,2,0,1,0,0,0,0,0,797157,558,5838898,209,13,39044086,52,61859411
114923,11,1,2021,6,12,5,3,6,6,0,1,1,1,0,0,0,0,796127,7943,5825661,918,13,36346368,52,50050685
114919,11,4,2021,5,16,2,3,2,6,0,0,1,0,0,0,1,0,792988,3475,5823092,243,13,31508768,52,47916521
114918,11,2,2021,8,2,5,3,3,6,2,1,1,0,0,0,0,0,802175,6896,5827702,99,13,45414302,52,51548579
114911,11,7,2021,7,17,5,3,2,6,0,0,1,0,0,0,0,0,795000,4929,5823095,348,13,34463277,52,47810984
114909,11,7,2021,10,12,3,3,6,2,0,0,0,1,0,1,0,1,797516,8825,5818157,123,13,37717599,52,43247863
114908,11,10,2021,11,6,3,3,5,2,1,1,1,0,0,0,0,0,813050,679,5827205,425,13,61342017,52,5048945
114907,11,7,2021,9,7,4,3,5,7,0,0,1,0,1,0,0,0,795474,4422,5823377,468,13,35184102,52,48038263
114905,11,3,2021,6,16,6,3,3,6,0,0,1,0,0,0,1,0,798044,3441,5833927,88,13,39902696,52,57354975
114903,11,12,2021,4,13,2,3,5,2,0,0,1,0,1,0,0,0,793128,5803,5836839,228,13,3292756,52,60232518
114900,11,10,2021,3,10,3,3,5,3,0,1,1,0,0,0,0,0,813262,864,5827202,511,13,61652196,52,50474706
114899,11,2,2021,10,17,2,3,5,2,1,1,1,0,0,0,0,0,802576,9516,5827687,172,13,46002388,52,51512156
114898,11,2,2021,12,10,3,3,1,7,0,0,1,0,0,0,0,0,797739,48,5824484,971,13,38608469,52,48907992
114897,11,3,2021,9,15,5,3,5,3,0,1,0,0,0,0,1,0,799229,2086,5831614,666,13,41437344,52,55217249
114895,11,4,2021,2,12,5,3,6,7,0,0,1,1,0,0,0,0,791288,9323,5826519,954,13,29313271,52,51080365
114891,11,12,2021,6,8,2,3,2,6,0,0,1,0,0,0,0,0,791741,6038,5833077,575,13,30554214,52,5693493
114887,11,10,2021,5,8,5,3,5,3,0,1,0,0,0,0,1,0,811084,3173,5827097,28,13,58444201,52,50504998
114886,11,1,2021,8,10,3,3,0,2,0,1,0,0,0,1,0,0,796286,491,5830278,212,13,36990023,52,54180152
114882,11,9,2021,7,9,3,3,5,3,0,0,1,0,0,0,1,0,806538,2471,5821214,5,13,51226611,52,45489978
114880,11,1,2021,10,8,3,3,5,2,0,0,1,0,0,0,1,1,796274,416,5830256,427,13,36970977,52,54161257
114879,11,2,2021,11,14,5,3,6,7,0,0,1,1,0,0,0,0,803555,623,5827586,414,13,47430175,52,513675
114875,11,4,2021,1,8,3,3,6,4,0,0,1,1,0,0,0,1,791773,1822,5826579,66,13,30030029,52,5110801
114872,11,12,2021,4,17,3,3,2,6,2,0,1,0,0,0,1,0,792169,5774,5832050,689,13,31093445,52,55991411
114871,11,2,2021,6,9,2,3,5,2,0,1,1,0,0,0,0,0,802387,7966,5827706,31,13,45726227,52,51539799
114868,11,9,2021,5,11,6,3,5,3,0,1,1,0,0,0,0,1,802772,724,5825329,42,13,46075573,52,49387719
114867,11,9,2021,8,15,2,2,0,7,0,0,0,0,0,0,1,0,802672,2399,5825218,814,13,45918003,52,49294495
114866,11,1,2021,9,6,3,3,6,4,0,1,0,1,0,0,0,0,798305,4845,5827700,1,13,39727641,52,51759045
114862,11,3,2021,2,15,6,3,6,2,0,0,1,1,0,0,0,0,800023,2,5828998,995,13,42368429,52,52829076
114859,11,6,2021,6,18,4,3,1,5,0,0,1,0,0,0,0,1,786890,9569,5817120,606,13,22042326,52,42886201
114857,11,3,2021,9,9,3,3,2,2,0,1,1,0,0,0,0,0,800250,5445,5831907,336,13,42965649,52,55423373
114856,11,4,2021,11,18,2,3,6,4,2,0,0,1,0,0,1,1,791920,7592,5826625,879,13,30250924,52,51141548
114855,11,4,2021,8,13,3,3,2,6,0,0,1,0,0,0,0,0,791562,838,5826544,189,13,29716746,52,51087498
114850,11,6,2021,7,16,2,2,7,7,0,0,0,0,1,0,0,0,794278,3712,5821475,68,13,33260146,52,4639744
114849,11,11,2021,10,16,6,3,2,6,0,0,1,0,0,0,0,1,805749,8756,5827385,935,13,50636006,52,51065242
114848,11,6,2021,12,17,2,3,6,4,1,1,0,1,0,0,0,1,792421,573,5819725,655,13,30380847,52,4492883
114847,11,9,2021,5,16,2,3,2,6,0,0,1,0,0,0,0,0,805168,336,5822571,393,13,49340445,52,46782777
114844,11,3,2021,1,13,5,3,2,6,0,0,1,0,0,0,0,0,800601,44,5829929,833,13,43302685,52,53631544
114840,11,4,2021,6,15,3,3,2,6,0,0,1,0,0,0,0,0,790994,9416,5824661,752,13,28718902,52,49430178
114836,11,7,2021,7,19,5,2,2,6,0,0,1,0,1,0,0,0,796458,6616,5822585,13,13,36558693,52,4727466
114834,11,4,2021,10,17,5,3,3,6,0,0,1,0,0,0,0,0,790681,3573,5828841,751,13,2862344,52,53194268
114833,11,4,2021,11,19,4,3,3,6,2,0,1,0,0,1,0,1,789367,6605,5824209,209,13,26289375,52,49110977
114829,11,1,2021,4,14,4,3,0,3,0,1,0,0,0,0,1,0,798818,3293,5828032,37,13,40511038,52,52028802
114826,11,7,2021,3,15,1,3,3,6,0,0,1,0,0,0,0,0,797858,7504,5822104,431,13,38570972,52,46767602
114825,11,10,2021,6,13,3,2,6,4,0,0,1,1,0,0,0,0,808318,2972,5832056,16,13,54841738,52,55105938
114823,11,4,2021,11,7,4,3,5,3,0,0,1,0,1,0,0,0,786933,7013,5825809,887,13,22852285,52,50674585
114822,11,10,2021,12,21,4,3,6,2,2,0,1,1,0,0,0,1,808677,308,5832818,436,13,55440433,52,55768865
114821,11,6,2021,8,18,2,3,1,5,0,0,1,0,0,0,0,0,790030,2756,5818149,149,13,26735937,52,43642803
114820,11,4,2021,9,16,5,3,2,6,0,0,1,0,0,0,0,0,788340,3835,5826029,238,13,24938124,52,50797079
114816,11,2,2021,2,15,3,3,3,6,0,0,1,0,0,0,0,0,803551,649,5827586,876,13,47424345,52,51368137
114813,11,2,2021,6,14,7,3,6,4,0,1,0,1,0,0,0,0,797787,4748,5825526,523,13,38772043,52,49839005
114811,11,2,2021,9,10,5,3,5,3,0,0,1,0,0,0,1,0,797860,7189,5825502,98,13,38877436,52,49813113
114810,11,6,2021,11,17,5,3,5,3,2,0,1,0,1,0,0,1,792251,8685,5819610,576,13,30122531,52,44834709
114809,11,3,2021,8,10,3,3,0,2,0,0,1,0,0,0,1,0,801542,2371,5831167,45,13,44797853,52,54688491
114804,11,9,2021,7,18,6,3,5,3,0,0,1,0,0,0,1,0,802584,4364,5825069,436,13,45775505,52,49165476
114803,11,6,2021,10,15,5,3,2,2,0,1,1,0,0,0,0,1,789557,7507,5817980,864,13,26028199,52,43516965
114802,11,6,2021,12,15,3,3,5,7,1,0,1,0,1,0,0,0,792703,9045,5819922,664,13,30813125,52,45090309
114801,11,2,2021,5,7,2,3,2,6,0,0,1,0,0,0,0,0,797754,1854,5824448,284,13,38626785,52,48874304
114798,11,3,2021,1,17,4,3,5,2,2,0,1,0,0,0,0,1,799994,3727,5830221,17,13,42436622,52,53925992
114794,11,3,2021,6,19,7,2,2,2,1,0,1,0,0,0,1,0,801333,2991,5830989,816,13,44474583,52,545412
114790,11,2,2021,5,14,6,3,5,2,0,1,1,0,0,0,0,0,803085,262,5827634,511,13,46744374,52,51436734
114789,11,9,2021,8,17,6,3,6,7,0,1,0,1,0,0,0,0,802824,4645,5824831,924,13,46106373,52,48939286
114787,11,10,2021,9,15,3,3,2,6,0,0,1,0,0,0,0,0,808614,9263,5827444,589,13,5484977,52,50956482
114786,11,7,2021,3,15,5,3,2,6,0,0,1,0,0,0,0,0,795881,713,5822666,384,13,35718028,52,47378815
114783,11,2,2021,7,20,6,3,2,6,0,1,0,0,0,0,0,0,801873,2655,5826523,108,13,44862972,52,5050779
114781,11,1,2021,9,8,3,3,2,6,0,0,1,0,0,0,0,0,796798,1095,5826697,63,13,37423236,52,50942171
114780,11,4,2021,11,9,2,3,2,6,0,0,1,0,0,0,0,1,791849,98,5826614,83,13,3014589,52,51134761
114779,11,2,2021,8,18,5,3,2,2,1,0,1,0,0,0,0,1,802594,7332,5827701,248,13,46029792,52,51523785
114776,11,7,2021,4,17,3,3,3,6,0,0,1,0,1,0,0,0,799288,1347,5816185,395,13,40138812,52,41383834
114773,11,1,2021,3,9,2,3,5,2,0,0,1,0,0,0,1,0,796458,4454,5827391,52,13,36986084,52,51583152
114772,11,4,2021,10,15,2,3,2,6,0,0,1,0,0,0,0,0,791658,1734,5826581,715,13,29861222,52,51116003
114771,11,7,2021,12,12,2,3,0,2,0,0,1,0,0,0,1,1,795229,2524,5823514,341,13,34836229,52,48174221
114769,11,7,2021,1,15,6,3,2,3,0,0,1,0,0,0,0,0,797820,1991,5820722,81,13,38391116,52,4553123
114765,11,2,2021,6,13,5,3,0,5,0,0,1,0,0,0,1,0,797917,8706,5825341,503,13,38947012,52,49666039
114761,11,7,2021,5,18,3,3,2,2,0,1,1,0,0,0,0,1,798038,6941,5819475,769,13,38600448,52,44401485
114760,11,4,2021,8,9,4,3,5,2,0,1,1,0,0,0,0,0,791564,8657,5826544,665,13,29720875,52,51087776
114756,11,3,2021,7,21,5,3,0,1,1,1,0,0,0,0,0,0,799188,471,5831261,268,13,41345597,52,54902721
114752,11,11,2021,7,14,6,2,0,1,0,0,0,0,1,0,0,0,804048,8843,5827537,474,13,48151164,52,51296134
114750,11,2,2021,10,17,6,3,5,2,0,1,0,0,0,0,1,0,797031,8648,5825874,481,13,37693265,52,50192091
114749,11,3,2021,6,23,7,3,5,2,2,1,1,0,0,0,0,0,799299,78,5830335,843,13,41425877,52,54067109
114748,11,9,2021,11,21,2,3,5,3,2,1,1,0,0,0,0,0,802589,9781,5825080,892,13,45784682,52,49175437
114747,11,12,2021,9,16,4,3,2,6,0,0,1,0,0,0,0,0,791627,4089,5830861,499,13,30191463,52,54954395
114744,11,12,2021,4,14,1,3,6,4,0,0,1,1,0,0,0,0,795156,2342,5833728,58,13,35635743,52,57334424
114741,11,7,2021,3,18,3,3,0,2,0,1,1,0,0,0,0,0,797575,5266,5818415,817,13,3782663,52,43476567
114740,11,7,2021,10,20,3,2,0,7,2,0,1,0,0,0,1,0,798144,3905,5819050,944,13,38717596,52,44014913
114739,11,3,2021,12,6,6,2,8,1,2,0,1,0,0,0,0,1,798174,2031,5835375,21,13,40224013,52,58645891
114738,11,7,2021,7,10,7,2,5,2,0,0,1,0,0,0,0,0,797829,1526,5822372,329,13,38551444,52,47009357
114735,11,6,2021,3,8,3,3,5,3,0,1,1,0,0,0,0,0,793110,7444,5820191,153,13,3143365,52,45309204
114732,11,7,2021,6,17,2,3,2,6,0,0,1,0,0,0,0,0,799290,9865,5821556,346,13,40623904,52,46198049
114729,11,12,2021,5,15,2,3,2,6,0,0,1,0,0,0,0,0,792019,5729,5831684,62,13,30840586,52,55671288
114728,11,4,2021,8,22,1,3,3,2,2,0,1,0,1,0,0,0,793303,5729,5826824,656,13,3230023,52,51245565
114724,11,4,2021,7,17,4,2,0,6,0,0,1,0,1,0,0,0,790873,3111,5824706,626,13,28544168,52,49476891
114722,11,1,2021,10,18,1,3,5,3,1,0,1,0,0,0,0,0,796193,6839,5830186,949,13,36846088,52,54103366
114721,11,1,2021,11,21,2,3,5,3,2,0,1,0,0,0,0,1,796443,4918,5826336,924,13,36870178,52,50638623
114719,11,3,2021,4,15,6,3,5,3,0,1,1,0,0,0,0,0,799165,6751,5830374,118,13,41232175,52,5410878
114716,11,1,2021,1,9,4,3,2,6,0,0,1,0,1,0,0,1,799780,8588,5828594,368,13,41976051,52,52479715
114713,11,3,2021,4,18,6,2,3,6,0,1,0,0,0,0,0,0,799215,4479,5831748,757,13,41429194,52,55338197
114712,11,11,2021,6,12,2,3,2,6,0,0,1,0,0,0,0,0,803655,2459,5827591,9,13,47577853,52,51366842
114708,11,2,2021,6,14,3,3,2,6,0,0,1,0,0,0,0,0,803515,5973,5827606,592,13,47374038,52,51387782
114707,11,11,2021,8,14,3,3,5,2,0,1,1,0,0,0,0,0,804514,2218,5827504,755,13,48831766,52,51240851
114705,11,7,2021,9,15,7,3,1,5,0,1,1,0,0,0,1,0,795328,4526,5823630,714,13,34992191,52,48273177
114703,11,1,2021,3,9,6,3,5,2,0,0,1,0,0,0,1,0,796340,95,5830081,258,13,37051915,52,54000665
114700,11,3,2021,7,14,6,3,1,5,0,1,1,0,0,0,0,0,799184,5342,5830908,997,13,41308074,52,54587181
114698,11,6,2021,9,0,5,3,0,7,2,0,0,0,1,0,0,1,789614,4888,5817969,43,13,26110403,52,43503363
114697,11,3,2021,11,23,3,3,5,3,2,1,1,0,0,0,0,1,801284,4452,5829412,978,13,44259788,52,53130568
114696,11,2,2021,8,18,6,3,5,2,0,1,1,0,0,0,0,0,797878,2611,5825435,87,13,38897208,52,49752088
114691,11,3,2021,7,6,7,3,0,1,0,0,1,0,0,0,0,0,800599,552,5840951,741,13,44299765,52,63510675
114690,11,1,2021,10,11,3,3,5,3,0,0,1,0,0,0,0,1,795878,8171,5832058,558,13,36549933,52,55798187
114689,11,1,2021,12,6,4,3,5,3,1,0,1,0,0,0,0,1,795861,7659,5832068,941,13,3652578,52,5580842
114686,11,10,2021,1,14,6,3,2,6,0,0,1,0,0,0,0,0,808317,5755,5832054,332,13,5484052,52,5510447
114682,11,7,2021,6,11,6,3,5,3,0,1,1,0,0,0,0,0,799808,518,5813822,952,13,40690177,52,39237729
114678,11,5,2021,5,7,6,2,5,2,0,1,1,0,0,0,0,0,780162,797,5822269,82,13,1260475,52,47851538
114677,11,2,2021,8,16,4,3,5,2,0,1,1,0,0,0,0,0,802581,5528,5827686,71,13,46009105,52,51511486
114674,11,4,2021,3,16,5,3,2,6,0,0,1,0,1,0,0,0,793299,6589,5826826,243,13,32294619,52,51247199
114670,11,2,2021,7,10,6,3,3,6,0,1,0,0,0,0,1,0,802073,2724,5827199,758,13,45218153,52,51103204
114668,11,10,2021,9,12,5,2,3,6,0,0,1,0,1,0,0,0,812990,7675,5827202,408,13,61253753,52,50490183
114667,11,3,2021,11,12,7,3,1,5,0,1,1,0,0,0,0,0,802076,5619,5831490,923,13,45612894,52,5494918
114666,11,4,2021,8,12,1,3,2,6,0,0,1,0,0,0,0,0,790423,9234,5827787,585,13,28152915,52,52262927
114663,11,3,2021,4,18,2,3,5,7,1,0,1,0,1,0,0,0,800137,9985,5830124,853,13,42639071,52,53831889
114660,11,7,2021,3,14,4,3,3,6,0,0,0,0,1,1,0,0,797675,1718,5818698,452,13,37997942,52,43724499
114659,11,9,2021,10,7,4,3,2,6,0,0,1,0,1,0,0,1,806984,4911,5820775,54,13,51840876,52,4507109
114658,11,2,2021,12,18,7,3,6,4,2,0,1,1,0,0,0,0,802035,9399,5828093,342,13,4524442,52,51906192
114657,11,12,2021,9,15,7,3,2,6,0,0,1,0,1,0,0,0,793182,2725,5836773,894,13,33000827,52,60171055
114655,11,4,2021,2,19,5,3,9,1,2,0,1,0,0,0,0,1,791280,5253,5829957,653,13,29602059,52,54162672
114651,11,10,2021,6,19,6,3,6,4,0,0,1,1,0,0,0,0,808330,701,5832043,728,13,54857905,52,5509426
114646,11,1,2021,5,11,4,3,2,6,0,0,1,0,0,0,0,0,799285,4163,5827908,14,13,41186213,52,51891833
114645,11,3,2021,8,8,2,3,5,2,0,1,1,0,0,0,0,0,799196,62,5831430,226,13,413719,52,55053751
114641,11,4,2021,7,14,6,2,0,1,0,0,0,0,0,0,1,0,789384,3868,5824233,67,13,26316067,52,4913202
114638,11,1,2021,7,23,7,2,2,1,2,0,1,0,0,0,0,0,798831,9162,5828045,53,13,40532143,52,52039426
114636,11,10,2021,10,21,1,3,5,3,2,1,1,0,0,0,0,0,813261,6996,5827202,528,13,61651629,52,50474743
114635,11,9,2021,11,22,3,3,2,6,2,0,1,0,0,0,0,1,806502,2897,5821231,746,13,51175443,52,45507451
114632,11,7,2021,5,11,7,2,3,2,0,0,1,0,1,0,0,1,795790,711,5824118,235,13,3571418,52,4868518
114631,11,1,2021,6,8,4,3,0,6,0,0,1,0,0,0,1,0,796268,2425,5830250,866,13,36961405,52,54156608
114630,11,12,2021,8,12,2,3,2,2,0,0,1,0,0,0,0,0,795327,869,5833731,594,13,35888539,52,57327815
114628,11,4,2021,9,11,3,3,2,6,0,0,1,0,0,1,0,0,790701,12,5826175,435,13,28419315,52,50802866
114627,11,4,2021,3,18,7,3,1,1,2,0,1,0,0,0,0,0,790085,6519,5826302,443,13,27526246,52,50949487
114623,11,2,2021,7,7,3,3,5,2,0,1,0,0,0,0,1,0,801681,565,5828880,61,13,44795141,52,52631441
114621,11,3,2021,9,21,1,2,2,6,2,0,1,0,0,0,1,0,800065,809,5829069,22,13,42437635,52,52889489
114620,11,6,2021,11,13,7,3,3,6,0,0,1,0,0,0,0,0,791057,5839,5818838,75,13,28302944,52,44206469
114619,11,1,2021,8,22,5,3,5,3,2,0,1,0,0,0,0,1,795861,7014,5832069,301,13,36525717,52,55808746
114616,11,7,2021,4,16,6,3,5,2,0,1,1,0,0,0,0,0,798429,7185,5818245,503,13,39064211,52,43277363
114613,11,4,2021,3,16,3,3,2,6,1,0,1,0,0,0,0,0,790564,53,5825129,311,13,28127493,52,49872279
114612,11,1,2021,10,8,4,3,0,2,0,1,1,0,0,0,0,1,796214,5447,5830190,187,13,36877047,52,54105135
114611,11,10,2021,12,19,6,3,6,7,2,0,1,1,0,0,0,0,807674,6785,5829810,528,13,53687548,52,5312994