OBJECTID,LAND,BEZ,UJAHR,UMONAT,USTUNDE,UWOCHENTAG,UKATEGORIE,UART,UTYP1,ULICHTVERH,IstRad,IstPKW,IstFuss,IstKrad,IstGkfz,IstSonstige,USTRZUSTAND,LINREFX,LINREFY,XGCSWGS84,YGCSWGS84,,,,
114610,11,1,2021,5,12,3,2,3,6,0,0,1,0,1,0,0,0,796229,4622,5830154,685,13,36895813,52,540725
114609,11,7,2021,9,8,5,3,0,2,0,0,1,0,0,0,1,1,798586,3306,5817930,761,13,39265786,52,42986686
114607,11,1,2021,2,14,4,3,2,2,0,0,1,0,0,0,0,1,795870,5687,5829585,954,13,36317526,52,53582185
114603,11,4,2021,6,9,4,3,2,6,0,0,1,0,0,0,0,0,790556,167,5827379,187,13,28311385,52,5188976
114599,11,3,2021,5,14,6,3,6,4,0,0,1,1,0,0,0,1,798194,97,5834723,243,13,40194498,52,58060413
114598,11,2,2021,8,23,4,2,5,2,2,1,1,0,0,0,0,0,802144,9397,5827752,819,13,45373649,52,51594944
114594,11,2,2021,7,20,1,2,5,3,0,0,1,0,0,0,0,1,802145,4376,5827751,31,13,45374218,52,51593314
114590,11,10,2021,7,2,2,3,0,1,2,0,1,0,0,0,0,0,808899,1005,5833402,273,13,55820894,52,56279503
114588,11,12,2021,10,17,2,2,5,3,1,1,1,0,0,0,0,0,795752,3034,5832687,459,13,36419909,52,56368807
114587,11,7,2021,6,14,7,3,0,4,0,0,0,1,0,0,1,0,795903,5585,5824352,486,13,35900686,52,48889052
114586,11,2,2021,11,18,3,3,0,6,2,0,1,0,1,0,0,1,801807,3062,5826344,738,13,4474992,52,50351565
114585,11,3,2021,9,17,7,3,2,6,0,0,1,0,0,0,0,0,799141,4549,5830395,352,13,4119848,52,54129143
114582,11,3,2021,4,16,7,3,2,6,0,0,1,0,0,0,0,0,798004,5131,5833676,111,13,39821542,52,5713219
114579,11,1,2021,3,17,3,2,5,7,0,0,1,0,1,0,0,0,796261,1184,5829996,103,13,36928214,52,53928626
114577,11,11,2021,10,7,6,3,4,6,0,1,0,0,0,0,0,0,803733,6402,5834633,501,13,48336913,52,57673602
114576,11,12,2021,6,19,7,3,2,6,0,0,1,0,1,0,0,0,792901,795,5832247,685,13,32186823,52,56128709
114575,11,4,2021,12,9,4,2,5,2,0,1,1,0,0,0,0,0,788359,2322,5826032,314,13,24966086,52,5079884
114574,11,1,2021,8,11,1,2,0,1,0,1,0,0,0,0,0,0,798712,9066,5827082,899,13,40270884,52,51183509
114571,11,9,2021,3,10,2,3,2,7,0,0,1,0,0,0,0,0,802693,402,5825216,304,13,45948319,52,49291092
114568,11,3,2021,6,11,3,2,0,1,0,1,0,0,0,0,0,0,798358,865,5833479,847,13,40325192,52,56936857
114565,11,1,2021,8,7,4,3,2,2,0,1,1,0,0,0,0,0,799791,796,5828610,761,13,41992549,52,52493847
114561,11,4,2021,7,23,4,2,9,1,2,0,1,0,0,0,0,0,793896,657,5823008,732,13,32834144,52,47792883
114559,11,4,2021,10,8,3,3,2,6,0,0,1,0,0,0,0,1,790424,2474,5827735,909,13,28148878,52,52216582
114558,11,1,2021,11,13,6,3,5,3,0,0,1,0,1,0,0,0,796239,371,5830242,946,13,3691776,52,54151096
114556,11,2,2021,5,11,3,3,5,7,0,1,0,0,0,0,1,0,802697,6636,5827690,345,13,46180021,52,51508302
114553,11,4,2021,1,17,4,3,2,6,2,0,1,0,0,0,0,1,792519,1155,5823412,519,13,30847914,52,48228796
114550,11,1,2021,4,15,1,3,2,6,0,1,1,0,0,0,0,0,799545,4847,5828285,659,13,41602348,52,52215941
114549,11,12,2021,6,11,4,2,3,6,0,0,1,0,0,1,0,0,791952,4753,5831579,303,13,30732632,52,55580472
114545,11,4,2021,5,9,3,3,5,2,0,1,1,0,0,0,0,0,791029,33,5826477,351,13,28927662,52,51056044
114544,11,4,2021,8,8,5,3,2,6,0,0,1,0,0,0,0,0,790771,3472,5824852,308,13,28407117,52,49612928
114542,11,1,2021,9,8,4,3,6,4,0,0,0,1,0,0,1,0,799191,1804,5828395,469,13,41091579,52,52333822
114540,11,4,2021,3,16,4,3,5,3,0,0,1,0,0,0,0,0,792263,3986,5826683,609,13,30759447,52,51174954
114537,11,7,2021,7,18,5,3,2,6,0,0,1,0,0,0,0,1,797774,8496,5823871,884,13,38605634,52,48356501
114535,11,4,2021,9,8,2,3,3,6,0,0,1,0,0,0,0,0,790582,264,5827302,849,13,28343291,52,51819924
114534,11,7,2021,11,7,3,3,0,1,0,0,1,0,1,0,0,1,797722,573,5818813,81,13,38077742,52,43825326
114533,11,3,2021,8,14,6,3,2,6,0,0,1,0,0,0,0,0,800043,5541,5833524,6,13,42807446,52,5688389
114529,11,2,2021,7,21,6,2,5,2,2,0,1,0,1,0,0,0,797032,13,5825874,264,13,37693446,52,50191888
114528,11,12,2021,10,12,7,3,0,7,0,0,1,0,0,0,0,0,791780,1384,5832973,133,13,30601721,52,56839236
114527,11,11,2021,12,10,5,3,5,2,0,1,1,0,0,0,0,0,803764,574,5827566,118,13,47735353,52,51337675
114524,11,4,2021,1,8,1,2,0,6,0,0,1,0,0,0,1,0,791605,9792,5830589,921,13,301361,52,54712079
114520,11,3,2021,6,23,1,3,0,3,2,1,1,0,0,0,0,0,800409,61,5829577,22,13,42987932,52,53325921
114516,11,6,2021,5,11,2,3,1,5,0,1,0,0,0,1,0,0,791822,347,5819313,96,13,29466325,52,44590962
114515,11,4,2021,8,19,5,2,2,6,1,0,1,0,0,0,0,0,791132,9522,5829063,492,13,2930673,52,53368955
114509,11,2,2021,7,15,2,2,3,6,0,1,0,0,0,0,0,0,802179,4672,5827722,14,13,45421591,52,51565533
114507,11,11,2021,10,13,7,3,2,6,0,1,0,0,0,0,0,0,804021,2118,5827555,202,13,48112131,52,51313565
114506,11,2,2021,11,3,1,2,0,1,2,1,0,0,0,0,0,0,802033,1517,5827015,247,13,45142471,52,50940048
114505,11,3,2021,9,17,6,3,5,2,0,1,1,0,0,0,0,0,799204,9633,5832154,894,13,41450382,52,5570281
114503,11,3,2021,6,16,7,3,3,6,0,1,0,0,0,0,1,0,798169,3159,5833507,932,13,40048873,52,56972417
114501,11,3,2021,4,14,3,3,4,7,0,1,0,0,0,0,0,0,800268,8408,5831826,58,13,42985251,52,55349981
114498,11,3,2021,3,11,5,3,6,2,0,0,1,1,0,0,0,0,798379,1616,5833470,279,13,40354189,52,56927169
114497,11,1,2021,10,16,5,3,2,6,0,0,1,0,0,0,0,1,796036,85,5831363,246,13,36719232,52,55166363
114496,11,6,2021,12,19,7,3,5,7,2,0,1,0,0,0,0,1,790296,521,5818369,72,13,27145652,52,43826426
114495,11,7,2021,9,7,3,3,2,6,0,0,1,0,1,0,0,0,797867,9549,5820521,311,13,38443215,52,45348006
114493,11,3,2021,2,6,3,3,8,1,2,0,0,0,0,0,1,2,801633,9121,5840535,797,13,45785602,52,63080522
114489,11,4,2021,6,11,5,3,3,6,0,0,0,0,1,0,1,0,792396,73,5823474,322,13,30673628,52,48290756
114484,11,4,2021,5,16,3,3,3,6,0,0,1,0,1,0,0,1,792078,49,5826631,9,13,30482429,52,51137803
114483,11,7,2021,8,20,2,3,5,7,2,1,1,0,0,0,0,1,795414,314,5823415,89,13,35098739,52,48075255
114479,11,1,2021,7,18,4,3,5,2,0,1,1,0,0,0,0,0,796184,661,5830195,38,13,36833544,52,54111107
114476,11,6,2021,7,3,2,2,8,1,2,0,1,0,0,0,0,0,792785,2403,5819978,834,13,30937394,52,45136308
114474,11,6,2021,10,13,4,3,3,6,0,0,1,0,0,1,0,0,792590,5124,5819844,357,13,30639882,52,45026177
114473,11,4,2021,11,16,5,3,5,3,0,1,1,0,0,0,0,0,791034,562,5826478,175,13,28935115,52,51056514
114472,11,11,2021,5,9,2,3,2,6,0,0,1,0,1,0,0,0,804266,9182,5827530,117,13,48470792,52,51277382
114470,11,11,2021,9,13,6,2,5,2,0,1,1,0,0,0,0,0,804515,107,5827504,667,13,48833059,52,51240722
114467,11,12,2021,4,9,4,3,3,6,0,0,1,0,0,0,0,0,795758,3785,5832654,516,13,36425908,52,56338946
114464,11,2,2021,4,13,1,3,5,2,0,1,1,0,0,0,0,0,797295,7787,5825592,36,13,38055708,52,49924537
114463,11,2,2021,7,18,5,3,3,6,0,1,0,0,0,0,1,0,801157,2465,5827832,744,13,43929741,52,51721209
114461,11,3,2021,10,15,3,3,2,6,0,0,1,0,0,0,1,0,801384,1216,5831033,273,13,44553246,52,5457734
114460,11,1,2021,12,23,2,3,5,3,2,0,1,0,0,0,0,0,799106,6811,5827693,2,13,4090424,52,51708799
114459,11,2,2021,8,18,5,3,1,5,0,1,1,0,0,0,0,0,801779,75,5828615,616,13,44915382,52,52388492
114458,11,10,2021,9,10,6,3,5,3,0,0,1,0,0,0,0,0,811328,7735,5827107,964,13,588042,52,5050063
114454,11,6,2021,2,11,7,3,0,3,0,1,1,0,0,0,0,0,786712,1186,5817016,237,13,21771065,52,42802
114451,11,9,2021,6,8,2,3,0,3,0,1,1,0,0,0,0,0,804106,561,5824366,79,13,47946399,52,48451132
114449,11,4,2021,9,2,1,2,8,1,2,0,1,0,0,0,0,0,790694,6758,5827096,664,13,28490476,52,51629088
114448,11,11,2021,11,9,5,3,6,2,0,0,1,1,0,0,0,1,805622,7726,5827377,961,13,5044857,52,51065217
114447,11,7,2021,8,20,4,3,1,5,2,0,1,0,0,0,0,1,797808,4159,5823161,125,13,38591433,52,47717555
114444,11,1,2021,7,23,7,3,5,3,2,1,1,0,0,0,0,0,798805,4545,5828020,353,13,4049104,52,52018736
114443,11,2,2021,10,21,2,3,0,1,2,0,0,0,1,0,0,1,802578,4158,5827687,25,13,46004525,52,51511943
114442,11,3,2021,11,21,3,3,4,1,2,0,1,0,0,0,0,1,797986,335,5834648,174,13,39881719,52,58004518
114441,11,3,2021,5,17,7,3,5,2,0,0,1,0,0,0,0,0,801345,9232,5831000,956,13,44494154,52,54550486
114438,11,4,2021,1,11,3,3,0,1,0,0,0,0,1,0,0,1,791404,2269,5824487,858,13,29304849,52,49252447
114434,11,7,2021,6,14,2,3,0,2,0,0,1,0,0,0,1,0,795861,4386,5824303,943,13,35834524,52,48847821
114430,11,4,2021,5,15,3,3,5,2,0,1,1,0,0,0,0,0,791694,6229,5826587,878,13,29915319,52,51119578
114429,11,4,2021,8,14,2,3,2,7,0,0,0,0,1,0,1,0,791806,1035,5826606,691,13,30080772,52,51130481
114427,11,10,2021,9,5,2,2,3,6,2,0,1,0,1,0,0,0,813731,3768,5827149,828,13,62336377,52,50400535
114426,11,12,2021,9,7,4,3,5,2,0,1,1,0,0,0,0,0,792729,8396,5837421,962,13,32392016,52,60776388
114423,11,7,2021,4,18,3,3,2,6,0,0,1,0,0,0,0,0,797664,6878,5818672,582,13,37980261,52,4370188
114420,11,10,2021,4,15,6,2,2,6,0,0,1,0,1,0,0,0,808299,1671,5832012,597,13,54809582,52,5506811
114419,11,3,2021,7,15,6,2,5,2,0,1,1,0,0,0,0,0,801319,6745,5830977,753,13,44453458,52,54531142
114417,11,4,2021,10,19,3,3,2,1,1,0,1,0,0,0,0,0,792740,5828,5826742,135,13,31465739,52,51201833
114416,11,10,2021,6,13,7,3,2,2,0,1,1,0,0,0,0,0,808321,4236,5832024,392,13,54843398,52,5507742
114415,11,11,2021,12,20,2,2,0,1,2,0,1,0,0,0,0,0,807146,5341,5827415,715,13,52690284,52,51013474
114414,11,11,2021,8,15,2,3,2,6,0,0,1,0,1,0,0,0,805630,9832,5827377,383,13,50460577,52,51064239
114413,11,6,2021,9,18,4,1,0,7,0,0,1,0,1,0,0,0,782374,8442,5815745,53,13,15301743,52,41888191
114410,11,3,2021,3,15,3,3,5,2,0,1,0,0,0,1,0,0,801325,9897,5831014,96,13,4446604,52,54563367
114407,11,4,2021,6,15,3,3,2,6,0,0,1,0,0,0,0,0,791519,4102,5829140,666,13,29881631,52,53417483
114405,11,7,2021,9,18,5,3,3,6,0,0,1,0,1,0,0,0,797846,1684,5821268,2,13,38477876,52,46018699
114404,11,11,2021,8,13,5,2,2,6,0,0,1,0,0,1,0,0,803687,4721,5835351,947,13,48334812,52,58320088
114400,11,2,2021,7,17,4,3,2,6,0,0,1,0,0,0,1,0,801633,38,5828906,405,13,44726117,52,52657248
114398,11,1,2021,10,18,5,3,2,6,2,0,1,0,0,0,0,0,795930,1355,5829484,636,13,3639607,52,53488129
114397,11,4,2021,11,19,2,3,2,6,2,0,1,0,0,0,0,1,791403,4542,5824488,514,13,29303771,52,49253076
114394,11,7,2021,1,12,5,3,0,7,0,0,1,0,0,0,0,1,799191,8582,5821640,243,13,40485954,52,46278679
114390,11,12,2021,6,10,7,3,6,3,0,0,1,1,0,0,0,0,792838,6379,5837246,345,13,32536685,52,60613098
114387,11,7,2021,12,18,4,3,6,2,2,0,1,1,0,0,0,1,797871,3799,5820419,827,13,38439189,52,45256849
114386,11,7,2021,5,23,3,3,1,5,2,0,0,0,1,0,1,1,797774,2094,5823574,974,13,38578174,52,48090389
114385,11,2,2021,8,10,5,3,0,3,0,0,1,0,0,0,1,0,803112,4624,5827648,692,13,46785627,52,51447933
114383,11,3,2021,9,16,2,2,5,3,0,1,0,0,0,0,0,0,799163,574,5830558,356,13,41245677,52,54274037
114381,11,4,2021,3,4,7,2,2,6,2,0,1,0,1,0,1,1,787877,7157,5821870,753,13,23899049,52,47093194
114378,11,3,2021,6,18,4,3,9,1,0,0,1,0,0,0,0,1,800857,4343,5840804,569,13,44666278,52,63364485
114376,11,1,2021,9,17,5,3,3,6,0,0,1,0,1,0,0,0,799518,2052,5828203,288,13,41554844,52,52143608
114375,11,3,2021,11,15,3,2,1,5,0,1,0,0,0,0,1,1,799373,8707,5830318,271,13,41533215,52,54047288
114374,11,5,2021,9,16,4,3,6,2,0,0,1,1,0,0,0,0,783505,2691,5826700,883,13,17890421,52,51652724
114369,11,8,2021,7,17,7,3,2,6,0,0,1,0,0,0,0,0,802663,7092,5822015,75,13,45614694,52,46423456
114368,11,6,2021,10,17,7,3,2,6,2,0,1,0,0,0,0,1,785310,9779,5815996,837,13,19628971,52,41961237
114367,11,12,2021,12,8,3,3,2,6,0,0,1,0,0,0,0,0,791902,4553,5832743,88,13,30761505,52,5662716
114364,11,2,2021,1,14,3,3,0,6,0,0,1,0,1,0,0,1,801529,9046,5827794,949,13,44473848,52,51666743
114360,11,7,2021,6,15,7,3,3,6,0,0,1,0,0,0,0,1,797840,9596,5822488,178,13,38579117,52,47112559
114356,11,3,2021,5,10,2,3,5,7,0,0,1,0,0,0,1,0,801401,628,5829216,96,13,44414166,52,52947623
114355,11,7,2021,8,14,5,3,0,6,0,0,0,0,0,0,1,0,797867,6877,5821554,672,13,3853502,52,46274316
114348,11,6,2021,7,7,4,3,2,6,0,0,1,0,0,0,0,1,791089,531,5818856,67,13,28350673,52,4422086
114346,11,7,2021,10,6,2,3,0,7,1,0,1,0,1,0,0,1,796029,5456,5825258,359,13,36166184,52,4969426
114345,11,12,2021,11,14,6,3,2,6,0,0,1,0,0,0,0,0,792133,7636,5831922,754,13,31029503,52,55878643
114344,11,4,2021,9,11,6,3,3,6,0,1,1,0,0,0,0,0,788809,9574,5826104,841,13,2563464,52,5084002
114342,11,4,2021,6,14,7,3,2,6,0,0,1,0,0,0,0,0,793779,1497,5823002,503,13,32661941,52,47793589
114340,11,4,2021,4,7,6,3,5,2,0,0,1,0,0,0,0,0,791858,901,5826615,481,13,30157929,52,5113558
114337,11,4,2021,3,19,1,3,9,1,2,0,1,0,0,0,0,0,790448,5583,5825340,59,13,27975561,52,50067867
114336,11,4,2021,10,10,4,3,3,6,0,0,1,0,0,0,0,0,790693,5685,5828873,329,13,28644153,52,53221926
114335,11,1,2021,12,17,7,3,9,1,2,0,0,0,1,0,0,1,796456,3145,5826381,919,13,36893022,52,50678259
114334,11,7,2021,9,12,7,3,0,1,0,1,0,0,0,0,0,0,797801,94,5822976,932,13,38565479,52,475528
114332,11,7,2021,2,9,5,3,0,6,0,0,1,0,0,0,1,1,796001,4274,5824601,943,13,36066564,52,49107364
114328,11,9,2021,6,18,6,3,0,2,0,0,1,0,0,0,1,0,803113,3551,5824550,4,13,46504912,52,48670604
114324,11,3,2021,5,16,2,3,0,1,0,1,0,0,0,0,0,0,801453,152,5829188,987,13,44487231,52,52920484
114323,11,1,2021,8,13,3,3,2,6,0,0,1,0,0,0,0,1,796278,9275,5825995,483,13,3659804,52,50341492
114318,11,4,2021,7,11,5,3,3,6,0,0,1,0,0,1,0,0,790508,4582,5825601,176,13,2808629,52,50298296
114316,11,4,2021,10,13,1,3,2,1,0,0,1,0,0,0,0,0,789795,4388,5824803,866,13,26969396,52,49621407
114315,11,1,2021,11,11,4,3,2,2,0,0,1,0,0,0,0,1,796316,5952,5830075,845,13,37016884,52,5399709
114313,11,3,2021,9,14,3,3,5,3,0,1,0,0,0,0,0,0,800319,4656,5830067,432,13,42900638,52,53770423
114310,11,1,2021,4,8,3,3,2,2,0,0,1,0,0,0,0,0,796951,2659,5826704,308,13,3764889,52,5094033
114307,11,2,2021,4,12,4,3,2,6,0,0,1,0,0,0,0,1,802544,2153,5827690,458,13,45954591,52,51516917
114306,11,7,2021,6,7,4,3,2,6,0,0,1,0,0,1,0,0,796542,8497,5822529,582,13,36677338,52,47220297
114304,11,1,2021,11,19,6,3,2,6,1,0,1,0,0,0,0,0,794700,3889,5827081,224,13,34375306,52,51400274
114302,11,2,2021,8,11,4,3,3,6,0,0,1,0,0,0,0,0,797863,4468,5825012,347,13,3883765,52,4937396
114301,11,7,2021,9,15,6,3,5,2,0,0,1,0,0,0,0,1,798039,4015,5819471,742,13,38601126,52,44397836
114297,11,11,2021,2,8,3,3,5,2,0,1,1,0,0,0,0,0,804515,7947,5827504,598,13,48834063,52,51240623
114294,11,6,2021,6,14,5,3,0,1,0,0,0,0,1,0,0,0,794202,287,5821405,735,13,33141985,52,46339398
114292,11,6,2021,9,13,7,3,5,3,0,0,1,0,1,0,0,0,791845,4846,5819328,785,13,29501643,52,44603793
114291,11,4,2021,11,11,4,3,2,6,0,0,1,0,0,0,0,0,790546,4406,5825877,893,13,28166238,52,50544352
114290,11,4,2021,8,17,6,2,2,6,0,0,1,0,0,0,0,0,790758,4925,5824850,863,13,28388109,52,49612319
114285,11,7,2021,7,12,6,3,2,6,0,0,1,0,0,0,0,0,795223,509,5823525,402,13,34828776,52,48184447
114284,11,3,2021,10,11,3,3,3,6,0,1,1,0,0,0,0,0,798457,2854,5833332,84,13,40456749,52,56799692
114283,11,7,2021,12,12,3,3,0,6,0,0,1,0,0,0,1,1,797823,4387,5822494,28,13,38553922,52,47118758
114282,11,4,2021,5,14,1,3,3,6,0,1,1,0,0,0,0,0,791098,5895,5826470,129,13,29029233,52,51045857
114278,11,1,2021,1,19,5,3,2,6,2,0,1,0,0,0,0,1,799544,6018,5828286,211,13,416011,52,52216485
114274,11,12,2021,6,13,5,3,0,5,0,0,1,0,0,0,0,0,793673,9475,5835687,188,13,33628346,52,59170366
114270,11,7,2021,5,8,6,3,5,2,0,1,0,0,0,0,1,0,795792,783,5824122,5,13,35717601,52,48688891
114269,11,7,2021,8,17,6,3,5,3,0,1,1,0,0,0,0,0,797857,7269,5821431,711,13,38509429,52,46164639
114267,11,1,2021,9,8,2,3,3,6,0,0,1,0,0,0,0,0,796435,7992,5826380,355,13,36862745,52,50677973
114265,11,12,2021,3,19,1,2,3,6,2,0,1,0,0,0,0,1,793388,72,5836322,543,13,33263831,52,59755348
114262,11,5,2021,7,17,5,3,2,6,0,0,1,0,0,0,0,1,785278,8254,5826243,286,13,20457808,52,51149959
114260,11,4,2021,9,10,3,3,5,3,0,1,1,0,0,0,0,1,791851,3026,5826592,97,13,30145982,52,51115763
114259,11,7,2021,11,13,2,3,2,6,0,0,1,0,0,0,0,0,797866,775,5820528,143,13,38442093,52,45354194
114258,11,4,2021,8,8,5,3,0,1,0,0,0,0,1,0,0,0,791173,3346,5824637,66,13,2897882,52,49399066
114255,11,7,2021,4,23,4,2,9,1,2,0,1,0,0,0,0,0,796252,769,5822715,675,13,3626805,52,47402853
114252,11,12,2021,10,5,4,3,3,6,2,1,1,0,0,0,0,1,795804,6186,5832389,224,13,36470276,52,56098626
114251,11,2,2021,12,11,7,3,2,6,0,0,1,0,0,0,1,1,797756,3191,5824486,404,13,38633324,52,48908358
114249,11,7,2021,2,19,3,2,6,4,2,0,1,1,0,0,0,1,797028,1677,5816747,772,13,36875702,52,42011057
114245,11,3,2021,6,7,5,3,1,5,0,1,1,0,0,0,0,0,800437,144,5829622,836,13,4303343,52,53365435
114241,11,4,2021,5,14,6,2,5,2,0,1,0,0,0,1,0,0,790540,9715,5826379,223,13,2820196,52,50994089
114240,11,8,2021,8,10,6,3,3,6,0,0,1,0,0,1,0,0,801570,7771,5821777,807,13,43989377,52,46271215
114233,11,12,2021,7,16,7,3,0,7,0,1,0,0,0,0,0,0,794556,8841,5833925,759,13,34771421,52,57543649
114231,11,7,2021,10,20,1,3,2,1,0,0,1,0,0,0,0,0,797786,411,5818930,118,13,38181196,52,43926129
114230,11,6,2021,11,13,7,3,0,1,0,0,0,0,1,0,0,1,781702,5376,5815583,1,13,14302077,52,41777103
114229,11,12,2021,9,17,6,3,2,6,0,0,1,0,0,0,0,0,790690,9088,5834895,618,13,29167749,52,58620991
114226,11,1,2021,4,9,4,3,5,2,0,1,0,0,0,0,1,0,799596,5804,5828280,771,13,41676992,52,52208754
114223,11,2,2021,3,22,2,3,0,1,2,1,0,0,0,0,0,0,802176,7778,5827749,34,13,45420082,52,51589788
114221,11,12,2021,3,15,5,2,8,1,0,0,1,0,0,0,0,1,790676,2473,5834899,763,13,29146533,52,5862549
114218,11,7,2021,6,7,2,3,5,3,0,1,1,0,0,0,0,0,797869,3439,5820431,15,13,38437211,52,4526711
114216,11,6,2021,10,12,6,3,6,6,0,0,1,1,0,0,0,0,789564,6124,5817964,797,13,26036873,52,43502197
114215,11,11,2021,11,18,2,3,3,6,2,1,0,0,0,0,1,0,804466,3962,5827494,706,13,48760591,52,51234514
114214,11,3,2021,9,10,4,3,5,2,0,0,1,0,0,0,1,0,801333,3126,5831020,354,13,44477374,52,54568571
114209,11,1,2021,10,10,7,2,5,2,0,0,1,0,1,0,0,0,796458,4454,5827391,52,13,36986084,52,51583152
114208,11,7,2021,12,7,2,3,2,6,2,0,1,0,0,0,1,1,798538,6256,5822072,845,13,39566007,52,46702181
114205,11,6,2021,1,18,2,3,4,6,2,0,1,0,0,0,0,1,792655,3264,5819889,117,13,30738905,52,45062835
114201,11,9,2021,6,8,6,1,2,6,0,0,0,0,0,1,0,0,805933,3978,5818648,963,13,5010437,52,43224498
114197,11,7,2021,5,12,3,3,2,6,0,0,1,0,0,0,1,0,797877,8616,5820463,951,13,38452634,52,45296049
114196,11,4,2021,8,8,5,3,0,1,0,1,0,0,0,0,0,0,790500,9039,5826372,474,13,28142498,52,50990172
114189,11,12,2021,7,11,4,3,5,3,0,0,1,0,0,0,0,1,792369,5455,5837739,953,13,31889567,52,61080841
114187,11,9,2021,10,14,7,3,2,6,0,0,1,0,0,0,0,0,803093,2888,5820914,51,13,46145126,52,45412798
114186,11,10,2021,11,16,5,3,2,6,0,0,1,0,0,0,0,1,808038,4277,5827445,99,13,54003133,52,5099032
114185,11,6,2021,9,18,5,2,6,4,0,0,1,1,0,0,0,0,786519,5539,5816954,15,13,21483292,52,427563
114182,11,7,2021,4,13,5,3,2,6,0,0,1,0,0,0,0,0,796517,6698,5822545,927,13,36641829,52,47236315
114179,11,4,2021,3,9,3,3,2,6,0,0,1,0,0,0,0,0,790534,6239,5826378,161,13,28192541,52,50993475
114178,11,3,2021,10,21,4,3,0,1,2,1,0,0,0,0,0,0,799304,9855,5830349,851,13,41434792,52,54079379
114177,11,7,2021,12,16,2,3,3,6,2,0,1,0,0,1,0,0,798881,5648,5821891,528,13,40053091,52,46520905
114176,11,1,2021,5,15,3,3,3,2,0,1,1,0,0,0,0,0,795862,271,5832067,486,13,36526034,52,55807102
114175,11,1,2021,5,22,2,3,5,3,2,1,1,0,0,0,0,0,798650,7286,5827024,425,13,40174286,52,511345
114174,11,1,2021,9,8,5,3,0,1,0,1,0,0,0,0,0,1,796749,18,5826665,676,13,37348292,52,50916707
114172,11,4,2021,2,14,4,3,2,6,0,0,1,0,0,0,0,1,790702,2172,5826178,924,13,2842139,52,50805929
114168,11,7,2021,6,8,3,3,0,2,0,0,1,0,0,0,0,0,797475,5808,5817970,766,13,37640448,52,43083057
114164,11,7,2021,5,13,3,3,2,6,0,0,1,0,0,0,0,1,795930,621,5824409,67,13,35945452,52,48938306
114163,11,3,2021,8,17,2,3,6,7,0,0,1,1,0,0,0,0,799219,321,5831429,787,13,41406144,52,55052077
114159,11,3,2021,7,10,6,3,4,6,0,1,0,0,0,0,0,1,799150,678,5830803,488,13,41248793,52,54494468
114157,11,7,2021,10,16,2,3,5,2,0,1,0,0,0,1,0,0,796607,3606,5816001,707,13,36192595,52,41365089
114156,11,10,2021,11,9,2,3,5,7,0,0,1,0,0,0,0,1,808815,9415,5833167,253,13,55676734,52,56073603
114152,11,4,2021,4,8,3,3,2,6,0,0,1,0,0,0,0,0,790944,706,5829025,95,13,29026701,52,5334535
114149,11,3,2021,3,10,7,3,3,6,0,1,0,0,0,0,0,1,801055,7023,5830618,193,13,44032778,52,54223456
114148,11,1,2021,6,21,4,3,5,2,0,0,1,0,1,0,0,0,799107,8408,5827694,885,13,40906113,52,51710424
114146,11,3,2021,11,7,2,3,5,3,0,1,1,0,0,0,0,0,798165,7233,5836122,188,13,40278764,52,5931591
114145,11,3,2021,12,15,5,3,2,6,0,0,1,0,0,0,1,1,800158,5112,5835134,321,13,43122327,52,5832086
114144,11,4,2021,7,11,7,3,2,6,0,0,1,0,0,0,0,0,790873,2459,5828999,17,13,2891929,52,53325019
114143,11,12,2021,9,12,4,3,1,5,0,0,1,0,0,0,0,0,791040,7983,5841182,954,13,3023591,52,64238688
114139,11,2,2021,2,16,6,3,5,3,0,0,1,0,1,0,0,0,801652,9761,5828874,873,13,44752607,52,52627881
114136,11,12,2021,7,15,6,2,5,2,0,1,1,0,0,0,0,0,793198,9635,5836753,432,13,33023589,52,60151812
114134,11,4,2021,9,15,4,3,3,6,0,0,1,0,1,0,0,0,790641,799,5826209,112,13,28335256,52,50836213
114133,11,3,2021,10,5,1,3,1,5,2,0,1,0,0,0,0,0,798057,3136,5834039,4,13,39931837,52,57454582
114132,11,2,2021,8,7,2,3,5,2,0,0,1,0,1,0,0,1,800374,6036,5827974,722,13,4279263,52,5189163
114127,11,4,2021,7,13,6,3,2,6,0,0,1,0,0,0,0,0,790744,4558,5826301,712,13,28494176,52,50913759
114126,11,6,2021,10,18,6,3,3,6,1,0,1,0,0,0,0,1,790285,4912,5818362,906,13,2712888,52,43820903
114125,11,2,2021,12,20,6,3,1,1,2,0,1,0,0,0,1,0,802133,6631,5827900,394,13,45370483,52,5172784
114124,11,9,2021,5,8,2,3,2,6,0,0,1,0,0,0,1,0,803109,3416,5824553,864,13,46499367,52,48674254
114121,11,2,2021,1,12,4,3,5,2,0,1,1,0,0,0,0,0,802035,4804,5827025,715,13,45146841,52,50949301
114117,11,6,2021,6,16,5,3,3,6,0,0,1,0,0,0,0,0,785508,4249,5816249,101,13,19940052,52,42177124